v0,v1,v2,v3,v4,v5,v6,v7,v8,v9,v10,v11,v12,v13,v14,v15,v16,v17,v18,v19,v20,v21,v22,v23,v24,v25,v26,v27,v28,v29,v30,v31,v32,v33,v34,v35,v36,v37,v38,v39,v40,v41,v42,v43,v44,v45,v46,v47,v48,v49,v50,v51,v52,v53,v54,v55,v56,v57,v58,v59,v60,v61,v62,label
0.5085516571998596,0.5253817439079285,-1.0483572623343207e-06,0.40027979016304016,0.48501136898994446,-0.02644752338528633,0.3203743100166321,0.37708091735839844,-0.03774472326040268,0.28746315836906433,0.28412961959838867,-0.052028071135282516,0.2455226629972458,0.22342047095298767,-0.061965636909008026,0.36183127760887146,0.2788352370262146,0.0009916352573782206,0.33969342708587646,0.2219620943069458,-0.05310353264212608,0.35893410444259644,0.30346789956092834,-0.08762123435735703,0.37875980138778687,0.3749743700027466,-0.10098689049482346,0.432929128408432,0.27259019017219543,-0.006577193737030029,0.40613624453544617,0.21408963203430176,-0.06485549360513687,0.42021024227142334,0.316887229681015,-0.08266784250736237,0.4340348243713379,0.39504024386405945,-0.07818330079317093,0.5048732161521912,0.28164127469062805,-0.022493094205856323,0.4761756956577301,0.23321326076984406,-0.08328649401664734,0.4777449369430542,0.3384245038032532,-0.07536967843770981,0.4814702868461609,0.4116218686103821,-0.051320742815732956,0.5759040117263794,0.30295100808143616,-0.04055365175008774,0.541004478931427,0.2635478973388672,-0.08431221544742584,0.5278173089027405,0.34123775362968445,-0.0744907557964325,0.5267339944839478,0.39879992604255676,-0.05392589792609215,A
0.6360960006713867,0.6325193643569946,-1.5667015986764454e-06,0.4686484932899475,0.6042587161064148,-0.0567394457757473,0.32047849893569946,0.4655541777610779,-0.08174752444028854,0.2536061406135559,0.33187639713287354,-0.10619502514600754,0.19456267356872559,0.23437480628490448,-0.120097815990448,0.35690832138061523,0.2926298677921295,-0.024084128439426422,0.3130958676338196,0.21321651339530945,-0.10774694383144379,0.36831796169281006,0.34145587682724,-0.1543705314397812,0.4183483123779297,0.4488309323787689,-0.17094586789608002,0.46605807542800903,0.271732360124588,-0.02934110350906849,0.41685283184051514,0.1881895810365677,-0.12175475060939789,0.4675042927265167,0.3457852602005005,-0.1470506191253662,0.5063357949256897,0.46009111404418945,-0.13916505873203278,0.5780468583106995,0.27344802021980286,-0.047254569828510284,0.5335993766784668,0.20448055863380432,-0.1433185487985611,0.5625044107437134,0.36646246910095215,-0.12782099843025208,0.5810728073120117,0.47569185495376587,-0.0892101302742958,0.6901490092277527,0.29320111870765686,-0.06989987939596176,0.6407845616340637,0.24228374660015106,-0.141971156001091,0.6357349157333374,0.3634802997112274,-0.12817689776420593,0.6394526362419128,0.45087262988090515,-0.09740054607391357,A
0.5609330534934998,0.5820992588996887,-1.5901981669230736e-06,0.38502100110054016,0.5442554950714111,-0.057318881154060364,0.2334870845079422,0.4017799496650696,-0.08475381880998611,0.1554689109325409,0.2673758864402771,-0.11480876058340073,0.09229642152786255,0.1712580770254135,-0.13552458584308624,0.2895931899547577,0.23404763638973236,-0.01203976571559906,0.2233538031578064,0.14254790544509888,-0.10907548666000366,0.2655407786369324,0.27283647656440735,-0.16856594383716583,0.3195840120315552,0.38181430101394653,-0.1920800805091858,0.39788639545440674,0.21151171624660492,-0.018716759979724884,0.3277814984321594,0.11694803088903427,-0.12650138139724731,0.37257277965545654,0.2820136249065399,-0.1603618562221527,0.41827037930488586,0.40128928422927856,-0.15494944155216217,0.5087664127349854,0.20858654379844666,-0.040677089244127274,0.4416712522506714,0.13728481531143188,-0.1478881686925888,0.46872544288635254,0.3060728907585144,-0.13855163753032684,0.49855029582977295,0.4154137372970581,-0.10055592656135559,0.6203480958938599,0.22413229942321777,-0.0681629478931427,0.5480096936225891,0.17156176269054413,-0.1442260593175888,0.5435620546340942,0.29453665018081665,-0.1358615756034851,0.5601649880409241,0.38066011667251587,-0.10786905139684677,A
0.5521880388259888,0.6619086861610413,-6.619014243369747e-07,0.46751952171325684,0.6318225860595703,-0.03113710880279541,0.40836143493652344,0.5386348962783813,-0.040183477103710175,0.3862049877643585,0.45760467648506165,-0.047912806272506714,0.3564916253089905,0.40767619013786316,-0.05027797073125839,0.44479262828826904,0.4679182767868042,-0.004802680108696222,0.4448542296886444,0.41450193524360657,-0.04691627621650696,0.45815908908843994,0.48258888721466064,-0.07024317234754562,0.46731871366500854,0.536912739276886,-0.07786866277456284,0.5022878646850586,0.4679843783378601,-0.005525830667465925,0.5024357438087463,0.4103949964046478,-0.05096718668937683,0.5068302750587463,0.4948474168777466,-0.0612761564552784,0.5096388459205627,0.5513107776641846,-0.05408354103565216,0.5569798946380615,0.48094359040260315,-0.013696802780032158,0.5590421557426453,0.4343743920326233,-0.06333859264850616,0.5501101016998291,0.5167835354804993,-0.052182212471961975,0.5416409373283386,0.5693128108978271,-0.028552014380693436,0.6098398566246033,0.5011554956436157,-0.024081386625766754,0.6044812798500061,0.46529874205589294,-0.05920795351266861,0.589015007019043,0.5265538692474365,-0.04752655699849129,0.5792253613471985,0.5678083896636963,-0.02763817086815834,A
0.504851758480072,0.5808300375938416,-5.025523250878905e-07,0.4262932538986206,0.5509658455848694,-0.029624780640006065,0.3676067590713501,0.4799080193042755,-0.04808156192302704,0.3387342691421509,0.41331422328948975,-0.06770727038383484,0.3113550543785095,0.36568328738212585,-0.08238387852907181,0.4012536406517029,0.3977154493331909,-0.023415103554725647,0.3857114315032959,0.3464387357234955,-0.06802097707986832,0.39987730979919434,0.4108571410179138,-0.09006747603416443,0.41451364755630493,0.4650040566921234,-0.09412156045436859,0.45453405380249023,0.3925824761390686,-0.026027074083685875,0.4413994252681732,0.3407864272594452,-0.07639072835445404,0.45311740040779114,0.4213395416736603,-0.09091357886791229,0.4596230089664459,0.4797053039073944,-0.08647794276475906,0.509619951248169,0.3972752094268799,-0.034547921270132065,0.5018215775489807,0.357933908700943,-0.08385132998228073,0.5066912174224854,0.43694865703582764,-0.08374189585447311,0.5057512521743774,0.4930976927280426,-0.06707258522510529,0.5644416213035583,0.4080285131931305,-0.04505334049463272,0.5724136233329773,0.3507252037525177,-0.07128547132015228,0.5801206827163696,0.3579769730567932,-0.0666082575917244,0.5801887512207031,0.36073899269104004,-0.054142776876688004,A
0.6709132790565491,0.8696497678756714,-6.826771254964115e-07,0.5840172171592712,0.8351204991340637,-0.03152048587799072,0.5289574861526489,0.7367523312568665,-0.04199036955833435,0.5061805844306946,0.6523148417472839,-0.05185680463910103,0.47109079360961914,0.5981667041778564,-0.05591299757361412,0.5703015327453613,0.6540449857711792,-0.003036313457414508,0.565776526927948,0.6046469211578369,-0.045009396970272064,0.5768322348594666,0.6785565614700317,-0.07017551362514496,0.5857572555541992,0.7398464679718018,-0.07834707945585251,0.628821074962616,0.6538820862770081,-0.0022499554324895144,0.6231295466423035,0.6141446828842163,-0.0450662299990654,0.6261919736862183,0.6983616948127747,-0.05691417679190636,0.6297585964202881,0.7591436505317688,-0.05143319442868233,0.6856160759925842,0.6715207099914551,-0.009083841927349567,0.6813730001449585,0.6395581364631653,-0.05596696212887764,0.672227680683136,0.7201608419418335,-0.04734412953257561,0.6693902611732483,0.7785379886627197,-0.025864409282803535,0.7404272556304932,0.6971287727355957,-0.018162978813052177,0.7321680784225464,0.6646949052810669,-0.05242156609892845,0.7132998108863831,0.7241517305374146,-0.042604174464941025,0.7049650549888611,0.7711677551269531,-0.023500856012105942,A
0.6500976085662842,0.6573190093040466,-4.876378625340294e-07,0.5628783702850342,0.6350438594818115,-0.0322825163602829,0.49546462297439575,0.5588517785072327,-0.04475323483347893,0.46269938349723816,0.48565801978111267,-0.055371541529893875,0.4328053593635559,0.43515652418136597,-0.06050452962517738,0.5269107818603516,0.4673125743865967,-0.006893475074321032,0.5143997669219971,0.4220466613769531,-0.04538833349943161,0.5355708599090576,0.4874761700630188,-0.06919057667255402,0.5512408018112183,0.5418309569358826,-0.07764696329832077,0.5855275392532349,0.4584393799304962,-0.004979105666279793,0.5732278823852539,0.41385698318481445,-0.04567262902855873,0.5879548192024231,0.49255722761154175,-0.05953796207904816,0.5969958901405334,0.5506264567375183,-0.056151095777750015,0.6433746218681335,0.4652596712112427,-0.00956775899976492,0.6321384310722351,0.43434837460517883,-0.053817469626665115,0.6356741189956665,0.5142055749893188,-0.04863507300615311,0.6371758580207825,0.5682312846183777,-0.030597636476159096,0.7001458406448364,0.48305249214172363,-0.016403350979089737,0.6859432458877563,0.4538116455078125,-0.05212779715657234,0.6761894226074219,0.5142064690589905,-0.0456877164542675,0.6723366379737854,0.558194637298584,-0.028997216373682022,A
0.5824323892593384,0.6032116413116455,-8.845589718475821e-07,0.477963924407959,0.5687543153762817,-0.030043283477425575,0.40068119764328003,0.4789581298828125,-0.04385346919298172,0.3650829493999481,0.3938101530075073,-0.059065740555524826,0.3292410373687744,0.3385806083679199,-0.0685429722070694,0.4297415018081665,0.3936128318309784,-0.004749669227749109,0.41735976934432983,0.3346824645996094,-0.05267184600234032,0.4475768804550171,0.4066665470600128,-0.08211646229028702,0.4717235565185547,0.47145876288414,-0.09401483088731766,0.49573180079460144,0.38364800810813904,-0.008226540870964527,0.4789908826351166,0.3227526843547821,-0.0602133609354496,0.5041921734809875,0.41584765911102295,-0.07625656574964523,0.5194486379623413,0.4842723608016968,-0.07421758770942688,0.5603241324424744,0.38696277141571045,-0.01944991946220398,0.5447247624397278,0.3436996042728424,-0.07034096121788025,0.5529815554618835,0.43551772832870483,-0.06225692480802536,0.5557078123092651,0.4981531798839569,-0.042398422956466675,0.6226718425750732,0.40028896927833557,-0.033913079649209976,0.6006240844726562,0.3725531995296478,-0.06715194880962372,0.5911629796028137,0.4372660517692566,-0.058732133358716965,0.5870082378387451,0.48503077030181885,-0.043359190225601196,A
0.5438703894615173,0.6207689046859741,-1.12997747692134e-06,0.4251185953617096,0.5850206613540649,-0.0359870046377182,0.33446741104125977,0.4796178340911865,-0.05227794125676155,0.289916068315506,0.37996160984039307,-0.07029959559440613,0.24728387594223022,0.31460896134376526,-0.08246728032827377,0.3641546070575714,0.37856757640838623,-0.0006566076772287488,0.347586452960968,0.31925320625305176,-0.05698380246758461,0.3744375705718994,0.40212032198905945,-0.0930173471570015,0.40345537662506104,0.47493958473205566,-0.10867176204919815,0.4421582520008087,0.3668157458305359,-0.0043717785738408566,0.4188450872898102,0.3030009865760803,-0.06432820856571198,0.4394178092479706,0.41220590472221375,-0.08359096199274063,0.459658145904541,0.48902854323387146,-0.08195865899324417,0.5179566144943237,0.3701894283294678,-0.01762750744819641,0.4932713508605957,0.31739652156829834,-0.07977801561355591,0.49635520577430725,0.4291875958442688,-0.06974055618047714,0.5024263858795166,0.5013343691825867,-0.04542415216565132,0.5917303562164307,0.38638031482696533,-0.03430887684226036,0.554750382900238,0.3483438193798065,-0.07400764524936676,0.5428006052970886,0.42697539925575256,-0.06221594661474228,0.5438897013664246,0.4810510277748108,-0.04266047477722168,A
0.31562596559524536,0.5094362497329712,-9.406581966686645e-07,0.21465501189231873,0.4602205157279968,-0.022070934996008873,0.1387307196855545,0.36947688460350037,-0.03739616274833679,0.09715424478054047,0.2915375530719757,-0.057244300842285156,0.057274460792541504,0.23692406713962555,-0.07366236299276352,0.18390005826950073,0.28078120946884155,0.000296931219054386,0.155752032995224,0.2306426614522934,-0.0560925230383873,0.1678122580051422,0.3037946820259094,-0.0919901430606842,0.1876087188720703,0.3699198365211487,-0.1056990921497345,0.24873170256614685,0.2784757614135742,-0.0091490363702178,0.21593081951141357,0.2213924676179886,-0.07103805989027023,0.22720123827457428,0.3154231011867523,-0.09105070680379868,0.2443121373653412,0.38849228620529175,-0.08783869445323944,0.3170797526836395,0.285889595746994,-0.026318183168768883,0.2813451886177063,0.24118684232234955,-0.08549144119024277,0.2812054455280304,0.3394024670124054,-0.07809235900640488,0.28791141510009766,0.406596302986145,-0.054998304694890976,0.38670146465301514,0.30384841561317444,-0.04562460631132126,0.340583860874176,0.2638475298881531,-0.08256345242261887,0.32717782258987427,0.33485546708106995,-0.0718633159995079,0.3298472762107849,0.3862820267677307,-0.05233687907457352,A
0.5381044745445251,0.4733498692512512,-6.894960051795351e-07,0.4392232894897461,0.43184804916381836,-0.030980346724390984,0.3648490309715271,0.3431750535964966,-0.04697752371430397,0.3274655342102051,0.25856372714042664,-0.06365484744310379,0.2902878522872925,0.20276877284049988,-0.07433967292308807,0.3944035768508911,0.2581878900527954,-0.011417878791689873,0.38170623779296875,0.1981288194656372,-0.061152998358011246,0.40403133630752563,0.27452194690704346,-0.089068703353405,0.42387616634368896,0.33919602632522583,-0.09963560849428177,0.4604491889476776,0.24922823905944824,-0.01615234650671482,0.4471611976623535,0.18214665353298187,-0.07453262805938721,0.46415477991104126,0.2800770103931427,-0.09231012314558029,0.4767526388168335,0.35077813267707825,-0.09019317477941513,0.5275698304176331,0.2547759413719177,-0.02777012623846531,0.5153889060020447,0.19951055943965912,-0.08403301984071732,0.5166433453559875,0.29871922731399536,-0.0726870745420456,0.5157989263534546,0.3644891381263733,-0.04962822422385216,0.5921041369438171,0.27213072776794434,-0.042429450899362564,0.5728722810745239,0.2336379885673523,-0.08241920173168182,0.5608797669410706,0.3063432574272156,-0.07205253839492798,0.5555112361907959,0.3553641736507416,-0.05351303890347481,A
0.562519371509552,0.6572181582450867,-1.2328616776358103e-06,0.42108961939811707,0.6084088087081909,-0.03699202463030815,0.3142607808113098,0.48700639605522156,-0.05265287309885025,0.2633739113807678,0.3773421049118042,-0.07032524049282074,0.21438169479370117,0.3006749451160431,-0.0802169218659401,0.35667645931243896,0.352988600730896,0.0010422804625704885,0.31717896461486816,0.2972831130027771,-0.0631561428308487,0.3542449474334717,0.39461803436279297,-0.1023748591542244,0.38845884799957275,0.47702670097351074,-0.11794951558113098,0.4405083954334259,0.3378334045410156,-0.005730399861931801,0.39875781536102295,0.28356629610061646,-0.07808803021907806,0.4304489195346832,0.4118434190750122,-0.10027937591075897,0.4569949507713318,0.498573899269104,-0.09605701267719269,0.5262306332588196,0.3435720205307007,-0.022736355662345886,0.4847399592399597,0.29619792103767395,-0.09480302035808563,0.4980013370513916,0.4258212447166443,-0.08257097005844116,0.5108523368835449,0.5077427625656128,-0.05320445075631142,0.6108303070068359,0.36687350273132324,-0.043630145490169525,0.5648830533027649,0.3372654318809509,-0.09415049105882645,0.5537980198860168,0.4290753901004791,-0.08272719383239746,0.5579825639724731,0.4886067509651184,-0.05918169394135475,A
0.5405771732330322,0.6140673756599426,-1.137781623583578e-06,0.4107997417449951,0.5732080936431885,-0.03588663041591644,0.3112640976905823,0.46893858909606934,-0.05236710235476494,0.2643371820449829,0.36791715025901794,-0.0701112300157547,0.22000329196453094,0.2975374758243561,-0.08043164014816284,0.3431210517883301,0.35192596912384033,-0.004623319022357464,0.315418541431427,0.2972489297389984,-0.06179746985435486,0.35438457131385803,0.3847411572933197,-0.09432344138622284,0.38717371225357056,0.4631269574165344,-0.10632263869047165,0.4223557114601135,0.33444327116012573,-0.01021305751055479,0.3902927041053772,0.27736806869506836,-0.0754849761724472,0.4228094220161438,0.39261263608932495,-0.09472793340682983,0.4466094374656677,0.47541213035583496,-0.09048467129468918,0.5028923153877258,0.33538877964019775,-0.0247417613863945,0.470192551612854,0.29007837176322937,-0.08965444564819336,0.4856583774089813,0.40639829635620117,-0.07752023637294769,0.49698495864868164,0.4831719398498535,-0.050567738711833954,0.5832415223121643,0.35259220004081726,-0.04286351054906845,0.545345664024353,0.32261139154434204,-0.08786617964506149,0.536350429058075,0.4065413475036621,-0.07582443207502365,0.5377038717269897,0.463716983795166,-0.05375995486974716,A
0.5419310927391052,0.611077606678009,-9.084800467462628e-07,0.43574756383895874,0.5719324946403503,-0.031777746975421906,0.35858142375946045,0.48501792550086975,-0.046574559062719345,0.32471856474876404,0.3970626890659332,-0.06263405084609985,0.29880785942077637,0.3319859206676483,-0.07203683257102966,0.3903067111968994,0.38939571380615234,-0.0031732656061649323,0.3745197653770447,0.3289259076118469,-0.04931950569152832,0.40001094341278076,0.4012760818004608,-0.07528240233659744,0.4212493300437927,0.46810996532440186,-0.08456000685691833,0.4580051600933075,0.3805268108844757,-0.007072207517921925,0.44195443391799927,0.322144091129303,-0.05961772799491882,0.46093419194221497,0.4173835217952728,-0.07600051909685135,0.47343310713768005,0.48696351051330566,-0.07341774553060532,0.524015486240387,0.38591617345809937,-0.018659034743905067,0.5074459910392761,0.3391532599925995,-0.07138678431510925,0.5122526288032532,0.43487751483917236,-0.061848800629377365,0.5150408148765564,0.49961814284324646,-0.040246836841106415,0.5894305109977722,0.4047711491584778,-0.03340988606214523,0.5653470754623413,0.3699524998664856,-0.06985291093587875,0.5548651218414307,0.4378841817378998,-0.05949665978550911,0.5522957444190979,0.4873642921447754,-0.04122639819979668,A
0.5778223872184753,0.5912923812866211,-6.539670494021266e-07,0.4907754957675934,0.56279057264328,-0.03494333475828171,0.4259718358516693,0.49264806509017944,-0.05150165781378746,0.3963467478752136,0.4175786077976227,-0.06721826642751694,0.36748605966567993,0.36477524042129517,-0.0765404999256134,0.4481557011604309,0.4163443148136139,-0.01160977128893137,0.4411706030368805,0.36680886149406433,-0.05101250857114792,0.4683535099029541,0.42841657996177673,-0.07230575382709503,0.488012433052063,0.4817090630531311,-0.07986323535442352,0.504298210144043,0.40836209058761597,-0.010698297061026096,0.4979051649570465,0.3611602783203125,-0.05421588942408562,0.5192304849624634,0.43873098492622375,-0.06726741045713425,0.5294110178947449,0.4942286014556885,-0.06545840203762054,0.5573590993881226,0.4117787480354309,-0.016744818538427353,0.5526235103607178,0.375053346157074,-0.06173747777938843,0.559308648109436,0.45151486992836,-0.054417144507169724,0.5593377947807312,0.5053291916847229,-0.03668626770377159,0.607746422290802,0.4242284893989563,-0.026056062430143356,0.5986001491546631,0.39965853095054626,-0.057195719331502914,0.5921666622161865,0.45311468839645386,-0.050054389983415604,0.5864759683609009,0.49393734335899353,-0.035987719893455505,A
0.5806810855865479,0.5743955373764038,-1.2826674264942994e-06,0.4024193584918976,0.5565743446350098,-0.048696018755435944,0.24956709146499634,0.4088074564933777,-0.05751171335577965,0.1784440279006958,0.27439337968826294,-0.06548375636339188,0.11439591646194458,0.18486416339874268,-0.061752643436193466,0.2793434262275696,0.2596568465232849,0.004694529343396425,0.2295016348361969,0.19131159782409668,-0.07728350162506104,0.28788161277770996,0.30719849467277527,-0.12232758104801178,0.34076571464538574,0.3980801999568939,-0.1370975524187088,0.3832666277885437,0.22685378789901733,0.0009431187645532191,0.32826852798461914,0.15914298593997955,-0.09428440034389496,0.38571739196777344,0.3067171275615692,-0.11979898810386658,0.43528780341148376,0.4029088616371155,-0.10961156338453293,0.4910327196121216,0.21920011937618256,-0.01697799190878868,0.4393322467803955,0.16000181436538696,-0.11141295731067657,0.4747210144996643,0.31610342860221863,-0.09346628934144974,0.5066676735877991,0.4139048457145691,-0.05194477736949921,0.6047037839889526,0.2275281846523285,-0.039420004934072495,0.5424445867538452,0.18858614563941956,-0.10782652348279953,0.5473608374595642,0.30494096875190735,-0.09405884891748428,0.5661561489105225,0.3747379779815674,-0.06231021136045456,A
0.5677197575569153,0.6146566867828369,-1.543990038044285e-06,0.3918844759464264,0.5787187814712524,-0.0535893477499485,0.23985271155834198,0.4409603476524353,-0.07865935564041138,0.167728453874588,0.30981647968292236,-0.10625883936882019,0.10287418961524963,0.2129092961549759,-0.12435565143823624,0.28870952129364014,0.2747812569141388,-0.010911327786743641,0.22336533665657043,0.19173672795295715,-0.10207270830869675,0.2695629596710205,0.31669580936431885,-0.15770624577999115,0.32239988446235657,0.4183034896850586,-0.1798766553401947,0.39280369877815247,0.2504251301288605,-0.019001971930265427,0.32249119877815247,0.16221341490745544,-0.12189774960279465,0.3705097436904907,0.31683212518692017,-0.15506894886493683,0.41692763566970825,0.4282965064048767,-0.1507970243692398,0.501288890838623,0.24675574898719788,-0.0412205345928669,0.43402671813964844,0.17306049168109894,-0.14347264170646667,0.465621680021286,0.33369314670562744,-0.13304764032363892,0.4957295358181,0.43849977850914,-0.09588785469532013,0.613286018371582,0.26042452454566956,-0.06824889034032822,0.5434039831161499,0.20297649502754211,-0.1405641734600067,0.5440252423286438,0.31982460618019104,-0.12946568429470062,0.5603839755058289,0.4009400010108948,-0.10012304782867432,A
0.5524142384529114,0.6345348954200745,-5.789123065369495e-07,0.4751136302947998,0.6090109944343567,-0.030613956972956657,0.4167425036430359,0.5489994883537292,-0.047575682401657104,0.3883032202720642,0.4853385090827942,-0.06499531120061874,0.36411383748054504,0.43870025873184204,-0.07790490239858627,0.44234269857406616,0.47166773676872253,-0.006307458505034447,0.4371064007282257,0.4360375702381134,-0.04291665926575661,0.4572424590587616,0.48725414276123047,-0.06818654388189316,0.4741969704627991,0.5345770716667175,-0.0797153115272522,0.4918515384197235,0.46404463052749634,-0.005950164515525103,0.48578694462776184,0.4326680600643158,-0.043583907186985016,0.5036062598228455,0.4980321526527405,-0.05933795124292374,0.5140004754066467,0.5483510494232178,-0.06177711859345436,0.5394716262817383,0.46717384457588196,-0.012253652326762676,0.5327061414718628,0.4420955181121826,-0.05139442905783653,0.5393200516700745,0.5082381963729858,-0.04985452815890312,0.5415628552436829,0.5578339695930481,-0.038060564547777176,0.5857428908348083,0.47942349314689636,-0.021561088040471077,0.5734937191009521,0.4642038643360138,-0.047932785004377365,0.5685829520225525,0.510024905204773,-0.0440153144299984,0.5655893087387085,0.5474237203598022,-0.03371328115463257,A
0.5626628398895264,0.6166114807128906,-5.177498678676784e-07,0.49186283349990845,0.598874568939209,-0.028339166194200516,0.43502599000930786,0.5419469475746155,-0.041643138974905014,0.40820348262786865,0.479172021150589,-0.054554928094148636,0.38316208124160767,0.4372797906398773,-0.06300832331180573,0.4551352560520172,0.4740058481693268,-0.0076613519340753555,0.44936037063598633,0.4358211159706116,-0.04169095680117607,0.47154542803764343,0.48085957765579224,-0.06248258426785469,0.49029067158699036,0.5222774744033813,-0.0708889588713646,0.5000559687614441,0.46662837266921997,-0.007117429748177528,0.4969629645347595,0.43270236253738403,-0.044234227389097214,0.515210747718811,0.49477332830429077,-0.05681275948882103,0.5257245302200317,0.5412715673446655,-0.05610145255923271,0.543376624584198,0.46846139430999756,-0.012535209767520428,0.5423907041549683,0.44151732325553894,-0.052159424871206284,0.5491135716438293,0.5047317743301392,-0.04791535437107086,0.5517257452011108,0.5503793358802795,-0.033420588821172714,0.5856935977935791,0.47831472754478455,-0.020372403785586357,0.5796037912368774,0.46041274070739746,-0.04878643527626991,0.5765889883041382,0.507108211517334,-0.04393034800887108,0.5754578709602356,0.5429932475090027,-0.032014910131692886,A
0.6359055042266846,0.7453904151916504,-8.545384275748802e-07,0.5377327799797058,0.7016240954399109,-0.026260945945978165,0.4729965925216675,0.6046426892280579,-0.03708183392882347,0.44726425409317017,0.5160458087921143,-0.04966333881020546,0.40987855195999146,0.4617238938808441,-0.05730193853378296,0.5136464238166809,0.5250704884529114,-0.003744967747479677,0.5109149813652039,0.46312984824180603,-0.046854738146066666,0.5263844728469849,0.5343036651611328,-0.07036250829696655,0.5397249460220337,0.5947121381759644,-0.07810159027576447,0.576627790927887,0.5243260860443115,-0.008543620817363262,0.5733232498168945,0.45773133635520935,-0.05803601071238518,0.5813633799552917,0.5484001040458679,-0.07056280225515366,0.5868085622787476,0.6139215230941772,-0.06510335206985474,0.6381728053092957,0.5347721576690674,-0.02019548788666725,0.6316999197006226,0.48187220096588135,-0.0712011307477951,0.6275016069412231,0.5728809237480164,-0.06120230257511139,0.6240925788879395,0.6334085464477539,-0.039028313010931015,0.6975908279418945,0.5553699731826782,-0.03399290889501572,0.6847424507141113,0.5118183493614197,-0.06876426190137863,0.6709815263748169,0.5773122906684875,-0.05794001370668411,0.6637454032897949,0.6242727637290955,-0.039758265018463135,A
0.4506300687789917,0.7473475933074951,-1.002132421490387e-06,0.34574460983276367,0.6980866193771362,-0.025969095528125763,0.2731892466545105,0.6003947257995605,-0.04153002053499222,0.235794335603714,0.5165880918502808,-0.06080295890569687,0.1947694718837738,0.46186280250549316,-0.07587261497974396,0.32993194460868835,0.512859046459198,0.0006195147871039808,0.2950919568538666,0.4671366810798645,-0.05595966801047325,0.30707651376724243,0.544059693813324,-0.09114310145378113,0.32845214009284973,0.6060482263565063,-0.10532607138156891,0.3944109082221985,0.5097510814666748,-0.006947649177163839,0.35695451498031616,0.46220165491104126,-0.0670047178864479,0.3651081919670105,0.5614970326423645,-0.08254019916057587,0.384602427482605,0.6245215535163879,-0.07722308486700058,0.461463063955307,0.5182663202285767,-0.023229215294122696,0.4216808080673218,0.4825115203857422,-0.08286172896623611,0.4182332456111908,0.5826882123947144,-0.07213959842920303,0.4294740855693817,0.6410022377967834,-0.04737089201807976,0.5285922288894653,0.5394854545593262,-0.042149364948272705,0.481792151927948,0.5103691816329956,-0.0783592015504837,0.46401628851890564,0.5825650691986084,-0.06657378375530243,0.47017741203308105,0.6276921033859253,-0.04683378338813782,A
0.5183478593826294,0.5843639969825745,-1.165253024737467e-06,0.36232316493988037,0.5278087854385376,-0.04374555125832558,0.2532101273536682,0.39502787590026855,-0.06190602108836174,0.20804008841514587,0.26867178082466125,-0.08238241076469421,0.16520246863365173,0.1812441051006317,-0.0949130579829216,0.3066590130329132,0.2723187804222107,-0.0037334696389734745,0.27780166268348694,0.1854380965232849,-0.0764891728758812,0.3122248649597168,0.2900474965572357,-0.12215205281972885,0.34363773465156555,0.3801681399345398,-0.1408061683177948,0.40300804376602173,0.26265254616737366,-0.009088034741580486,0.3741183876991272,0.18193957209587097,-0.08718176931142807,0.40039852261543274,0.31168031692504883,-0.11395306885242462,0.418637752532959,0.4058154821395874,-0.11329822242259979,0.4965757429599762,0.2698580324649811,-0.02616390772163868,0.46696528792381287,0.19864659011363983,-0.10286330431699753,0.46871450543403625,0.33399277925491333,-0.09126516431570053,0.47024667263031006,0.42640167474746704,-0.06180918216705322,0.5888717174530029,0.2925173044204712,-0.04789721220731735,0.5507178902626038,0.2433547079563141,-0.10209935158491135,0.5333390831947327,0.33901551365852356,-0.0907226949930191,0.5291604995727539,0.40880757570266724,-0.06687436997890472,A
0.5428292155265808,0.621788501739502,-1.1022601711374591e-06,0.4027738571166992,0.5689520835876465,-0.04282417893409729,0.3038543462753296,0.4477514922618866,-0.05960102751851082,0.26117146015167236,0.335237592458725,-0.07753939926624298,0.22365012764930725,0.25330740213394165,-0.08751664310693741,0.3450550138950348,0.33693891763687134,-0.00806251261383295,0.32368507981300354,0.2587012052536011,-0.07112664729356766,0.35883790254592896,0.35278353095054626,-0.10589203983545303,0.38728445768356323,0.43530917167663574,-0.11816911399364471,0.4351053833961487,0.3271035850048065,-0.010566651821136475,0.4128672480583191,0.24994951486587524,-0.08298622816801071,0.43813610076904297,0.37278062105178833,-0.10493415594100952,0.4532046318054199,0.4597058594226837,-0.10154815763235092,0.5221423506736755,0.33382952213287354,-0.023071110248565674,0.49740391969680786,0.2701880931854248,-0.09437233954668045,0.49975404143333435,0.3976700007915497,-0.08108595758676529,0.4990607500076294,0.4799288511276245,-0.05153847858309746,0.6055104732513428,0.3556095361709595,-0.03963503986597061,0.5720311403274536,0.31206345558166504,-0.08832182735204697,0.556973397731781,0.40134742856025696,-0.07564661651849747,0.5517699122428894,0.46255940198898315,-0.05239397659897804,A
0.6797195672988892,0.6546812057495117,-1.509018716205901e-06,0.5187583565711975,0.6195381879806519,-0.05781962350010872,0.3621874451637268,0.4975128769874573,-0.0925574079155922,0.28599849343299866,0.3740144371986389,-0.1278197467327118,0.24711763858795166,0.26825112104415894,-0.15206174552440643,0.40836429595947266,0.3278128504753113,-0.03770516440272331,0.35641974210739136,0.22448261082172394,-0.13009501993656158,0.40109989047050476,0.3438461422920227,-0.1799481213092804,0.451747328042984,0.4450904428958893,-0.19804055988788605,0.5063062310218811,0.3077479898929596,-0.04443079233169556,0.44308581948280334,0.18305006623268127,-0.15012042224407196,0.487883597612381,0.33880841732025146,-0.17832300066947937,0.531962513923645,0.45127013325691223,-0.17015425860881805,0.610855221748352,0.30154743790626526,-0.06368967145681381,0.5540502667427063,0.19679312407970428,-0.16810499131679535,0.5808080434799194,0.3595597445964813,-0.1530127227306366,0.6068751811981201,0.46553370356559753,-0.11271213740110397,0.7209555506706238,0.31161174178123474,-0.08753689378499985,0.6612793207168579,0.23027178645133972,-0.16288219392299652,0.6591286659240723,0.3499292731285095,-0.1500329226255417,0.6716843843460083,0.4355320930480957,-0.11987355351448059,A
0.5140833854675293,0.6377084255218506,-8.579306154388178e-07,0.40618810057640076,0.5944961309432983,-0.023931186646223068,0.33196884393692017,0.5033403038978577,-0.03300387039780617,0.30337458848953247,0.4053739011287689,-0.042512133717536926,0.26694703102111816,0.35398486256599426,-0.045348137617111206,0.3685254156589508,0.4189874231815338,-0.00202091783285141,0.3686153292655945,0.3562565743923187,-0.041892390698194504,0.3880952000617981,0.43224072456359863,-0.06270214915275574,0.4012015759944916,0.49322453141212463,-0.07054229080677032,0.43694302439689636,0.4149596095085144,-0.006689532659947872,0.4344691336154938,0.3484378457069397,-0.057238925248384476,0.4441104233264923,0.44899025559425354,-0.07123886048793793,0.4482228755950928,0.5117712616920471,-0.06844386458396912,0.5016960501670837,0.4242754280567169,-0.016571005806326866,0.49915969371795654,0.37498489022254944,-0.06744284182786942,0.49289464950561523,0.4713744521141052,-0.05096031352877617,0.4856398105621338,0.5296623706817627,-0.025800568982958794,0.5641618371009827,0.44600769877433777,-0.0284283347427845,0.5558797717094421,0.40542420744895935,-0.06240357458591461,0.5412605404853821,0.47609826922416687,-0.04578915238380432,0.5300906300544739,0.5189630389213562,-0.024130085483193398,A
0.5503013730049133,0.6870499849319458,-6.647719601460267e-07,0.4562409222126007,0.645727813243866,-0.03861718997359276,0.3894892930984497,0.546779990196228,-0.05591391772031784,0.3674038052558899,0.4530528485774994,-0.0713135376572609,0.3348284363746643,0.39422452449798584,-0.08035510778427124,0.4290699064731598,0.4537518322467804,-0.017414206638932228,0.4346540570259094,0.4020273685455322,-0.06648734211921692,0.4465905725955963,0.4811423718929291,-0.09349185228347778,0.4546407163143158,0.5421441197395325,-0.10345405340194702,0.49718236923217773,0.4529762864112854,-0.018081404268741608,0.5031052827835083,0.39978307485580444,-0.07150327414274216,0.5049798488616943,0.49942833185195923,-0.08475171774625778,0.5056440830230713,0.5635358691215515,-0.07940052449703217,0.5627691149711609,0.4685075283050537,-0.02639877237379551,0.5667535662651062,0.42632752656936646,-0.08349663019180298,0.55223149061203,0.5232462882995605,-0.0713023915886879,0.5387512445449829,0.5834022164344788,-0.046208735555410385,0.6242132782936096,0.4952518045902252,-0.03762001916766167,0.6192229986190796,0.46204671263694763,-0.07833169400691986,0.5964387655258179,0.5322777628898621,-0.0663486048579216,0.5815813541412354,0.5777636170387268,-0.04528702422976494,A
0.7864856123924255,0.6259061098098755,-7.077022701196256e-07,0.6905379295349121,0.599859893321991,-0.022364048287272453,0.6123482584953308,0.5170890092849731,-0.029064031317830086,0.5733705163002014,0.44156065583229065,-0.038661304861307144,0.5299750566482544,0.3991338610649109,-0.0443393848836422,0.6366304755210876,0.43394383788108826,0.014062597416341305,0.6183758974075317,0.3791775703430176,-0.028671355918049812,0.6433485150337219,0.44276678562164307,-0.05723285675048828,0.6678905487060547,0.49967676401138306,-0.06804657727479935,0.6974162459373474,0.421811044216156,0.009424140676856041,0.6784921884536743,0.3655267059803009,-0.03554151952266693,0.699463963508606,0.4464568495750427,-0.05147838965058327,0.7168622612953186,0.5078750848770142,-0.04834370315074921,0.7604736089706421,0.42244288325309753,-0.0029939622618258,0.7436640858650208,0.3768630027770996,-0.052110932767391205,0.7520456314086914,0.4636690616607666,-0.04723203554749489,0.7577165365219116,0.5252934694290161,-0.027458731085062027,0.8244954347610474,0.4333838224411011,-0.017252905294299126,0.8000978231430054,0.3971412479877472,-0.0523916631937027,0.7941858172416687,0.4601123631000519,-0.044780414551496506,0.7943249344825745,0.5079514980316162,-0.027596183121204376,A
0.6881802082061768,0.58208167552948,-8.193666189981741e-07,0.5870699882507324,0.5540787577629089,-0.02302936278283596,0.5064494013786316,0.47361427545547485,-0.03243153542280197,0.4632095694541931,0.3952670693397522,-0.04451722651720047,0.4219876825809479,0.34878969192504883,-0.05184523016214371,0.5304228663444519,0.39029908180236816,0.0035437492188066244,0.5130218267440796,0.3272998034954071,-0.04042765125632286,0.5391266345977783,0.3926875591278076,-0.06627881526947021,0.5650951266288757,0.44982701539993286,-0.0760299414396286,0.5920168161392212,0.37966880202293396,-0.0029865822289139032,0.57502281665802,0.3094589114189148,-0.05415338650345802,0.5963762998580933,0.3967077136039734,-0.07000177353620529,0.61411052942276,0.4604145884513855,-0.06674820184707642,0.6549864411354065,0.3788147270679474,-0.016319934278726578,0.6383270025253296,0.32323527336120605,-0.0686362236738205,0.6466200947761536,0.4147067070007324,-0.05884752422571182,0.6536127328872681,0.4760567843914032,-0.036461275070905685,0.7205274701118469,0.38770225644111633,-0.03171234205365181,0.6975644826889038,0.344076544046402,-0.0682232603430748,0.6921944618225098,0.41143420338630676,-0.05716543644666672,0.692419171333313,0.4597439765930176,-0.03833203762769699,A
0.2702949643135071,0.6977628469467163,-1.0658602604962653e-06,0.16329944133758545,0.6666049957275391,-0.02031347155570984,0.0824851468205452,0.5652400851249695,-0.02809186466038227,0.04848150908946991,0.4786953926086426,-0.03882308304309845,0.009232699871063232,0.4201315939426422,-0.04492861405014992,0.12445421516895294,0.45903465151786804,0.005546162836253643,0.08361826092004776,0.4147653579711914,-0.04640768840909004,0.10216125845909119,0.498643696308136,-0.07929724454879761,0.1267649233341217,0.565137505531311,-0.09105747193098068,0.18960559368133545,0.454873263835907,-0.0031641211826354265,0.1457429826259613,0.4120276868343353,-0.05566085875034332,0.1601024568080902,0.5098482966423035,-0.06996845453977585,0.18043510615825653,0.5792169570922852,-0.06386976689100266,0.2572510838508606,0.46443068981170654,-0.019822215661406517,0.21003460884094238,0.42929574847221375,-0.07380471378564835,0.21593077480793,0.5254011154174805,-0.06355703622102737,0.23000192642211914,0.5912960171699524,-0.03909623995423317,0.32547977566719055,0.4838623106479645,-0.03812716528773308,0.27319779992103577,0.45105963945388794,-0.07625748217105865,0.26590636372566223,0.5231597423553467,-0.06451814621686935,0.27622461318969727,0.577470600605011,-0.04253677651286125,A
0.33301058411598206,0.7909423112869263,-1.2298411320443847e-06,0.2246483862400055,0.7477855682373047,-0.028389643877744675,0.14923539757728577,0.6517215371131897,-0.043399788439273834,0.11531521379947662,0.5692169666290283,-0.061619699001312256,0.0792863517999649,0.5026279091835022,-0.07513003796339035,0.20733167231082916,0.5543835759162903,-0.0025318125262856483,0.16430333256721497,0.5071913003921509,-0.05642163008451462,0.17716175317764282,0.589732825756073,-0.09076022356748581,0.19764390587806702,0.6556147336959839,-0.10468333214521408,0.2721920907497406,0.5480921268463135,-0.009485751390457153,0.22293101251125336,0.5010826587677002,-0.0676940307021141,0.23272711038589478,0.6002602577209473,-0.08580981940031052,0.25040847063064575,0.6717769503593445,-0.08310715109109879,0.3375537693500519,0.5544918775558472,-0.024715449661016464,0.2867318093776703,0.5129302144050598,-0.08382619172334671,0.2865498661994934,0.6131815314292908,-0.07459854334592819,0.2973076105117798,0.6817060708999634,-0.05079105496406555,0.40341120958328247,0.5721175074577332,-0.042535942047834396,0.34904536604881287,0.539635419845581,-0.08237789571285248,0.33375149965286255,0.6115431785583496,-0.07087600976228714,0.3380739092826843,0.6653432846069336,-0.05006316304206848,A
0.5423346757888794,0.8203030824661255,2.891007966354664e-07,0.43287938833236694,0.8063123226165771,-0.1010991558432579,0.3723909258842468,0.744354248046875,-0.1745288074016571,0.4202718734741211,0.7081444263458252,-0.2368209958076477,0.5003043413162231,0.6959064602851868,-0.30119165778160095,0.3829251527786255,0.5483155846595764,-0.17381785809993744,0.3741350769996643,0.38136303424835205,-0.2536522448062897,0.3798491060733795,0.2918040454387665,-0.30435147881507874,0.392103374004364,0.20914611220359802,-0.3406858444213867,0.4784034490585327,0.5313305854797363,-0.1684952825307846,0.47002512216567993,0.3333442807197571,-0.23714174330234528,0.47068196535110474,0.2173222452402115,-0.281374990940094,0.47776174545288086,0.11653926968574524,-0.31632402539253235,0.5702365040779114,0.5530576705932617,-0.16881117224693298,0.5591512322425842,0.3679458498954773,-0.2338419407606125,0.5563848614692688,0.260039746761322,-0.2734698951244354,0.5524125099182129,0.16429387032985687,-0.30160871148109436,0.6593104004859924,0.5979349613189697,-0.17607487738132477,0.6554660201072693,0.4691874384880066,-0.23455196619033813,0.6462494134902954,0.3833519220352173,-0.2621455490589142,0.6361148953437805,0.3023601174354553,-0.2813278138637543,B
0.4753649830818176,0.7816229462623596,2.4836725742716226e-07,0.42083650827407837,0.7404778003692627,-0.03717263042926788,0.3997355103492737,0.6827893257141113,-0.057118505239486694,0.43708887696266174,0.6387338638305664,-0.07370277494192123,0.4828048646450043,0.6284526586532593,-0.087925024330616,0.4144137501716614,0.5767109394073486,-0.02933541312813759,0.4211336374282837,0.4959093928337097,-0.052550058811903,0.4329685866832733,0.44750747084617615,-0.07282888144254684,0.445601224899292,0.4061412811279297,-0.08899228274822235,0.46091949939727783,0.5693100094795227,-0.028520546853542328,0.46887069940567017,0.48052772879600525,-0.047629304230213165,0.4787241220474243,0.4240979850292206,-0.06483545899391174,0.4872761070728302,0.3737103343009949,-0.07804746925830841,0.5016083717346191,0.5792207717895508,-0.032356008887290955,0.5081164836883545,0.4963437020778656,-0.04928085580468178,0.5154620409011841,0.4457124173641205,-0.06268001347780228,0.520314633846283,0.40078073740005493,-0.07254595309495926,0.5400025844573975,0.604505717754364,-0.04038025811314583,0.5449230670928955,0.5387677550315857,-0.05545591562986374,0.5475332736968994,0.49670645594596863,-0.06258042901754379,0.5490419864654541,0.45936119556427,-0.06731632351875305,B
0.4947010278701782,0.8176378011703491,1.0198268682870548e-06,0.35370466113090515,0.7668501138687134,-0.1046418622136116,0.27849623560905457,0.6742554903030396,-0.16161994636058807,0.30643966794013977,0.5898656249046326,-0.21449881792068481,0.3832467198371887,0.5422745943069458,-0.26594191789627075,0.3338000178337097,0.48262083530426025,-0.036242928355932236,0.3218061327934265,0.341082900762558,-0.07296621799468994,0.3223034739494324,0.25045245885849,-0.11755857616662979,0.32857364416122437,0.1745135486125946,-0.15793201327323914,0.4133859872817993,0.47232359647750854,-0.03304522857069969,0.3997059166431427,0.30918043851852417,-0.06343662738800049,0.3967363238334656,0.20002318918704987,-0.11527124047279358,0.395611435174942,0.10738164186477661,-0.16074393689632416,0.4857102036476135,0.4813578724861145,-0.04752745106816292,0.4771527349948883,0.3350716829299927,-0.08112688362598419,0.4703088402748108,0.2423292100429535,-0.1378224939107895,0.46217310428619385,0.16835394501686096,-0.18492044508457184,0.5665718913078308,0.5082671046257019,-0.07471338659524918,0.5563331246376038,0.39329463243484497,-0.1094852015376091,0.5463086366653442,0.3175329864025116,-0.15051743388175964,0.5358216762542725,0.2512071132659912,-0.18818353116512299,B
0.6919248700141907,0.8106135129928589,7.13484880066062e-08,0.5917579531669617,0.7441196441650391,-0.04657086730003357,0.5309972763061523,0.6434277296066284,-0.06695345789194107,0.5523402690887451,0.5409741401672363,-0.08640652149915695,0.6205929517745972,0.5001389384269714,-0.10113969445228577,0.546291708946228,0.4770611524581909,0.0041773198172450066,0.5309449434280396,0.36094337701797485,-0.019116682931780815,0.5294421911239624,0.29264843463897705,-0.04720833897590637,0.5327084064483643,0.23109740018844604,-0.07144036889076233,0.6117774844169617,0.45890161395072937,0.003393281949684024,0.5962090492248535,0.3243016004562378,-0.014229293912649155,0.5904085636138916,0.24250376224517822,-0.037400007247924805,0.5863790512084961,0.17066988348960876,-0.057264357805252075,0.6770350337028503,0.46576133370399475,-0.007152697537094355,0.6625348329544067,0.33971184492111206,-0.025489434599876404,0.6528558731079102,0.2649611830711365,-0.04312941059470177,0.6426573395729065,0.19944530725479126,-0.05746178328990936,0.7478224039077759,0.4949353337287903,-0.024499064311385155,0.7341887354850769,0.3958980143070221,-0.03990411385893822,0.7219414114952087,0.33287036418914795,-0.0474877692759037,0.7106059193611145,0.2777034640312195,-0.05406554415822029,B
0.673163890838623,0.8368672132492065,2.8977419219700096e-07,0.5699886679649353,0.7975527048110962,-0.04115157574415207,0.5088022351264954,0.6992766261100769,-0.05885545536875725,0.5426177978515625,0.6040542721748352,-0.07459605485200882,0.6095649003982544,0.5684751272201538,-0.08591867238283157,0.5240405797958374,0.5418868660926819,-0.0081707164645195,0.5159593820571899,0.42735809087753296,-0.03273027017712593,0.5172997713088989,0.3594699501991272,-0.05717617645859718,0.5212150812149048,0.3044140934944153,-0.07698678970336914,0.5912545323371887,0.525066077709198,-0.010383649729192257,0.5820220708847046,0.39437490701675415,-0.030272778123617172,0.5773370862007141,0.3129715025424957,-0.05127619206905365,0.572285532951355,0.24602031707763672,-0.06688164919614792,0.6541042327880859,0.5312058329582214,-0.020191386342048645,0.6440879106521606,0.4105709195137024,-0.03952585160732269,0.6352735161781311,0.3370653986930847,-0.05500452220439911,0.6264347434043884,0.2775593101978302,-0.0659685805439949,0.7201699614524841,0.5592709183692932,-0.035647403448820114,0.7112773656845093,0.4646580219268799,-0.052347682416439056,0.7012119293212891,0.40573039650917053,-0.0594746395945549,0.6922829151153564,0.35652607679367065,-0.06394556164741516,B
0.5077038407325745,0.6098793148994446,2.8846659461123636e-07,0.44231951236724854,0.5708538889884949,-0.03936898708343506,0.41328760981559753,0.5109933018684387,-0.05945465713739395,0.44399791955947876,0.4603520333766937,-0.07642683386802673,0.4856254458427429,0.44282564520835876,-0.09099430590867996,0.4359108805656433,0.4073165953159332,-0.022399185225367546,0.4382513165473938,0.32618430256843567,-0.04733980819582939,0.445976197719574,0.27642059326171875,-0.07055829465389252,0.4558223485946655,0.23391588032245636,-0.08908049762248993,0.4837304949760437,0.40084895491600037,-0.021485185250639915,0.4856138229370117,0.3105001151561737,-0.04417997971177101,0.49095797538757324,0.25013381242752075,-0.06740683317184448,0.49690699577331543,0.19583426415920258,-0.08475901186466217,0.5248744487762451,0.4108506441116333,-0.026124052703380585,0.5276852250099182,0.32651376724243164,-0.04849422723054886,0.5295541882514954,0.2723013758659363,-0.0674520954489708,0.5301316976547241,0.22718842327594757,-0.0804729089140892,0.5666110515594482,0.436923623085022,-0.03487492725253105,0.5687314867973328,0.3731127977371216,-0.055021483451128006,0.5689254403114319,0.32898417115211487,-0.06648584455251694,0.5690319538116455,0.2895401418209076,-0.07406974583864212,B
0.38361266255378723,0.9669668078422546,1.3396851272773347e-07,0.3173695504665375,0.9421119093894958,-0.0588480681180954,0.28841057419776917,0.9019180536270142,-0.1032431423664093,0.317423552274704,0.8766346573829651,-0.14240269362926483,0.3579806089401245,0.863340437412262,-0.18268559873104095,0.293038010597229,0.7871183753013611,-0.09722023457288742,0.28340083360671997,0.6746004223823547,-0.14745882153511047,0.2851104736328125,0.6076655387878418,-0.17989541590213776,0.2927294075489044,0.5511291027069092,-0.2028338760137558,0.36632633209228516,0.7765651941299438,-0.09720345586538315,0.35773295164108276,0.6387059092521667,-0.14208242297172546,0.35510343313217163,0.5553394556045532,-0.17176781594753265,0.3556463122367859,0.4838935136795044,-0.1936873346567154,0.43446049094200134,0.7898417115211487,-0.1008225530385971,0.42471539974212646,0.659210741519928,-0.1431354284286499,0.41809695959091187,0.5814010500907898,-0.16798874735832214,0.411588579416275,0.5104281306266785,-0.1838681399822235,0.4983137249946594,0.8174877762794495,-0.10822626203298569,0.4933013916015625,0.724854052066803,-0.14419755339622498,0.4860135018825531,0.6626061201095581,-0.15976668894290924,0.47763168811798096,0.6047766208648682,-0.1692136973142624,B
0.6176874041557312,0.7489919066429138,1.9608611978583212e-07,0.5522847175598145,0.7193149328231812,-0.0395267978310585,0.5203723311424255,0.6545724868774414,-0.05583421140909195,0.5563561916351318,0.5926700234413147,-0.06776135414838791,0.6113184690475464,0.5734574198722839,-0.07686062157154083,0.506392240524292,0.5615156292915344,-0.022834254428744316,0.4920971393585205,0.4787355661392212,-0.04245463386178017,0.49065399169921875,0.4285545349121094,-0.0604584664106369,0.4920404851436615,0.38517922163009644,-0.07532841712236404,0.5504978895187378,0.5458749532699585,-0.018592258915305138,0.5340200662612915,0.45801758766174316,-0.035107068717479706,0.5286593437194824,0.4016987681388855,-0.05172470584511757,0.5244362950325012,0.35119664669036865,-0.06423064321279526,0.5929845571517944,0.5466164946556091,-0.01968247815966606,0.5772681832313538,0.4665272831916809,-0.036389149725437164,0.5689019560813904,0.4154103398323059,-0.0520034059882164,0.5609405636787415,0.370164692401886,-0.06263356655836105,0.6375291347503662,0.5620391964912415,-0.02505136840045452,0.6232853531837463,0.49504923820495605,-0.041122157126665115,0.6146833896636963,0.4531223475933075,-0.05053882300853729,0.6070143580436707,0.41652220487594604,-0.05646666884422302,B
0.5611121654510498,0.6635479927062988,1.0425450369666578e-07,0.48686349391937256,0.6345494389533997,-0.025456013157963753,0.44539618492126465,0.565025269985199,-0.03449193760752678,0.47363436222076416,0.4977961480617523,-0.04287493973970413,0.5253865122795105,0.4717187285423279,-0.0485864095389843,0.43832987546920776,0.4733247756958008,-0.0006106535438448191,0.41721320152282715,0.3918769657611847,-0.016199810430407524,0.4115258455276489,0.3439810276031494,-0.03270193189382553,0.40994787216186523,0.30312198400497437,-0.046680353581905365,0.48063620924949646,0.45492127537727356,-0.003020276315510273,0.4580695331096649,0.3674720525741577,-0.015890581533312798,0.4474479556083679,0.312514066696167,-0.03182525187730789,0.43903079628944397,0.2648550868034363,-0.04371732100844383,0.5249685645103455,0.45349669456481934,-0.01056724600493908,0.5038080215454102,0.373235285282135,-0.023884272202849388,0.49121206998825073,0.3232153654098511,-0.037686824798583984,0.4797075390815735,0.28102248907089233,-0.04724780470132828,0.5755941271781921,0.4673103392124176,-0.021667534485459328,0.5578792691230774,0.40182897448539734,-0.0342227965593338,0.5431475639343262,0.3619100749492645,-0.04085172340273857,0.5296871066093445,0.32903367280960083,-0.04492982476949692,B
0.4769655764102936,0.6206399202346802,2.3813011296169861e-07,0.4154350459575653,0.5839666724205017,-0.03652127459645271,0.3857823312282562,0.5227724313735962,-0.05333376303315163,0.416896790266037,0.47142499685287476,-0.06711865216493607,0.46106886863708496,0.45660892128944397,-0.07875716686248779,0.4084751307964325,0.4279051721096039,-0.02023610845208168,0.40881475806236267,0.3520617187023163,-0.041756127029657364,0.41481032967567444,0.30472028255462646,-0.06139173358678818,0.42325282096862793,0.26520609855651855,-0.07709825783967972,0.4534146189689636,0.42160552740097046,-0.018501032143831253,0.45418816804885864,0.3367728590965271,-0.03792570158839226,0.4567298889160156,0.2802027463912964,-0.057714514434337616,0.4609951376914978,0.2315140664577484,-0.07215665280818939,0.4929731786251068,0.4310044050216675,-0.021839702501893044,0.4929000735282898,0.3516089916229248,-0.0414569154381752,0.4919949769973755,0.2998000383377075,-0.05979939550161362,0.4910039007663727,0.2566664218902588,-0.07214268296957016,0.5325755476951599,0.45519787073135376,-0.028917066752910614,0.5327144265174866,0.3958318531513214,-0.046434175223112106,0.5308402180671692,0.3558078408241272,-0.05742849037051201,0.5294615626335144,0.3205900192260742,-0.06462789326906204,B
0.41185811161994934,0.5407400131225586,2.2129340493393101e-07,0.3594192862510681,0.5118443369865417,-0.028348837047815323,0.33186089992523193,0.45931071043014526,-0.04316132515668869,0.35705244541168213,0.4154440462589264,-0.05585363879799843,0.3955339789390564,0.40200790762901306,-0.06701185554265976,0.35102638602256775,0.3747584819793701,-0.018929529935121536,0.3522023856639862,0.3057917058467865,-0.038913752883672714,0.35866570472717285,0.2633594870567322,-0.056041449308395386,0.36699628829956055,0.22934578359127045,-0.06909296661615372,0.39006438851356506,0.37124231457710266,-0.019169600680470467,0.3914652168750763,0.29620686173439026,-0.036652904003858566,0.39557191729545593,0.24629777669906616,-0.05291871726512909,0.400958776473999,0.20403072237968445,-0.06449256092309952,0.42552563548088074,0.3808361887931824,-0.023373933508992195,0.42717111110687256,0.3099967837333679,-0.04034208133816719,0.42797037959098816,0.26483526825904846,-0.05442345514893532,0.4287041425704956,0.22676697373390198,-0.06359978765249252,0.4613238573074341,0.40326204895973206,-0.030450310558080673,0.4615856409072876,0.3493736982345581,-0.04626116901636124,0.4596691131591797,0.3136245608329773,-0.054553862661123276,0.45827603340148926,0.2819531261920929,-0.0593404620885849,B
0.48054206371307373,0.730794370174408,2.0126232413986145e-07,0.3800758123397827,0.6970188617706299,-0.042591892182826996,0.31091463565826416,0.5986732244491577,-0.06216589733958244,0.34880325198173523,0.5049430131912231,-0.07866548001766205,0.43325164914131165,0.4831833839416504,-0.09311913698911667,0.31316816806793213,0.4675523638725281,-0.03085179068148136,0.2926250696182251,0.35182294249534607,-0.05934306979179382,0.28590887784957886,0.2803043723106384,-0.08604861795902252,0.2825220823287964,0.21649344265460968,-0.10903450101613998,0.373969167470932,0.4476332664489746,-0.03363316133618355,0.34994882345199585,0.32164615392684937,-0.05817393586039543,0.3367628753185272,0.23862314224243164,-0.0819113701581955,0.324337899684906,0.16307467222213745,-0.10037889331579208,0.4347105026245117,0.44959893822669983,-0.042289506644010544,0.41480201482772827,0.3315284848213196,-0.0669645369052887,0.398807555437088,0.2549430727958679,-0.08765871077775955,0.3821369409561157,0.18791504204273224,-0.10196968913078308,0.5015931725502014,0.4711902439594269,-0.056031983345746994,0.4795340597629547,0.3745447099208832,-0.08114603906869888,0.46405333280563354,0.3123282790184021,-0.09469270706176758,0.4503951370716095,0.2591596245765686,-0.10343430191278458,B
0.47288715839385986,0.6727375984191895,5.5281169863974355e-08,0.3575942814350128,0.6298977136611938,-0.03918759524822235,0.28703343868255615,0.521221935749054,-0.04904095456004143,0.31775495409965515,0.41172927618026733,-0.05839710310101509,0.4001365602016449,0.39312639832496643,-0.06390276551246643,0.2798751890659332,0.39283978939056396,0.010006750002503395,0.25378096103668213,0.2818678319454193,-0.006533147767186165,0.24443377554416656,0.2164750099182129,-0.029371945187449455,0.23923544585704803,0.15603412687778473,-0.0519663505256176,0.3413409888744354,0.36248287558555603,0.007341187447309494,0.3115372657775879,0.2417786568403244,-0.006156336981803179,0.29669713973999023,0.16715900599956512,-0.028320305049419403,0.28237229585647583,0.09816017746925354,-0.047637566924095154,0.404241144657135,0.35875898599624634,-0.0038038117345422506,0.3774818181991577,0.24715924263000488,-0.02058371528983116,0.358040452003479,0.17820455133914948,-0.04160715639591217,0.3387889862060547,0.11869780719280243,-0.058167219161987305,0.4771897792816162,0.3767112195491791,-0.021075045689940453,0.4506569504737854,0.2852016091346741,-0.037810809910297394,0.43036288022994995,0.22610032558441162,-0.050081055611371994,0.41205209493637085,0.17620164155960083,-0.06037548556923866,B
0.7086501121520996,0.8000485897064209,-1.947126975210267e-07,0.5893213152885437,0.7465603351593018,-0.038170166313648224,0.5175896883010864,0.6608822345733643,-0.052462272346019745,0.5270475149154663,0.5428886413574219,-0.06625033915042877,0.6031344532966614,0.5092517137527466,-0.0737474337220192,0.5271583795547485,0.5023486614227295,0.03205567225813866,0.5000298619270325,0.38810959458351135,0.02369566261768341,0.4946354031562805,0.3339112401008606,0.003072669031098485,0.4958987832069397,0.2820165157318115,-0.017931431531906128,0.5910125970840454,0.4751130938529968,0.033951666206121445,0.5622919201850891,0.3403325080871582,0.03649354726076126,0.5537921190261841,0.28259357810020447,0.029118118807673454,0.544386088848114,0.22713547945022583,0.017432255670428276,0.6511598825454712,0.4712119400501251,0.025033166632056236,0.6248634457588196,0.35080498456954956,0.023549310863018036,0.6017159819602966,0.29038625955581665,0.023680554702878,0.58088219165802,0.24140864610671997,0.018453791737556458,0.7271634340286255,0.4908677637577057,0.008424541912972927,0.7025792598724365,0.39600512385368347,0.008725745603442192,0.6832253932952881,0.3433561325073242,0.012645147740840912,0.664921224117279,0.30043336749076843,0.011189518496394157,B
0.5568537712097168,0.8291895985603333,2.3863002240887e-08,0.4434644281864166,0.7749582529067993,-0.050893306732177734,0.3730647563934326,0.664808452129364,-0.0729888379573822,0.3998551070690155,0.5530605316162109,-0.09408442676067352,0.47578197717666626,0.5101603269577026,-0.11069108545780182,0.39912915229797363,0.48324376344680786,-0.0081435926258564,0.38819441199302673,0.3568192422389984,-0.03697555512189865,0.38839274644851685,0.27960848808288574,-0.06750296801328659,0.3928915858268738,0.21108600497245789,-0.09432414919137955,0.47037234902381897,0.4629790484905243,-0.010871012695133686,0.4583558142185211,0.3177557587623596,-0.03412587195634842,0.4533315598964691,0.22889740765094757,-0.05842125788331032,0.45017510652542114,0.15226992964744568,-0.07940419018268585,0.5386462807655334,0.4705829620361328,-0.0235909391194582,0.5261772871017456,0.3368411660194397,-0.04699314758181572,0.5166674852371216,0.2548157274723053,-0.06582696735858917,0.5051174163818359,0.18304133415222168,-0.0818873718380928,0.6110215783119202,0.5024840235710144,-0.04369059205055237,0.5977833271026611,0.39794448018074036,-0.06485651433467865,0.5844027996063232,0.3320496082305908,-0.07588791102170944,0.5696548223495483,0.2742018401622772,-0.08556435257196426,B
0.48236411809921265,0.8643521070480347,2.4470779180774116e-07,0.4037124812602997,0.8424214720726013,-0.03660224378108978,0.3495286703109741,0.7725011706352234,-0.05611977353692055,0.38583627343177795,0.703077495098114,-0.07305089384317398,0.4560149610042572,0.6816142797470093,-0.08861953765153885,0.35171541571617126,0.6600978970527649,-0.028475038707256317,0.33451011776924133,0.5679684281349182,-0.05635587498545647,0.3297109603881836,0.5088286995887756,-0.08092094212770462,0.3286128342151642,0.4557623565196991,-0.1012938842177391,0.4051138758659363,0.640235185623169,-0.031797707080841064,0.38535934686660767,0.5389041304588318,-0.05576255917549133,0.37553972005844116,0.47195708751678467,-0.07815810292959213,0.36734431982040405,0.409284770488739,-0.09485287219285965,0.4567115604877472,0.6423259973526001,-0.040174566209316254,0.4403061270713806,0.546276867389679,-0.06440680474042892,0.42728716135025024,0.4853188991546631,-0.08340068906545639,0.4143349230289459,0.4300345778465271,-0.09580665826797485,0.51286381483078,0.6631891131401062,-0.052532367408275604,0.49915462732315063,0.584681510925293,-0.07678239792585373,0.4862992465496063,0.5341363549232483,-0.08960036188364029,0.47260531783103943,0.4892505407333374,-0.09725353866815567,B
0.5881730914115906,0.8248790502548218,2.2461723858668847e-07,0.4849731922149658,0.7778505682945251,-0.037670642137527466,0.4246634244918823,0.6746808886528015,-0.052227843552827835,0.4547174572944641,0.578789472579956,-0.06675999611616135,0.5216646790504456,0.5488862991333008,-0.07657569646835327,0.45161575078964233,0.5162253379821777,0.006478446070104837,0.4450647234916687,0.4040434956550598,-0.013725302182137966,0.44592413306236267,0.33939045667648315,-0.03713425248861313,0.44944632053375244,0.2838578522205353,-0.05723435431718826,0.5145615339279175,0.5012614727020264,0.002663674298673868,0.5064865350723267,0.3724709749221802,-0.013144322670996189,0.5046007037162781,0.2912493646144867,-0.032141946256160736,0.501697838306427,0.22454634308815002,-0.04693048819899559,0.5753477811813354,0.5100448727607727,-0.00976436585187912,0.5665634274482727,0.3884068727493286,-0.02639390341937542,0.5589542388916016,0.31552135944366455,-0.04181164130568504,0.5489763021469116,0.256937712430954,-0.05303642526268959,0.6406069993972778,0.5407942533493042,-0.028054451569914818,0.6314772367477417,0.445343554019928,-0.04355718195438385,0.6199091076850891,0.38320279121398926,-0.05179227516055107,0.6088072657585144,0.330261766910553,-0.05747094750404358,B
0.549313485622406,0.762488842010498,2.2232145013845184e-08,0.4761813282966614,0.7299618721008301,-0.02867879346013069,0.4323020279407501,0.660331130027771,-0.04118935018777847,0.4652116596698761,0.59300297498703,-0.05260960012674332,0.526339590549469,0.5780172348022461,-0.06222737208008766,0.4299071133136749,0.5684671401977539,-0.009729055687785149,0.4129784107208252,0.48449862003326416,-0.02751493640244007,0.40998291969299316,0.4348900318145752,-0.04558755084872246,0.4106074571609497,0.39070799946784973,-0.06171378493309021,0.477333128452301,0.5504426956176758,-0.012318171560764313,0.4571727216243744,0.45987969636917114,-0.02792900986969471,0.4470931887626648,0.4023665189743042,-0.0460473857820034,0.43896445631980896,0.3493419885635376,-0.06040528416633606,0.5242748260498047,0.5489094853401184,-0.019774097949266434,0.5054800510406494,0.465560644865036,-0.03654082491993904,0.49123290181159973,0.4123828113079071,-0.05359489470720291,0.4776299297809601,0.36406198143959045,-0.06586065888404846,0.5764089226722717,0.5636782646179199,-0.03070576675236225,0.5581911206245422,0.49423453211784363,-0.04721945896744728,0.544809103012085,0.4521538317203522,-0.056986238807439804,0.5323989987373352,0.41579699516296387,-0.06385644525289536,B
0.5054563283920288,0.761815071105957,1.8565553716598515e-07,0.4182279109954834,0.7264887690544128,-0.03732407093048096,0.3616638779640198,0.6440845727920532,-0.053948719054460526,0.39465323090553284,0.562168300151825,-0.06848303973674774,0.4667544364929199,0.5406672358512878,-0.08068368583917618,0.36184582114219666,0.5244964361190796,-0.01632172241806984,0.3428797721862793,0.4252181649208069,-0.040511034429073334,0.33883950114250183,0.3633643388748169,-0.0650862380862236,0.3386401832103729,0.308494508266449,-0.08590828627347946,0.41457319259643555,0.5055922865867615,-0.019019389525055885,0.3925960659980774,0.39765894412994385,-0.03948376700282097,0.38223159313201904,0.326543927192688,-0.061985090374946594,0.3726465702056885,0.26110294461250305,-0.07933011651039124,0.4667987525463104,0.5076066255569458,-0.027733730152249336,0.44709861278533936,0.40879568457603455,-0.04889797791838646,0.4332082271575928,0.3438699245452881,-0.06789015233516693,0.4189087748527527,0.2864229679107666,-0.08089751750230789,0.5255615711212158,0.528422474861145,-0.041143566370010376,0.5044044852256775,0.4453507959842682,-0.061812449246644974,0.4889175593852997,0.39276689291000366,-0.07263640314340591,0.47484290599823,0.34699854254722595,-0.07964149117469788,B
0.5830650925636292,0.9548444747924805,3.10641240730547e-07,0.4527134895324707,0.9083112478256226,-0.08606040477752686,0.3697061538696289,0.7967039942741394,-0.13620547950267792,0.4204702377319336,0.6935506463050842,-0.17871491611003876,0.5194985270500183,0.6617866158485413,-0.2173127681016922,0.3916395902633667,0.5838335752487183,-0.08191615343093872,0.38250434398651123,0.41270729899406433,-0.13672837615013123,0.3875015377998352,0.3163689374923706,-0.1800316572189331,0.39925265312194824,0.22891616821289062,-0.21537917852401733,0.484163761138916,0.5558684468269348,-0.07877961546182632,0.47719481587409973,0.361439049243927,-0.1254812628030777,0.47652822732925415,0.24628779292106628,-0.1623014509677887,0.4785380959510803,0.14104586839675903,-0.1920381486415863,0.5711222887039185,0.5667095184326172,-0.08575962483882904,0.565112292766571,0.3905993402004242,-0.12941531836986542,0.5595583319664001,0.2842143177986145,-0.1601879894733429,0.5521400570869446,0.18764781951904297,-0.18305492401123047,0.6614633202552795,0.6098900437355042,-0.1020105630159378,0.6568030118942261,0.47255173325538635,-0.14026977121829987,0.6502211689949036,0.38540685176849365,-0.16121231019496918,0.6427050828933716,0.30679476261138916,-0.17710445821285248,B
0.4921180009841919,0.7528523206710815,-5.736660568800289e-07,0.39970827102661133,0.7304658889770508,-0.10474148392677307,0.3464604914188385,0.6931319236755371,-0.18520483374595642,0.37398141622543335,0.6693598031997681,-0.25486472249031067,0.4364376664161682,0.6473745107650757,-0.3270367383956909,0.39052754640579224,0.5536926984786987,-0.18297754228115082,0.37066012620925903,0.39863574504852295,-0.2706663906574249,0.3620636761188507,0.31172770261764526,-0.3338065445423126,0.36455613374710083,0.2287369817495346,-0.3797471225261688,0.48117315769195557,0.5414316058158875,-0.17754562199115753,0.46620774269104004,0.35198765993118286,-0.25137344002723694,0.4539397358894348,0.23529493808746338,-0.3030340075492859,0.44787052273750305,0.1332062929868698,-0.3469662666320801,0.5643383860588074,0.5609027147293091,-0.1773470938205719,0.5559883713722229,0.38487279415130615,-0.2510763108730316,0.5393199324607849,0.275260329246521,-0.2911337614059448,0.5176501870155334,0.17944160103797913,-0.31999605894088745,0.6452291011810303,0.6024536490440369,-0.18432065844535828,0.64158034324646,0.47910076379776,-0.2481774389743805,0.6317458152770996,0.39138203859329224,-0.27475836873054504,0.6133253574371338,0.31235939264297485,-0.2943500578403473,B
0.42097723484039307,0.87249356508255,2.0043090387389384e-07,0.32414788007736206,0.8167338371276855,-0.04752998426556587,0.2663745880126953,0.7283526062965393,-0.07580690830945969,0.29908525943756104,0.6429346203804016,-0.10190338641405106,0.366170197725296,0.6035200953483582,-0.12496490031480789,0.3168465495109558,0.5613195896148682,-0.031383171677589417,0.32061347365379333,0.44109851121902466,-0.06472939252853394,0.32685422897338867,0.36587387323379517,-0.0956239327788353,0.3357214629650116,0.30124595761299133,-0.12104280292987823,0.3847939074039459,0.5499298572540283,-0.03632984682917595,0.38839268684387207,0.4113391637802124,-0.06624235212802887,0.3913176953792572,0.3258018493652344,-0.09339947998523712,0.39441579580307007,0.24949559569358826,-0.11477343738079071,0.44414040446281433,0.5648476481437683,-0.04840568080544472,0.4498891830444336,0.4380846321582794,-0.07466167956590652,0.4501263201236725,0.359438955783844,-0.09388280659914017,0.44867417216300964,0.2906092405319214,-0.10914920270442963,0.5043432712554932,0.6042574048042297,-0.06642388552427292,0.5085376501083374,0.5037347674369812,-0.08857371658086777,0.5042931437492371,0.4390473961830139,-0.09878677874803543,0.4983086884021759,0.3818535804748535,-0.10672767460346222,B
0.5496460795402527,0.959592342376709,2.468293587298831e-07,0.42133307456970215,0.9056141972541809,-0.07167812436819077,0.3422453999519348,0.7937601804733276,-0.11237193644046783,0.3932669162750244,0.6812946796417236,-0.14786404371261597,0.4896039664745331,0.6423989534378052,-0.1791357547044754,0.36880284547805786,0.5883257389068604,-0.06139763444662094,0.3665856719017029,0.4216288924217224,-0.11231254786252975,0.3730134963989258,0.32010534405708313,-0.15310584008693695,0.38362133502960205,0.23345959186553955,-0.18486027419567108,0.4616989493370056,0.5635217428207397,-0.06232138350605965,0.4583907127380371,0.37167757749557495,-0.10783609002828598,0.45820727944374084,0.2533370852470398,-0.1424553096294403,0.4604302644729614,0.15147775411605835,-0.16742606461048126,0.548575758934021,0.5734040141105652,-0.07250498980283737,0.5477485656738281,0.3945656418800354,-0.11388273537158966,0.5415212512016296,0.2865009307861328,-0.139943465590477,0.5345568060874939,0.19387468695640564,-0.15690042078495026,0.6380976438522339,0.6133451461791992,-0.09066633135080338,0.6347611546516418,0.47306007146835327,-0.12466301769018173,0.6233786344528198,0.3857893943786621,-0.1396333873271942,0.6108388900756836,0.3121872544288635,-0.1487841010093689,B
0.5784512758255005,0.9702392816543579,3.2290029139403487e-07,0.44084256887435913,0.9231481552124023,-0.08279543370008469,0.34813496470451355,0.8079071044921875,-0.12828147411346436,0.3966110944747925,0.6838226318359375,-0.166696697473526,0.5035696029663086,0.6369029879570007,-0.20066170394420624,0.3803103566169739,0.5804086327552795,-0.06649113446474075,0.3707469701766968,0.4084855914115906,-0.11959090828895569,0.37318098545074463,0.30228912830352783,-0.16464583575725555,0.38178181648254395,0.20994657278060913,-0.20146429538726807,0.47746047377586365,0.5501998066902161,-0.06477511674165726,0.4653884768486023,0.358335942029953,-0.11078153550624847,0.46085870265960693,0.23635098338127136,-0.1495640128850937,0.45864543318748474,0.12938562035560608,-0.1791040450334549,0.5649773478507996,0.5606374144554138,-0.07386693358421326,0.5555643439292908,0.38069280982017517,-0.11755412071943283,0.5440410375595093,0.26903995871543884,-0.15019649267196655,0.533552885055542,0.17213553190231323,-0.17353865504264832,0.6576250791549683,0.6058735847473145,-0.09184326976537704,0.6458922624588013,0.46683841943740845,-0.1326395720243454,0.630721926689148,0.3760438859462738,-0.15550553798675537,0.6164082884788513,0.29527023434638977,-0.17106178402900696,B
0.5037732720375061,0.8724687099456787,5.954835842203465e-07,0.34534943103790283,0.8263442516326904,-0.0933496356010437,0.24725884199142456,0.7160599231719971,-0.14288711547851562,0.2609962821006775,0.6055861711502075,-0.18656551837921143,0.33727699518203735,0.5546755194664001,-0.22669833898544312,0.314797043800354,0.47943970561027527,-0.0482838898897171,0.29630282521247864,0.31405526399612427,-0.09777941554784775,0.2917138934135437,0.21241450309753418,-0.1484975665807724,0.29375165700912476,0.12309238314628601,-0.19147808849811554,0.40735235810279846,0.4577283263206482,-0.04753551632165909,0.3866354823112488,0.2725425660610199,-0.09147346764802933,0.3776983618736267,0.15217435359954834,-0.14363926649093628,0.36785098910331726,0.044451892375946045,-0.18598337471485138,0.48872584104537964,0.46956950426101685,-0.061477117240428925,0.4748799204826355,0.29904747009277344,-0.1056738942861557,0.4612028896808624,0.18809497356414795,-0.15476499497890472,0.44694456458091736,0.09575867652893066,-0.19258086383342743,0.580956220626831,0.510949969291687,-0.08597956597805023,0.5678863525390625,0.37390953302383423,-0.12690000236034393,0.5519381761550903,0.2854793071746826,-0.15989308059215546,0.536832869052887,0.20369699597358704,-0.1870591640472412,B
0.6337420344352722,0.714124321937561,4.763042227295955e-07,0.563996434211731,0.6624720096588135,-0.07739732414484024,0.5345587730407715,0.5940361618995667,-0.11055640876293182,0.569781482219696,0.5390223860740662,-0.13490192592144012,0.6204770803451538,0.511354386806488,-0.15580260753631592,0.5731993913650513,0.4778318703174591,-0.03532518818974495,0.5806602835655212,0.38858282566070557,-0.05833464488387108,0.5939137935638428,0.33447086811065674,-0.08586961776018143,0.6073064804077148,0.28819581866264343,-0.10946039855480194,0.6250203251838684,0.4756319522857666,-0.017579762265086174,0.6332442760467529,0.3741684556007385,-0.03625230863690376,0.64498370885849,0.3066555857658386,-0.06603618711233139,0.6556484699249268,0.25086313486099243,-0.09140553325414658,0.6689856052398682,0.48754778504371643,-0.01005737017840147,0.6799249649047852,0.3964093029499054,-0.028896644711494446,0.6861104369163513,0.33882683515548706,-0.057579606771469116,0.6903067827224731,0.29033970832824707,-0.08074264228343964,0.713823676109314,0.5137588381767273,-0.010691387578845024,0.7226470112800598,0.44246578216552734,-0.02851419895887375,0.7258118987083435,0.39653128385543823,-0.047048188745975494,0.728092610836029,0.3560290038585663,-0.06326507031917572,B
0.7285004258155823,0.7693303823471069,1.2293646989292029e-07,0.6119211316108704,0.7167526483535767,-0.03651661425828934,0.5432687401771545,0.6140215992927551,-0.049856264144182205,0.5653282403945923,0.5014895796775818,-0.06299474090337753,0.640960156917572,0.47172534465789795,-0.07154355943202972,0.5536818504333496,0.45912614464759827,0.014665812253952026,0.538642406463623,0.3432294428348541,-0.0038331770338118076,0.5362862348556519,0.27420783042907715,-0.029051370918750763,0.5373380780220032,0.21365919709205627,-0.05202338472008705,0.6208562254905701,0.43485453724861145,0.010086899623274803,0.6028664112091064,0.3034723997116089,-0.0031942836940288544,0.5954747796058655,0.22649386525154114,-0.02196457050740719,0.5866402983665466,0.15608710050582886,-0.03847799450159073,0.6842445135116577,0.4375961124897003,-0.003444914473220706,0.6687251925468445,0.31629353761672974,-0.01738971658051014,0.6570547223091125,0.2413223385810852,-0.02941490337252617,0.6469265818595886,0.17867471277713776,-0.0404357984662056,0.756931722164154,0.4644683003425598,-0.023371059447526932,0.7357025742530823,0.3656024932861328,-0.03466155752539635,0.7215960621833801,0.30373167991638184,-0.03827279433608055,0.7108513712882996,0.2504376173019409,-0.042501866817474365,B
0.732612669467926,0.8289419412612915,6.28042613470825e-08,0.6243016123771667,0.7708468437194824,-0.042558763176202774,0.559823751449585,0.6618867516517639,-0.05739849805831909,0.5886658430099487,0.5556394457817078,-0.07150961458683014,0.6636800765991211,0.5238979458808899,-0.08055269718170166,0.5825499892234802,0.49899062514305115,0.01127016730606556,0.5712648630142212,0.38625678420066833,-0.006936683319509029,0.5694364905357361,0.3198449909687042,-0.031002311035990715,0.5711549520492554,0.2605915069580078,-0.0529690720140934,0.6490294933319092,0.4807611405849457,0.009528533555567265,0.6374193429946899,0.3499544858932495,-0.003543727332726121,0.6302707195281982,0.27167049050331116,-0.021781736984848976,0.6224411129951477,0.2045207917690277,-0.03778788447380066,0.7126932740211487,0.48806655406951904,-0.001871772576123476,0.6997671723365784,0.3671342134475708,-0.01567055657505989,0.6892006397247314,0.2933047413825989,-0.029679076746106148,0.6766406297683716,0.23102235794067383,-0.041893839836120605,0.7808730602264404,0.517483651638031,-0.020102394744753838,0.7665771842002869,0.42063891887664795,-0.03153398260474205,0.7538794875144958,0.3593966066837311,-0.03672841563820839,0.742512047290802,0.3071293830871582,-0.04210977256298065,B
0.39296412467956543,0.7846249341964722,1.8421815184410661e-07,0.3069189488887787,0.7652766704559326,-0.03410900756716728,0.24227115511894226,0.6962385773658752,-0.051959261298179626,0.25994008779525757,0.6173020005226135,-0.06808572262525558,0.32380831241607666,0.5864035487174988,-0.0827152207493782,0.23373082280158997,0.5797008872032166,-0.02387244813144207,0.2077966034412384,0.4867548942565918,-0.05158123001456261,0.19703558087348938,0.4265916347503662,-0.07679063081741333,0.1906541883945465,0.3728705048561096,-0.09765641391277313,0.28490397334098816,0.5563139319419861,-0.028180867433547974,0.2553729712963104,0.4553634524345398,-0.05133625864982605,0.23791715502738953,0.38802310824394226,-0.07368755340576172,0.222651869058609,0.3263093829154968,-0.0907062292098999,0.3379259407520294,0.5535972714424133,-0.037440259009599686,0.31227970123291016,0.45915305614471436,-0.05980447307229042,0.29294514656066895,0.3999403119087219,-0.0778731182217598,0.27383071184158325,0.3469088673591614,-0.09052316844463348,0.3961450159549713,0.5691863298416138,-0.05076546594500542,0.37251678109169006,0.49558669328689575,-0.07296483218669891,0.3533394932746887,0.44713738560676575,-0.0846736803650856,0.3360694944858551,0.40461286902427673,-0.0920742079615593,B
0.43223053216934204,0.661949872970581,5.0569965992508514e-08,0.35094600915908813,0.6286278367042542,-0.02399212121963501,0.2985791563987732,0.5518546104431152,-0.029961902648210526,0.3170137405395508,0.4749462306499481,-0.036270782351493835,0.37119677662849426,0.44786369800567627,-0.04054175317287445,0.28659284114837646,0.4617740511894226,0.006383408326655626,0.25813913345336914,0.3771795630455017,-0.008843965828418732,0.24686658382415771,0.3256922960281372,-0.027435043826699257,0.2393103837966919,0.2799920439720154,-0.04422635957598686,0.3323817551136017,0.43843185901641846,0.001794325769878924,0.3015368580818176,0.34758439660072327,-0.011327937245368958,0.28351032733917236,0.28812849521636963,-0.03111228533089161,0.2664366662502289,0.23332597315311432,-0.04702960327267647,0.3796575963497162,0.4332292675971985,-0.008256637491285801,0.35332176089286804,0.3486267626285553,-0.02348647080361843,0.3315795660018921,0.2939484119415283,-0.042494677007198334,0.30957114696502686,0.24630886316299438,-0.05663684755563736,0.4347565472126007,0.44365617632865906,-0.021799633279442787,0.41088223457336426,0.3763219118118286,-0.03713574633002281,0.39039716124534607,0.33342087268829346,-0.04771047458052635,0.370111346244812,0.29593580961227417,-0.055703338235616684,B
0.5230729579925537,0.5703800916671753,-1.5387510075015598e-06,0.459908127784729,0.49901244044303894,-0.01160496473312378,0.4125227630138397,0.42372655868530273,-0.04185088351368904,0.357790470123291,0.3689853250980377,-0.08213774114847183,0.3031143248081207,0.3186807930469513,-0.12810030579566956,0.5316999554634094,0.29820191860198975,-0.041218213737010956,0.42735469341278076,0.20786723494529724,-0.10524310171604156,0.32932308316230774,0.21512866020202637,-0.15618129074573517,0.25516170263290405,0.24926887452602386,-0.18651975691318512,0.5676063299179077,0.3031447231769562,-0.07080748677253723,0.4511905312538147,0.19676893949508667,-0.1334192156791687,0.33893516659736633,0.2098982036113739,-0.17493030428886414,0.2584688663482666,0.254275381565094,-0.20049233734607697,0.5878553986549377,0.330670028924942,-0.10430721938610077,0.49631834030151367,0.2074204832315445,-0.1662270575761795,0.3772919178009033,0.2053433507680893,-0.19469620287418365,0.2890099287033081,0.2425876259803772,-0.20755141973495483,0.5971758365631104,0.3746669888496399,-0.13795830309391022,0.507431149482727,0.2830377519130707,-0.19478411972522736,0.41387730836868286,0.2498423010110855,-0.21395206451416016,0.335424542427063,0.24829460680484772,-0.22160662710666656,C
0.46874773502349854,0.618736743927002,1.560988316384737e-08,0.39601266384124756,0.6106852293014526,-0.026200318709015846,0.3283593952655792,0.5841358304023743,-0.05243450403213501,0.2658687233924866,0.5767220854759216,-0.07952643185853958,0.21074844896793365,0.5708572268486023,-0.10721834003925323,0.35749226808547974,0.4968280494213104,-0.02704358473420143,0.309255450963974,0.4506564438343048,-0.06623971462249756,0.26280921697616577,0.43783512711524963,-0.1012263149023056,0.2207086682319641,0.4389115273952484,-0.1225728839635849,0.3877832591533661,0.49071648716926575,-0.034459568560123444,0.33778616786003113,0.4408981204032898,-0.06889614462852478,0.28816351294517517,0.428123414516449,-0.09791785478591919,0.24423441290855408,0.429125040769577,-0.11590246111154556,0.4245626628398895,0.4970204830169678,-0.04666036739945412,0.38655203580856323,0.44815680384635925,-0.07326550036668777,0.3398558795452118,0.43364429473876953,-0.09192301332950592,0.29517704248428345,0.43086546659469604,-0.10334161669015884,0.46430420875549316,0.5145363807678223,-0.06157752871513367,0.44214582443237305,0.47830355167388916,-0.08277810364961624,0.4103420078754425,0.462234228849411,-0.09314286708831787,0.3755132257938385,0.45564889907836914,-0.09884259849786758,C
0.6907345652580261,0.4210789203643799,-2.4717053292988567e-07,0.6212726831436157,0.39989587664604187,-0.019618816673755646,0.5613256692886353,0.3682192862033844,-0.041718386113643646,0.5123530626296997,0.3508654832839966,-0.06706579029560089,0.46898260712623596,0.3377474546432495,-0.09368886053562164,0.605347216129303,0.28694242238998413,-0.01664874702692032,0.5831124186515808,0.23190024495124817,-0.05453195422887802,0.5513165593147278,0.2129291594028473,-0.0885915458202362,0.5173693895339966,0.20755547285079956,-0.1090337261557579,0.642261803150177,0.28371167182922363,-0.028055548667907715,0.6191257238388062,0.22471129894256592,-0.06259126961231232,0.5808685421943665,0.20732006430625916,-0.09172544628381729,0.540178656578064,0.20284973084926605,-0.10946910828351974,0.6811124086380005,0.29176634550094604,-0.044380269944667816,0.6622573733329773,0.23495244979858398,-0.07271246612071991,0.6232668161392212,0.21718429028987885,-0.0918542891740799,0.5821599960327148,0.2109890580177307,-0.10244832187891006,0.7210752367973328,0.3095551133155823,-0.06290893256664276,0.7035161256790161,0.26549577713012695,-0.08329315483570099,0.6752099990844727,0.2476113885641098,-0.09236723929643631,0.6439782381057739,0.23792526125907898,-0.09727645665407181,C
0.7053887844085693,0.7572735548019409,-7.131588404263312e-07,0.6156551241874695,0.7092796564102173,-0.01584126241505146,0.5571722984313965,0.6351495981216431,-0.02857549674808979,0.5208300352096558,0.5699570178985596,-0.048881515860557556,0.49374479055404663,0.5086680054664612,-0.06664358079433441,0.6365417242050171,0.508160412311554,0.019791530445218086,0.6293726563453674,0.41204071044921875,-0.015939339995384216,0.5892012119293213,0.3903636336326599,-0.04976532980799675,0.5523982048034668,0.3998250365257263,-0.0680617168545723,0.6732596158981323,0.5008428692817688,0.007781173102557659,0.6681135296821594,0.3913365602493286,-0.021919913589954376,0.6236754059791565,0.37286192178726196,-0.048525791615247726,0.5815628170967102,0.3913475275039673,-0.06220117211341858,0.7109441161155701,0.5064234137535095,-0.012110712938010693,0.708970308303833,0.39794182777404785,-0.03607576712965965,0.6627172231674194,0.3708065450191498,-0.05040820315480232,0.6174330711364746,0.37929603457450867,-0.05538160726428032,0.7491916418075562,0.5253997445106506,-0.03565593808889389,0.7363338470458984,0.4360550045967102,-0.05263333022594452,0.6966558694839478,0.39781180024147034,-0.060083724558353424,0.6547157168388367,0.3866274058818817,-0.06216089427471161,C
0.6456674337387085,0.7994447946548462,-6.530661949000205e-07,0.49101656675338745,0.7488336563110352,0.06763164699077606,0.4062366187572479,0.6800318956375122,0.08452120423316956,0.3357955813407898,0.6312962770462036,0.06836910545825958,0.27011656761169434,0.5666607022285461,0.04241257533431053,0.5033233761787415,0.5076977610588074,0.14913921058177948,0.46057242155075073,0.4024861752986908,0.1424899697303772,0.4004666209220886,0.3636913299560547,0.10389595478773117,0.3379153609275818,0.3455406427383423,0.06924544274806976,0.5508424639701843,0.49638131260871887,0.07553142309188843,0.4886610507965088,0.368916392326355,0.05579674616456032,0.4124424457550049,0.3358331620693207,-0.012817056849598885,0.33993738889694214,0.33322325348854065,-0.06658165901899338,0.5892717838287354,0.4972361922264099,-0.00315696164034307,0.5304901599884033,0.37720757722854614,-0.025148706510663033,0.4506804049015045,0.34072238206863403,-0.08338427543640137,0.3740931451320648,0.33401915431022644,-0.12894290685653687,0.6221868395805359,0.509465754032135,-0.07909086346626282,0.5696812868118286,0.40837496519088745,-0.09888199716806412,0.5043007731437683,0.36513960361480713,-0.12939853966236115,0.44042345881462097,0.33836326003074646,-0.15909521281719208,C
0.612725555896759,0.8553247451782227,-8.514504656886857e-07,0.5068898797035217,0.8066686391830444,-0.02170829102396965,0.40928879380226135,0.7260394096374512,-0.049079567193984985,0.3224093019962311,0.6756091117858887,-0.08714810758829117,0.24859389662742615,0.6318455934524536,-0.12463071197271347,0.4861275851726532,0.5292183756828308,0.0038683151360601187,0.43397337198257446,0.41170430183410645,-0.047595467418432236,0.3561776876449585,0.40134215354919434,-0.09120017290115356,0.2985287606716156,0.4193652868270874,-0.11626887321472168,0.5301884412765503,0.5155466794967651,-0.01536512840539217,0.4707894027233124,0.36853259801864624,-0.06284210830926895,0.37388667464256287,0.36577022075653076,-0.09547081589698792,0.306903600692749,0.4026114046573639,-0.11099527031183243,0.5732784271240234,0.5264144539833069,-0.0436631441116333,0.515027642250061,0.38643360137939453,-0.08358586579561234,0.4140308201313019,0.3727418780326843,-0.106867216527462,0.3422335982322693,0.4001930356025696,-0.11485439538955688,0.6104556322097778,0.5584264993667603,-0.0757984146475792,0.5506793856620789,0.44908392429351807,-0.10232113301753998,0.4729224145412445,0.40792107582092285,-0.11574050784111023,0.4089702069759369,0.39845651388168335,-0.12132168561220169,C
0.5822892189025879,0.6653169393539429,-5.911830953664321e-07,0.4917204678058624,0.6363043189048767,-0.0061065927147865295,0.4245779514312744,0.5812386274337769,-0.015022116713225842,0.3770337700843811,0.5392658710479736,-0.032728251069784164,0.3324180543422699,0.5035185217857361,-0.050536300987005234,0.46271511912345886,0.45605602860450745,0.025503477081656456,0.43115001916885376,0.3781045079231262,-0.008808812126517296,0.38516196608543396,0.36152052879333496,-0.042890504002571106,0.34153634309768677,0.3707120418548584,-0.06322623044252396,0.4918569028377533,0.4434579312801361,0.007696055807173252,0.44842737913131714,0.35404831171035767,-0.028445914387702942,0.3945753574371338,0.3453468382358551,-0.06388065218925476,0.3454238772392273,0.3644655644893646,-0.08345670998096466,0.5254273414611816,0.44326046109199524,-0.016441870480775833,0.48165103793144226,0.35472196340560913,-0.048352502286434174,0.42390528321266174,0.34319284558296204,-0.07503973692655563,0.37355494499206543,0.3569455146789551,-0.08732254803180695,0.5639953017234802,0.45628440380096436,-0.042217932641506195,0.5136993527412415,0.3833305239677429,-0.06699909269809723,0.4633151888847351,0.35328561067581177,-0.08406414091587067,0.41700080037117004,0.3409653604030609,-0.09301990270614624,C
0.5752246975898743,0.5467478036880493,-4.2202717054351524e-07,0.4882584512233734,0.5225061774253845,-0.01333786454051733,0.4199042320251465,0.47219109535217285,-0.023155605420470238,0.3796215057373047,0.4267336428165436,-0.0388709157705307,0.34645116329193115,0.38388270139694214,-0.05367734655737877,0.4475974440574646,0.350594699382782,0.01677587255835533,0.42029476165771484,0.2759115695953369,-0.012580777518451214,0.3882662057876587,0.25834161043167114,-0.042338307946920395,0.3544992506504059,0.25946319103240967,-0.06036876514554024,0.4785122573375702,0.3365800678730011,0.005617219023406506,0.4426479935646057,0.2559998035430908,-0.02745893783867359,0.40239378809928894,0.24454928934574127,-0.061241451650857925,0.36129480600357056,0.25465917587280273,-0.07980412244796753,0.5150647163391113,0.3344408869743347,-0.011305032297968864,0.47793030738830566,0.255740761756897,-0.040431275963783264,0.4335480332374573,0.24326485395431519,-0.06682739406824112,0.3907918632030487,0.25045305490493774,-0.0791085809469223,0.5594455599784851,0.3450949490070343,-0.03006349690258503,0.5224264860153198,0.2773883044719696,-0.05169093981385231,0.48205283284187317,0.24360978603363037,-0.06839378923177719,0.4423019289970398,0.2244185507297516,-0.07736770063638687,C
0.5243588089942932,0.7302200198173523,-5.890907459615846e-07,0.44795292615890503,0.7021039724349976,-0.019217899069190025,0.3881121277809143,0.6504124402999878,-0.03791317343711853,0.3471924662590027,0.6146541237831116,-0.061601582914590836,0.3206098675727844,0.5743752717971802,-0.08237714320421219,0.41194745898246765,0.5383378863334656,-0.010468769818544388,0.3880079388618469,0.44480639696121216,-0.05318259447813034,0.34234845638275146,0.449349582195282,-0.08283606916666031,0.3114287257194519,0.4787961542606354,-0.0971737653017044,0.4470692276954651,0.5296435356140137,-0.020501652732491493,0.40783271193504333,0.42648017406463623,-0.0625971183180809,0.3560383915901184,0.43854179978370667,-0.08613007515668869,0.32659733295440674,0.4753333628177643,-0.09420838207006454,0.48615196347236633,0.5329838991165161,-0.036836255341768265,0.44960078597068787,0.4318748116493225,-0.07044615596532822,0.39409521222114563,0.44118064641952515,-0.08406031131744385,0.35796475410461426,0.4723730981349945,-0.08587903529405594,0.5308214426040649,0.550019383430481,-0.05564744397997856,0.49011024832725525,0.4856361150741577,-0.0798802524805069,0.44267240166664124,0.4638817012310028,-0.09183695912361145,0.40421444177627563,0.4584929645061493,-0.09582690894603729,C
0.6207236647605896,0.6458688974380493,-4.787763145941426e-07,0.5511065125465393,0.6135632991790771,-0.027207421138882637,0.4983786642551422,0.5633049011230469,-0.05143347010016441,0.46932172775268555,0.52042555809021,-0.0791998878121376,0.4577648639678955,0.4688243567943573,-0.104389488697052,0.5245100855827332,0.44561222195625305,-0.015403630211949348,0.5101233720779419,0.3549642562866211,-0.06068684160709381,0.47946083545684814,0.343639075756073,-0.09637054055929184,0.4550008773803711,0.3606269061565399,-0.1151461973786354,0.558794379234314,0.43932658433914185,-0.022615354508161545,0.5425426363945007,0.3388195037841797,-0.0681174248456955,0.5076382160186768,0.3382842242717743,-0.10053599625825882,0.47991812229156494,0.3668677806854248,-0.11574214696884155,0.5969257950782776,0.4448608160018921,-0.03634297102689743,0.5781833529472351,0.3541761636734009,-0.06988725811243057,0.539290726184845,0.34612607955932617,-0.09153710305690765,0.5063928961753845,0.3640204071998596,-0.10075974464416504,0.6415548324584961,0.46397194266319275,-0.0531778559088707,0.6197772026062012,0.3969618082046509,-0.074638731777668,0.589571475982666,0.36748602986335754,-0.08895240724086761,0.560538113117218,0.35434311628341675,-0.09675869345664978,C
0.5974735617637634,0.8252782821655273,-7.264368946380273e-07,0.4797978401184082,0.7674052715301514,-0.025455093011260033,0.39635753631591797,0.6821430325508118,-0.051840994507074356,0.32980287075042725,0.6216994524002075,-0.08721994608640671,0.27967846393585205,0.5681571364402771,-0.1213492825627327,0.49278613924980164,0.5048256516456604,0.00408440874889493,0.4625263512134552,0.37540775537490845,-0.05093890056014061,0.3973591923713684,0.3434074819087982,-0.10159166902303696,0.3347416818141937,0.3422015309333801,-0.13200803101062775,0.5369265079498291,0.49526605010032654,-0.01473318226635456,0.49182814359664917,0.34474822878837585,-0.07038580626249313,0.4085836410522461,0.31901857256889343,-0.11931872367858887,0.3353384733200073,0.33019185066223145,-0.1461866796016693,0.5828847289085388,0.50539630651474,-0.042202096432447433,0.5519291758537292,0.35607707500457764,-0.08716640621423721,0.4654034972190857,0.32302576303482056,-0.12073196470737457,0.3871473968029022,0.3268921971321106,-0.13613733649253845,0.6258644461631775,0.5370524525642395,-0.07360322028398514,0.576355516910553,0.4281761348247528,-0.1079704686999321,0.5107088088989258,0.3771616816520691,-0.12987875938415527,0.4490675628185272,0.35098910331726074,-0.14075137674808502,C
0.6099504828453064,0.8182588815689087,-8.957234172157769e-07,0.4562684893608093,0.7428327202796936,0.08441940695047379,0.37166061997413635,0.6688016057014465,0.11047548055648804,0.2975948452949524,0.6178897023200989,0.1014527752995491,0.2343599498271942,0.5582591891288757,0.08414910733699799,0.47060728073120117,0.5020147562026978,0.15926411747932434,0.4341098666191101,0.3836379051208496,0.14917637407779694,0.36709314584732056,0.3505394756793976,0.11313243210315704,0.29877007007598877,0.345020592212677,0.08373264223337173,0.5164567232131958,0.49578243494033813,0.08073581755161285,0.46227210760116577,0.3489335775375366,0.06240256875753403,0.3755079507827759,0.3204192519187927,0.006317431572824717,0.297535240650177,0.32949739694595337,-0.03644083812832832,0.5544097423553467,0.5007027387619019,-0.0025730577763170004,0.509880781173706,0.3576366901397705,-0.022991104051470757,0.42113932967185974,0.3267829716205597,-0.06772898137569427,0.3432953953742981,0.3343276381492615,-0.1018940657377243,0.5883074998855591,0.5134321451187134,-0.08195260167121887,0.5289911031723022,0.4087201654911041,-0.10482791066169739,0.45505449175834656,0.36699140071868896,-0.13158534467220306,0.3903060555458069,0.3465786874294281,-0.15507525205612183,C
0.5711351633071899,0.4791412353515625,-5.585102940131037e-07,0.4868387281894684,0.45252805948257446,-0.013265478424727917,0.4236985445022583,0.4040142297744751,-0.023623434826731682,0.38602763414382935,0.35474830865859985,-0.03976765647530556,0.35799434781074524,0.3063938319683075,-0.05480166897177696,0.4484875798225403,0.2954757511615753,0.014323373325169086,0.4186549484729767,0.22137290239334106,-0.0150801632553339,0.3858904242515564,0.20628134906291962,-0.044308312237262726,0.3550618588924408,0.21109139919281006,-0.06197793036699295,0.4784001410007477,0.2777867019176483,0.0037009771913290024,0.4402101933956146,0.1958347111940384,-0.024601519107818604,0.40415480732917786,0.18427105247974396,-0.053075000643730164,0.36982670426368713,0.1979529857635498,-0.06993663311004639,0.5140261054039001,0.2722998559474945,-0.012862147763371468,0.474825918674469,0.19079409539699554,-0.03663606196641922,0.43592381477355957,0.17731431126594543,-0.05615588277578354,0.3993825912475586,0.18676801025867462,-0.06609081476926804,0.5576872229576111,0.2790750563144684,-0.031847160309553146,0.5187128782272339,0.21238848567008972,-0.04968077689409256,0.4799622595310211,0.18048712611198425,-0.06182258576154709,0.44236183166503906,0.1641375720500946,-0.06872489303350449,C
0.6129443049430847,0.48086482286453247,-4.7630493327233125e-07,0.5356766581535339,0.4548037052154541,-0.01670784503221512,0.476382851600647,0.39860597252845764,-0.027563074603676796,0.4440247416496277,0.34500694274902344,-0.0425565131008625,0.429196834564209,0.2977527976036072,-0.0557396337389946,0.5043631196022034,0.2954992353916168,0.010120738297700882,0.4821622967720032,0.2223222404718399,-0.019732769578695297,0.4529377818107605,0.20578929781913757,-0.0484047532081604,0.4242175817489624,0.20976828038692474,-0.06535312533378601,0.5378463268280029,0.2819078266620636,0.0028194256592541933,0.5114447474479675,0.20287328958511353,-0.025418274104595184,0.4793435037136078,0.1889154314994812,-0.05260983109474182,0.4461725950241089,0.1985759139060974,-0.06819222122430801,0.5753433108329773,0.28095483779907227,-0.010635768994688988,0.5484580993652344,0.20354607701301575,-0.03384687006473541,0.5144868493080139,0.18369819223880768,-0.053801678121089935,0.4795279800891876,0.18608325719833374,-0.0641414076089859,0.6190551519393921,0.29239794611930847,-0.02656371332705021,0.592708945274353,0.2283102422952652,-0.044054098427295685,0.5624485611915588,0.19462430477142334,-0.05732341483235359,0.5307791233062744,0.17536041140556335,-0.06501159816980362,C
0.6593058109283447,0.7809644341468811,-8.525763064426428e-07,0.5451538562774658,0.745378851890564,-0.015965020284056664,0.45011723041534424,0.6655378341674805,-0.03855947032570839,0.36226052045822144,0.6176384091377258,-0.07219117879867554,0.2888681888580322,0.5760860443115234,-0.1035703644156456,0.5214255452156067,0.4660975933074951,0.020190300419926643,0.4696992039680481,0.3519173562526703,-0.029110902920365334,0.3866335153579712,0.3507455289363861,-0.07326460629701614,0.32752013206481934,0.3827302157878876,-0.09775374084711075,0.5584115982055664,0.4508085548877716,-0.0013991713058203459,0.5049829483032227,0.3159378170967102,-0.0428103469312191,0.40877455472946167,0.31363537907600403,-0.0748150572180748,0.34416764974594116,0.3506205677986145,-0.08992514759302139,0.5952728390693665,0.4563016891479492,-0.03260335326194763,0.5476807355880737,0.3204481601715088,-0.06451453268527985,0.4517304301261902,0.3092326819896698,-0.0835644081234932,0.38355809450149536,0.33753418922424316,-0.09004175662994385,0.6278466582298279,0.4831988513469696,-0.06811929494142532,0.5721514821052551,0.37783175706863403,-0.08661988377571106,0.49741873145103455,0.34395623207092285,-0.09471870958805084,0.4346594214439392,0.34133297204971313,-0.09690581262111664,C
0.6662318110466003,0.7727434635162354,-6.784602533116413e-07,0.539558470249176,0.7452372312545776,-0.018702631816267967,0.44410645961761475,0.659874439239502,-0.038026656955480576,0.3513795733451843,0.6113555431365967,-0.06879796087741852,0.2715107202529907,0.5701348781585693,-0.09781753271818161,0.5182592272758484,0.45228686928749084,0.0320245735347271,0.4666954278945923,0.3404056429862976,-0.015897739678621292,0.38921183347702026,0.33315610885620117,-0.06190793216228485,0.32586896419525146,0.3587033152580261,-0.08845377713441849,0.5593717694282532,0.4379729628562927,0.010775917209684849,0.49106746912002563,0.30997729301452637,-0.03526068851351738,0.38968464732170105,0.31026604771614075,-0.07664228230714798,0.319282203912735,0.34526684880256653,-0.09698326885700226,0.6014785170555115,0.44710567593574524,-0.020966455340385437,0.5418015122413635,0.31774646043777466,-0.06122888997197151,0.4354311525821686,0.3066720962524414,-0.0907631441950798,0.3589168190956116,0.3309752941131592,-0.10125201940536499,0.6364565491676331,0.47727715969085693,-0.05671376734972,0.571538507938385,0.3732072710990906,-0.0853429064154625,0.4887678623199463,0.3415852189064026,-0.10176745802164078,0.4215114116668701,0.3431176245212555,-0.10726526379585266,C
0.7462610006332397,0.7945435047149658,-6.087807946641988e-07,0.6600760817527771,0.7443311214447021,-0.01987486146390438,0.601294755935669,0.6647156476974487,-0.03325830027461052,0.5638467073440552,0.594307541847229,-0.053216658532619476,0.5322123169898987,0.5342514514923096,-0.07160228490829468,0.6914397478103638,0.5353895425796509,0.0200332161039114,0.6824971437454224,0.4391006827354431,-0.012797616422176361,0.6447603106498718,0.4111369848251343,-0.047401878982782364,0.6040170788764954,0.4056992530822754,-0.06884369999170303,0.7314445376396179,0.532303512096405,0.010646910406649113,0.7187222242355347,0.426359623670578,-0.01972302980720997,0.6773133277893066,0.4014810621738434,-0.05334000661969185,0.6309816837310791,0.4035596251487732,-0.07365205883979797,0.7727025151252747,0.5422411561012268,-0.006593921221792698,0.7651574015617371,0.43838372826576233,-0.03195172920823097,0.7219328284263611,0.4039379954338074,-0.05668032914400101,0.6717171669006348,0.3959677815437317,-0.07004683464765549,0.8143622875213623,0.5674572587013245,-0.027420533820986748,0.7918516397476196,0.48232710361480713,-0.04787541553378105,0.7545150518417358,0.43732762336730957,-0.06452883034944534,0.7120090126991272,0.4112114906311035,-0.07423955202102661,C
0.6803022027015686,0.8494715094566345,-6.535301508847624e-07,0.5887903571128845,0.7903087139129639,-0.021694762632250786,0.5259301662445068,0.7093746066093445,-0.042044077068567276,0.4775846600532532,0.6427575945854187,-0.06917092949151993,0.43785667419433594,0.5810329914093018,-0.094021737575531,0.6125132441520691,0.5779643058776855,0.014704730361700058,0.5980029106140137,0.47341299057006836,-0.028786664828658104,0.5570061802864075,0.4428321123123169,-0.06939978897571564,0.5176306366920471,0.4437869191169739,-0.09228159487247467,0.652471661567688,0.5719400644302368,0.0021069373469799757,0.6343732476234436,0.45350515842437744,-0.041674062609672546,0.5874390006065369,0.433976948261261,-0.07932756096124649,0.5391457080841064,0.4497576057910919,-0.09875159710645676,0.6925095915794373,0.5780510902404785,-0.018789123743772507,0.6799458265304565,0.4641647934913635,-0.053934887051582336,0.6298192143440247,0.4431561231613159,-0.07557609677314758,0.5788950324058533,0.4550303816795349,-0.08337300270795822,0.7340737581253052,0.5990646481513977,-0.04315219447016716,0.7097289562225342,0.5087336301803589,-0.06489164382219315,0.6718323230743408,0.46744829416275024,-0.0756150484085083,0.630824863910675,0.4473947286605835,-0.07955051958560944,C
0.7133370637893677,0.8885170817375183,-1.7243762613361469e-06,0.5274308323860168,0.8265918493270874,0.002211155602708459,0.38798272609710693,0.6746485233306885,-0.02396778203547001,0.2671046853065491,0.5971068143844604,-0.07584942877292633,0.15612247586250305,0.5143846869468689,-0.12932685017585754,0.5518288612365723,0.3869708180427551,0.06221194192767143,0.4426754117012024,0.23390927910804749,-0.019731324166059494,0.3057882785797119,0.22661519050598145,-0.09800747781991959,0.1942678689956665,0.2688705027103424,-0.14689601957798004,0.6273680329322815,0.3724391460418701,-0.0006982875056564808,0.46453022956848145,0.17798876762390137,-0.07702957093715668,0.30636081099510193,0.19721361994743347,-0.14621546864509583,0.19988375902175903,0.2577882707118988,-0.1856972575187683,0.6946485638618469,0.4004170596599579,-0.07801561057567596,0.5375330448150635,0.1935906708240509,-0.15402621030807495,0.3540430963039398,0.20608341693878174,-0.19731178879737854,0.2266942858695984,0.2616378664970398,-0.21439112722873688,0.7330946922302246,0.4673541784286499,-0.15862905979156494,0.5719013214111328,0.3181246817111969,-0.22933165729045868,0.42064809799194336,0.27187997102737427,-0.2627750635147095,0.3060581088066101,0.26582032442092896,-0.27597978711128235,C
0.7473656535148621,0.8610967397689819,-1.5130182191569475e-06,0.5797227621078491,0.7937312126159668,-0.01382740493863821,0.4577258825302124,0.6736167669296265,-0.046731945127248764,0.3543073236942291,0.5937555432319641,-0.10106828808784485,0.2730799913406372,0.5035356283187866,-0.15449661016464233,0.5850070714950562,0.4041552245616913,0.0365859679877758,0.5047237277030945,0.24420297145843506,-0.03950177878141403,0.3914448320865631,0.2479076385498047,-0.1040712371468544,0.3065759837627411,0.29661881923675537,-0.14233458042144775,0.6562620401382446,0.39432865381240845,-0.009750542230904102,0.5333511829376221,0.19720511138439178,-0.08408372104167938,0.3915596902370453,0.22117315232753754,-0.14140893518924713,0.30398106575012207,0.2874283194541931,-0.17011389136314392,0.7239681482315063,0.42207232117652893,-0.06961070746183395,0.6028972864151001,0.2361438274383545,-0.1456322968006134,0.4427202045917511,0.25401732325553894,-0.18157348036766052,0.3392118513584137,0.31192436814308167,-0.18964850902557373,0.7737649083137512,0.48209279775619507,-0.13284623622894287,0.651790976524353,0.3391801714897156,-0.19381515681743622,0.5270262360572815,0.2900838851928711,-0.21978451311588287,0.4339478015899658,0.2790446877479553,-0.22718627750873566,C
0.579389750957489,0.8283224701881409,-1.0583750054138363e-06,0.44815146923065186,0.7498120069503784,-0.030247144401073456,0.3532179892063141,0.6402718424797058,-0.06573845446109772,0.2651872932910919,0.5654378533363342,-0.11234042048454285,0.18985295295715332,0.4991101324558258,-0.15735405683517456,0.46436217427253723,0.4497182369232178,-0.003012394532561302,0.42719149589538574,0.3005481958389282,-0.07775810360908508,0.34115010499954224,0.27876853942871094,-0.1397906094789505,0.27125564217567444,0.29931995272636414,-0.17509828507900238,0.5217397212982178,0.4443472921848297,-0.028666414320468903,0.47601318359375,0.26703548431396484,-0.10479064285755157,0.36424720287323,0.26034367084503174,-0.16057831048965454,0.28356295824050903,0.2973673939704895,-0.18732598423957825,0.5763431787490845,0.4641433358192444,-0.0653129443526268,0.5373844504356384,0.2888179421424866,-0.12783218920230865,0.41522660851478577,0.273470938205719,-0.1631356030702591,0.3270905017852783,0.3026983439922333,-0.1751367598772049,0.6202362179756165,0.5071794986724854,-0.10618335008621216,0.556151270866394,0.3718860149383545,-0.1505516767501831,0.4628126621246338,0.3222504258155823,-0.17329606413841248,0.3915956914424896,0.30761921405792236,-0.1825115829706192,C
0.8265700936317444,0.9809406399726868,-5.788976409348834e-07,0.73805832862854,0.9603404998779297,-0.06256836652755737,0.6667641997337341,0.9074702262878418,-0.12802839279174805,0.6027628779411316,0.871229350566864,-0.19181261956691742,0.5491460561752319,0.8099163770675659,-0.25683048367500305,0.7986215353012085,0.7347500920295715,-0.11823895573616028,0.7708402872085571,0.622191309928894,-0.2106558233499527,0.7079030275344849,0.6157661080360413,-0.2780159115791321,0.6562907099723816,0.6420310139656067,-0.31715139746665955,0.855416476726532,0.7503548264503479,-0.13263529539108276,0.8285815715789795,0.6307023763656616,-0.2251524180173874,0.7406827211380005,0.6350072622299194,-0.27814456820487976,0.677298367023468,0.6728054285049438,-0.30602920055389404,0.9023327231407166,0.7952399253845215,-0.15442949533462524,0.8836169242858887,0.6886177062988281,-0.2356862723827362,0.7928425073623657,0.6876867413520813,-0.27252891659736633,0.724280834197998,0.7155942916870117,-0.2879989445209503,0.9411191344261169,0.8571103811264038,-0.17957530915737152,0.9245498180389404,0.7867375612258911,-0.2494422197341919,0.8613831400871277,0.765907883644104,-0.27875393629074097,0.8022580146789551,0.7684968709945679,-0.2909875214099884,C
0.547715425491333,0.801275908946991,-7.714945127190731e-07,0.44010186195373535,0.7425708770751953,-0.030475594103336334,0.3585609495639801,0.6620512008666992,-0.0611073337495327,0.2938573658466339,0.604140043258667,-0.0982193872332573,0.25196850299835205,0.5441838502883911,-0.13313598930835724,0.45731639862060547,0.496082603931427,-0.00877734087407589,0.4313133955001831,0.36800143122673035,-0.0632534846663475,0.3671329617500305,0.3412928283214569,-0.1123090535402298,0.30665725469589233,0.3456205427646637,-0.14186391234397888,0.5006350874900818,0.4921879172325134,-0.022908667102456093,0.4589495062828064,0.3404596447944641,-0.07831886410713196,0.37736353278160095,0.324914813041687,-0.12648971378803253,0.3093210458755493,0.34547096490859985,-0.15394903719425201,0.5449697971343994,0.5072489976882935,-0.0450492799282074,0.5186504125595093,0.35706499218940735,-0.08978066593408585,0.43359246850013733,0.33253204822540283,-0.12326300144195557,0.36080658435821533,0.34788042306900024,-0.13981039822101593,0.5833097696304321,0.5426544547080994,-0.07100804150104523,0.5421353578567505,0.4351631999015808,-0.10599614679813385,0.479454904794693,0.38569575548171997,-0.13003453612327576,0.4229126572608948,0.3626389503479004,-0.14370544254779816,C
0.7100962996482849,0.5172395706176758,-1.4747710963547433e-07,0.6189810037612915,0.49230945110321045,-0.025620972737669945,0.5407937169075012,0.4484516680240631,-0.05150938406586647,0.475852906703949,0.4242408573627472,-0.07958884537220001,0.4177500009536743,0.40563610196113586,-0.1078510656952858,0.6034172177314758,0.34651169180870056,-0.020620370283722878,0.5687521696090698,0.2755132019519806,-0.0654144212603569,0.5254600048065186,0.24621102213859558,-0.1064334586262703,0.4786035418510437,0.2359500378370285,-0.1310262680053711,0.6478154063224792,0.3403404653072357,-0.03201637789607048,0.6101224422454834,0.2688552737236023,-0.06851602345705032,0.5612193942070007,0.23958759009838104,-0.10041318088769913,0.5100085735321045,0.22818952798843384,-0.12045079469680786,0.6946367025375366,0.34817343950271606,-0.04953758046030998,0.664533257484436,0.27902886271476746,-0.07699955254793167,0.6164569854736328,0.2504015564918518,-0.09511314332485199,0.5665087699890137,0.23772428929805756,-0.10588613152503967,0.7426808476448059,0.3691054582595825,-0.07045376300811768,0.7164745926856995,0.31656864285469055,-0.09065736830234528,0.6819783449172974,0.2906580865383148,-0.09800456464290619,0.6442529559135437,0.27612102031707764,-0.10116912424564362,C
0.6116976141929626,0.7211052775382996,-8.310423709190218e-07,0.5153576731681824,0.6807782649993896,-0.024371571838855743,0.4417438507080078,0.6146854162216187,-0.04712280258536339,0.3898438513278961,0.5642634034156799,-0.07684274762868881,0.34769946336746216,0.516578197479248,-0.10473012179136276,0.4889317452907562,0.4635304808616638,-0.007176422979682684,0.455456018447876,0.3554494380950928,-0.05642694979906082,0.39498427510261536,0.35556188225746155,-0.09487587213516235,0.35016584396362305,0.38145720958709717,-0.11631603538990021,0.528995931148529,0.4558534622192383,-0.0210619755089283,0.48876070976257324,0.3276788890361786,-0.07146793603897095,0.41515278816223145,0.33604297041893005,-0.10534434765577316,0.3660026788711548,0.37276870012283325,-0.12107589840888977,0.5713840126991272,0.46254512667655945,-0.04272906482219696,0.5379830002784729,0.33625632524490356,-0.08514159172773361,0.46118783950805664,0.33702394366264343,-0.10885124653577805,0.40725433826446533,0.3676874041557312,-0.11705578118562698,0.6152490377426147,0.48539915680885315,-0.06759899109601974,0.5643491744995117,0.3952377438545227,-0.09896081686019897,0.5009676814079285,0.3657536208629608,-0.11707692593336105,0.4501839876174927,0.3595401644706726,-0.12583018839359283,C
0.6671062111854553,0.784458577632904,-1.197778146888595e-06,0.5494784116744995,0.7182000279426575,-0.022372914478182793,0.45701533555984497,0.6327171921730042,-0.05044083297252655,0.38628315925598145,0.5680112838745117,-0.09225698560476303,0.3418565094470978,0.5010640621185303,-0.13292637467384338,0.5505136251449585,0.4263283610343933,0.014647296629846096,0.49782562255859375,0.2972899079322815,-0.0406576544046402,0.4157670736312866,0.3004779517650604,-0.08837706595659256,0.3541164696216583,0.3367815911769867,-0.11658358573913574,0.6001629829406738,0.4199039936065674,-0.010040792636573315,0.5326936841011047,0.2601659893989563,-0.06586051732301712,0.4329054355621338,0.26989883184432983,-0.11031259596347809,0.3643428683280945,0.3177701532840729,-0.13429290056228638,0.6499977707862854,0.43510040640830994,-0.04487371817231178,0.5774452090263367,0.2828091084957123,-0.09846851229667664,0.465556263923645,0.285055935382843,-0.12985354661941528,0.38910427689552307,0.3269617557525635,-0.1415776014328003,0.6965654492378235,0.4702727198600769,-0.08323313295841217,0.6108415722846985,0.34877705574035645,-0.12299538403749466,0.5203961730003357,0.3029639720916748,-0.14339134097099304,0.4505816698074341,0.29057443141937256,-0.1529449075460434,C
0.7571324110031128,0.6641203761100769,-1.0216107284577447e-06,0.5552898645401001,0.5978495478630066,0.08670855313539505,0.43077754974365234,0.5303041934967041,0.0838414803147316,0.3032871186733246,0.5189481973648071,0.037844277918338776,0.19317218661308289,0.49165183305740356,-0.022561922669410706,0.5252037048339844,0.3391950726509094,0.12938986718654633,0.4055491089820862,0.24314871430397034,0.08682182431221008,0.297061949968338,0.21002933382987976,0.025887485593557358,0.1957671046257019,0.19908832013607025,-0.021320141851902008,0.5810641646385193,0.32942286133766174,0.025409966707229614,0.4247395694255829,0.21533319354057312,-0.018802741542458534,0.29992130398750305,0.1849229335784912,-0.0928397923707962,0.1902475357055664,0.18515393137931824,-0.15344823896884918,0.6316612362861633,0.34215760231018066,-0.08454901725053787,0.48910874128341675,0.22803643345832825,-0.1321553736925125,0.3497067987918854,0.1941012442111969,-0.18958674371242523,0.23026710748672485,0.189645454287529,-0.23443543910980225,0.6681755185127258,0.3720649480819702,-0.19049078226089478,0.5328322649002075,0.2840668559074402,-0.23366539180278778,0.4241495132446289,0.24173960089683533,-0.2669048607349396,0.32534706592559814,0.21579642593860626,-0.29724645614624023,C
0.5823103785514832,0.709237277507782,-6.234564011720067e-07,0.4897156059741974,0.6758854389190674,-0.005374174565076828,0.42152971029281616,0.6182986497879028,-0.015543824061751366,0.3688456416130066,0.579413115978241,-0.0351133868098259,0.3233228921890259,0.5445064306259155,-0.05388782545924187,0.46403947472572327,0.4910091757774353,0.027487359941005707,0.43729349970817566,0.40901458263397217,-0.007576334290206432,0.38997340202331543,0.4002358615398407,-0.04126281291246414,0.3478291630744934,0.41531333327293396,-0.060917142778635025,0.49373653531074524,0.4815279543399811,0.00819983147084713,0.4582722783088684,0.3836316466331482,-0.027433134615421295,0.40169721841812134,0.37911373376846313,-0.060152795165777206,0.3551579713821411,0.4031757712364197,-0.07730458676815033,0.5265507102012634,0.4835315942764282,-0.017859116196632385,0.4914066791534424,0.38828516006469727,-0.048230402171611786,0.4295523762702942,0.379916250705719,-0.07075466960668564,0.3795851469039917,0.3976285457611084,-0.0801364928483963,0.5614324808120728,0.49876919388771057,-0.04587968811392784,0.51551753282547,0.42267295718193054,-0.06689290702342987,0.46283814311027527,0.39919042587280273,-0.07932070642709732,0.41736316680908203,0.3947778046131134,-0.08521968871355057,C
0.6349022388458252,0.7257732152938843,-4.933089030600968e-07,0.5114420652389526,0.7114114761352539,-0.022083232179284096,0.4138301610946655,0.6388328671455383,-0.04462023824453354,0.3222205340862274,0.5989143252372742,-0.07683470845222473,0.2430381178855896,0.5598036050796509,-0.10784195363521576,0.4886578917503357,0.4454594552516937,0.015153486281633377,0.43211740255355835,0.3393046259880066,-0.03484206274151802,0.35396766662597656,0.3220721483230591,-0.08099016547203064,0.2882857024669647,0.33705902099609375,-0.10806719213724136,0.5280057787895203,0.4275367259979248,-0.004544215742498636,0.4541380703449249,0.3043237328529358,-0.05176198482513428,0.35856232047080994,0.296231210231781,-0.09320779144763947,0.28759101033210754,0.32458752393722534,-0.11493754386901855,0.5687074065208435,0.42982110381126404,-0.03367901220917702,0.5034477710723877,0.29798567295074463,-0.07462092489004135,0.40381482243537903,0.28401803970336914,-0.10398830473423004,0.3261314034461975,0.30558109283447266,-0.11555077880620956,0.6033501029014587,0.4534458518028259,-0.06679527461528778,0.5345897078514099,0.35307031869888306,-0.10016974061727524,0.4561542570590973,0.31533414125442505,-0.11905208230018616,0.38883334398269653,0.3102954626083374,-0.12602956593036652,C
0.6503991484642029,0.6878695487976074,-4.1115720250672894e-07,0.5688409805297852,0.6367985010147095,-0.003853338537737727,0.5117970705032349,0.572888970375061,-0.013808128423988819,0.4585950970649719,0.5252098441123962,-0.03488181531429291,0.42744332551956177,0.4750569462776184,-0.056294724345207214,0.6030498743057251,0.4542984366416931,0.030629202723503113,0.5935884714126587,0.36065009236335754,0.020085101947188377,0.5836646556854248,0.30493876338005066,0.012027624063193798,0.5779398679733276,0.25851869583129883,0.004507116973400116,0.6255660057067871,0.44947198033332825,0.010485950857400894,0.5527026057243347,0.38082432746887207,-0.028809692710638046,0.48785150051116943,0.4049951136112213,-0.052957430481910706,0.45198994874954224,0.4426410496234894,-0.0580831840634346,0.6430971622467041,0.4492511749267578,-0.0136630954220891,0.5693446397781372,0.38326555490493774,-0.0529230460524559,0.4982748329639435,0.40269735455513,-0.06874583661556244,0.4578823447227478,0.43640729784965515,-0.0666780099272728,0.6569275856018066,0.45602425932884216,-0.03839212283492088,0.5925439596176147,0.38862425088882446,-0.05765817314386368,0.5330811142921448,0.37843817472457886,-0.06010763347148895,0.4896202087402344,0.391318678855896,-0.055184029042720795,D
0.6517260670661926,0.6356207132339478,-3.9314332411777286e-07,0.5619641542434692,0.5857098698616028,-0.004866720177233219,0.5041427612304688,0.5203074216842651,-0.013275286182761192,0.44804590940475464,0.47373807430267334,-0.03225000575184822,0.41405928134918213,0.42451176047325134,-0.051298562437295914,0.5976225137710571,0.39785271883010864,0.03334343805909157,0.5862007737159729,0.3056285083293915,0.02610727585852146,0.5727754831314087,0.25043821334838867,0.02088930644094944,0.564001739025116,0.20648138225078583,0.015332779847085476,0.6186451315879822,0.39221203327178955,0.01546967402100563,0.5460449457168579,0.3143298923969269,-0.016432665288448334,0.4918864965438843,0.3408912420272827,-0.03689701855182648,0.4663277566432953,0.38503366708755493,-0.04076055437326431,0.6360251903533936,0.39436018466949463,-0.006605972535908222,0.5570816397666931,0.3269646465778351,-0.04152877256274223,0.4875938892364502,0.3506244122982025,-0.057749271392822266,0.4505368769168854,0.3913329839706421,-0.05728127062320709,0.6497350931167603,0.40605223178863525,-0.02943836711347103,0.5788009762763977,0.33971458673477173,-0.047853149473667145,0.5125510692596436,0.3295043110847473,-0.052564043551683426,0.4644749164581299,0.3423101305961609,-0.05022981017827988,D
0.4582817852497101,0.6899377107620239,-4.168877012489247e-07,0.3898914158344269,0.6312739253044128,-0.025613322854042053,0.3446483612060547,0.5668009519577026,-0.046401817351579666,0.3099515438079834,0.5129921436309814,-0.07267668843269348,0.3013156056404114,0.4607192575931549,-0.09711408615112305,0.4197121560573578,0.4626588225364685,-0.011079556308686733,0.4276118874549866,0.3590637445449829,-0.04091160371899605,0.42497026920318604,0.30287736654281616,-0.060277074575424194,0.43116915225982666,0.25547605752944946,-0.0749506726861,0.4500110447406769,0.4684848487377167,-0.021196503192186356,0.4106025695800781,0.375735342502594,-0.0774051770567894,0.3496990501880646,0.40021535754203796,-0.10005536675453186,0.31557732820510864,0.44055041670799255,-0.10305781662464142,0.4788097143173218,0.48288267850875854,-0.03686013072729111,0.4390368163585663,0.40320152044296265,-0.0882454514503479,0.3737521767616272,0.4214255213737488,-0.0976497009396553,0.33469483256340027,0.4549933671951294,-0.09076675027608871,0.5083350539207458,0.5072318315505981,-0.055479299277067184,0.46671196818351746,0.4489576816558838,-0.08943700790405273,0.411177396774292,0.437572717666626,-0.09821417182683945,0.3684200644493103,0.44554969668388367,-0.09692561626434326,D
0.5005603432655334,0.8420340418815613,-6.47789306640334e-07,0.4109621047973633,0.7374281287193298,-0.018540343269705772,0.36215782165527344,0.6488317847251892,-0.04988051950931549,0.31006959080696106,0.5850476026535034,-0.08802685886621475,0.26152169704437256,0.5353668928146362,-0.13109946250915527,0.5346649289131165,0.5024616122245789,-0.032215289771556854,0.505068838596344,0.3759852647781372,-0.06521338224411011,0.4896196126937866,0.3015105128288269,-0.09467805176973343,0.4775889217853546,0.23701170086860657,-0.11867813020944595,0.5649731159210205,0.5217201709747314,-0.04900599271059036,0.4188276529312134,0.4183860719203949,-0.09334273636341095,0.32700979709625244,0.4532028138637543,-0.11422531306743622,0.2849237322807312,0.5009007453918457,-0.1258179247379303,0.5635026097297668,0.5577183365821838,-0.06829385459423065,0.42126673460006714,0.46003514528274536,-0.11354773491621017,0.3326178789138794,0.48790037631988525,-0.11689606308937073,0.2825694680213928,0.5322355628013611,-0.11281449347734451,0.5427607893943787,0.6032647490501404,-0.08991172164678574,0.4372234344482422,0.5253967046737671,-0.12172189354896545,0.36467641592025757,0.5146427750587463,-0.12210637331008911,0.3080306649208069,0.522546648979187,-0.11739575117826462,D
0.439693808555603,0.7525880336761475,-4.4522482767206384e-07,0.348373681306839,0.6918725371360779,-0.019727002829313278,0.2852301597595215,0.6172517538070679,-0.03970817103981972,0.2323000282049179,0.5612450838088989,-0.06881790608167648,0.2150300294160843,0.5042868852615356,-0.0965728685259819,0.3770224452018738,0.4853722155094147,-0.0010038153268396854,0.3756098449230194,0.3611842691898346,-0.032027363777160645,0.36444664001464844,0.29189300537109375,-0.05161024257540703,0.36019065976142883,0.2332633137702942,-0.06637410819530487,0.4137108027935028,0.490032821893692,-0.017934907227754593,0.34785398840904236,0.3948664665222168,-0.08066102862358093,0.2715640962123871,0.4259398281574249,-0.10677944868803024,0.23174545168876648,0.4712204039096832,-0.1097530871629715,0.4465426802635193,0.5029823780059814,-0.04049887880682945,0.3820159435272217,0.4139643609523773,-0.09744349867105484,0.30164748430252075,0.4387894868850708,-0.1069381833076477,0.2570117712020874,0.4806835353374481,-0.09761808067560196,0.47565850615501404,0.5260236859321594,-0.06567198783159256,0.4154423773288727,0.4538339078426361,-0.10226853936910629,0.3454810380935669,0.4450334310531616,-0.10850490629673004,0.2958970367908478,0.4598097801208496,-0.10317029058933258,D
0.4680289924144745,0.8285478949546814,-6.901120741531486e-07,0.37542250752449036,0.7577944397926331,-0.02400536835193634,0.3100197911262512,0.6779431104660034,-0.0488683320581913,0.25570863485336304,0.6208182573318481,-0.08261831104755402,0.22883100807666779,0.566391110420227,-0.11573122441768646,0.4159947335720062,0.5291852951049805,-0.012566758319735527,0.41087645292282104,0.40261581540107727,-0.05332363769412041,0.3956131935119629,0.3376837968826294,-0.08070889860391617,0.3849058151245117,0.28242915868759155,-0.09960490465164185,0.4559476673603058,0.5391832590103149,-0.028998179361224174,0.36792507767677307,0.4435720145702362,-0.09739084541797638,0.28699174523353577,0.48038581013679504,-0.12823739647865295,0.24454839527606964,0.5298646688461304,-0.13603368401527405,0.4878889322280884,0.5602806210517883,-0.05141257867217064,0.39674651622772217,0.4797452688217163,-0.11764707416296005,0.3090131878852844,0.5095963478088379,-0.13289636373519897,0.2599782943725586,0.5529067516326904,-0.1269339770078659,0.5122779607772827,0.5927378535270691,-0.07610268145799637,0.43977829813957214,0.5240861177444458,-0.1190643161535263,0.36334359645843506,0.5191448926925659,-0.12822142243385315,0.3062465786933899,0.5346173048019409,-0.12492027133703232,D
0.6303181648254395,0.9693500995635986,-6.107781587161298e-07,0.48575207591056824,0.9196359515190125,-0.003753068158403039,0.38000720739364624,0.8140378594398499,-0.019269393756985664,0.28271639347076416,0.7465510368347168,-0.05417485535144806,0.21904119849205017,0.6705530881881714,-0.08999323099851608,0.49247127771377563,0.6043771505355835,0.04350743815302849,0.4660232961177826,0.43982377648353577,0.011455491185188293,0.44289302825927734,0.3458852767944336,-0.01724572665989399,0.41935521364212036,0.26877763867378235,-0.04377300292253494,0.5503450632095337,0.597882866859436,0.002107333391904831,0.4078822731971741,0.4868098497390747,-0.07191876322031021,0.2997358739376068,0.5333005785942078,-0.11950089782476425,0.23975056409835815,0.5994253158569336,-0.13838353753089905,0.5983591079711914,0.609761655330658,-0.04676903784275055,0.46277594566345215,0.5111705660820007,-0.1182495504617691,0.33369195461273193,0.5530380606651306,-0.14631427824497223,0.25701427459716797,0.6113001704216003,-0.14896686375141144,0.6342899799346924,0.6435953378677368,-0.097804956138134,0.5061472654342651,0.5745406746864319,-0.1521458625793457,0.3942338228225708,0.5739230513572693,-0.17407995462417603,0.3153640031814575,0.598347544670105,-0.1786479353904724,D
0.7282271981239319,0.9941000938415527,-6.231164775272191e-07,0.6309066414833069,0.9624490737915039,-0.053828466683626175,0.5386818647384644,0.8958976864814758,-0.10008317977190018,0.46650755405426025,0.8333906531333923,-0.1512676179409027,0.4201352000236511,0.7628868222236633,-0.20262980461120605,0.6423769593238831,0.6961119771003723,-0.05962783098220825,0.6174562573432922,0.5425573587417603,-0.12077952921390533,0.6007431149482727,0.45228832960128784,-0.163394495844841,0.5910450220108032,0.38425254821777344,-0.19387437403202057,0.6980500817298889,0.6992154717445374,-0.06851202994585037,0.5741177797317505,0.5954264998435974,-0.1582457721233368,0.4778388738632202,0.6570711135864258,-0.1898990422487259,0.43607407808303833,0.7264678478240967,-0.19559603929519653,0.7473270297050476,0.7274883985519409,-0.08602642267942429,0.6381155252456665,0.6230430006980896,-0.17161789536476135,0.5289730429649353,0.6681238412857056,-0.18079495429992676,0.46772128343582153,0.7314557433128357,-0.16758941113948822,0.7900820970535278,0.7757039070129395,-0.1084723100066185,0.6937437653541565,0.7080165147781372,-0.17601042985916138,0.5957322120666504,0.7070204615592957,-0.19041913747787476,0.525677502155304,0.73308926820755,-0.186265766620636,D
0.5506035685539246,1.017313838005066,-5.565525498241186e-07,0.43054234981536865,0.9745351076126099,-0.03463885188102722,0.3308933973312378,0.8918527364730835,-0.07310207188129425,0.2396601140499115,0.8297943472862244,-0.12175057828426361,0.18637341260910034,0.7657519578933716,-0.170870840549469,0.46183475852012634,0.6770457029342651,-0.018873654305934906,0.41653287410736084,0.5285940766334534,-0.06734959036111832,0.3873082995414734,0.4373992681503296,-0.10708429664373398,0.3601727783679962,0.36456745862960815,-0.13824592530727386,0.5112383365631104,0.6792353391647339,-0.04126785323023796,0.3457992672920227,0.571358323097229,-0.11862777918577194,0.2576543688774109,0.6331274509429932,-0.15646131336688995,0.21899008750915527,0.7091079354286194,-0.1673150658607483,0.5485763549804688,0.7029231786727905,-0.07062026113271713,0.3923874497413635,0.6120743155479431,-0.14294004440307617,0.2796854078769684,0.660601019859314,-0.1538437455892563,0.21881571412086487,0.7259862422943115,-0.14303235709667206,0.5672512650489807,0.7495560646057129,-0.1045866385102272,0.4292774498462677,0.6882163286209106,-0.15875351428985596,0.3285255432128906,0.6929845809936523,-0.1681908220052719,0.2616184949874878,0.7242534160614014,-0.16093522310256958,D
0.5788447856903076,0.7446104884147644,-4.651543008549197e-07,0.48599696159362793,0.699874758720398,-0.007430154364556074,0.42032527923583984,0.6353556513786316,-0.016936641186475754,0.3649112582206726,0.5873733758926392,-0.0372077040374279,0.3307443857192993,0.5366648435592651,-0.05803662911057472,0.4801212251186371,0.5108045339584351,0.026245810091495514,0.46063071489334106,0.4129860997200012,0.006400419864803553,0.44184496998786926,0.35918253660202026,-0.0093698650598526,0.42624107003211975,0.31303274631500244,-0.022065531462430954,0.5110557079315186,0.5064975619316101,0.006203590892255306,0.43282750248908997,0.4301733374595642,-0.04001671448349953,0.36688941717147827,0.45802533626556396,-0.06898210197687149,0.3276567757129669,0.5004724264144897,-0.07766249030828476,0.5400373339653015,0.5114661455154419,-0.018802568316459656,0.4622860848903656,0.4424196779727936,-0.0653006061911583,0.3892210125923157,0.46900466084480286,-0.08501023054122925,0.3463025391101837,0.5102510452270508,-0.08510615676641464,0.5695453882217407,0.5269800424575806,-0.04485146701335907,0.4934099018573761,0.4698832631111145,-0.075633205473423,0.42627742886543274,0.4668623208999634,-0.08604191988706589,0.3795514702796936,0.4840555191040039,-0.08554452657699585,D
0.5988572239875793,0.8240976929664612,-8.026157161111769e-07,0.474220871925354,0.7639240622520447,0.012438327074050903,0.3943827748298645,0.6791362166404724,0.003947071265429258,0.33006227016448975,0.6115474700927734,-0.022891351953148842,0.2941301167011261,0.5463868975639343,-0.052051108330488205,0.505420446395874,0.5151478052139282,0.052025146782398224,0.4745486378669739,0.3843397796154022,0.04002399742603302,0.4457681179046631,0.3154212236404419,0.025166332721710205,0.4239281415939331,0.2546343207359314,0.008828655816614628,0.5471678376197815,0.5134511590003967,0.01608225889503956,0.43233251571655273,0.41640788316726685,-0.026644885540008545,0.3640429675579071,0.449296772480011,-0.05820748209953308,0.3328981399536133,0.4993845522403717,-0.07217894494533539,0.5793846845626831,0.5235332250595093,-0.024015767499804497,0.4648883640766144,0.437041312456131,-0.06470950692892075,0.3796083629131317,0.46108299493789673,-0.08387977629899979,0.3315579891204834,0.5068767070770264,-0.08877789974212646,0.6029898524284363,0.5444549322128296,-0.06491480767726898,0.49796950817108154,0.47561973333358765,-0.09108041971921921,0.4154086112976074,0.47171318531036377,-0.10116420686244965,0.35942643880844116,0.49251651763916016,-0.10434258729219437,D
0.36972272396087646,0.6893575191497803,-3.698258694839751e-07,0.29402101039886475,0.6385862827301025,-0.018985331058502197,0.2441587746143341,0.5786436796188354,-0.036706969141960144,0.20239435136318207,0.5274815559387207,-0.061738576740026474,0.18582800030708313,0.4785284101963043,-0.08539208024740219,0.3200303614139557,0.47242093086242676,0.004141081590205431,0.3184244930744171,0.37498024106025696,-0.018352888524532318,0.30825287103652954,0.3182494640350342,-0.0338420495390892,0.3037283420562744,0.2697818875312805,-0.046935345977544785,0.35065391659736633,0.4732401371002197,-0.008606450632214546,0.2986812889575958,0.39824679493904114,-0.058988939970731735,0.24201726913452148,0.42255789041519165,-0.08404280990362167,0.2079877257347107,0.4588579535484314,-0.08944873511791229,0.37867262959480286,0.48233354091644287,-0.02610987238585949,0.32505330443382263,0.41674673557281494,-0.07265204191207886,0.2607489228248596,0.4366509020328522,-0.08497840166091919,0.22050556540489197,0.46815529465675354,-0.0812905803322792,0.4038192629814148,0.5002924203872681,-0.04598568007349968,0.3478058874607086,0.4487849473953247,-0.07566305994987488,0.28976011276245117,0.44269847869873047,-0.0841003879904747,0.24727672338485718,0.45245227217674255,-0.08333610743284225,D
0.6440504193305969,0.9114869832992554,-7.035556564005674e-07,0.5164568424224854,0.814598798751831,-0.034495364874601364,0.4304940104484558,0.6940608024597168,-0.0708673894405365,0.3451257348060608,0.6078742742538452,-0.11898663640022278,0.30021482706069946,0.5239088535308838,-0.166677325963974,0.5856680870056152,0.4896470308303833,-0.008070424199104309,0.5706748962402344,0.31593000888824463,-0.05802525207400322,0.5594164133071899,0.2176092565059662,-0.09711766988039017,0.5501903295516968,0.13275760412216187,-0.12907588481903076,0.6468736529350281,0.4984576404094696,-0.032722510397434235,0.5131994485855103,0.3625365197658539,-0.12307487428188324,0.39785856008529663,0.4098866581916809,-0.1692546159029007,0.33263832330703735,0.47818446159362793,-0.18476231396198273,0.6940313577651978,0.5285369753837585,-0.06597759574651718,0.576102077960968,0.40578654408454895,-0.14961010217666626,0.4490633010864258,0.43966585397720337,-0.171732097864151,0.37032902240753174,0.49843499064445496,-0.16778002679347992,0.7268543839454651,0.5812513828277588,-0.10342486947774887,0.6147571206092834,0.49306386709213257,-0.1628178060054779,0.5041611194610596,0.4765928387641907,-0.18208840489387512,0.42134907841682434,0.4914161264896393,-0.1835651695728302,D
0.47379618883132935,0.9645355939865112,-7.363600502685586e-07,0.332446426153183,0.9341186881065369,-0.011694921180605888,0.2220686376094818,0.8663604855537415,-0.046120721846818924,0.12084725499153137,0.8316779136657715,-0.09479386359453201,0.042341768741607666,0.7775628566741943,-0.14832164347171783,0.3598487973213196,0.6381931304931641,-0.026666508987545967,0.3098716139793396,0.501213550567627,-0.07629900425672531,0.27861565351486206,0.41617080569267273,-0.11644048988819122,0.24988341331481934,0.3484196364879608,-0.14866428077220917,0.41226717829704285,0.6461194157600403,-0.062030985951423645,0.21869224309921265,0.5854040384292603,-0.1365508735179901,0.11300566792488098,0.6494736075401306,-0.1769900768995285,0.06330817937850952,0.7092027068138123,-0.19671320915222168,0.44286590814590454,0.6838737726211548,-0.10122732818126678,0.2562585175037384,0.6182994246482849,-0.17752888798713684,0.13409769535064697,0.6722814440727234,-0.19650882482528687,0.06542831659317017,0.7286783456802368,-0.19573883712291718,0.4528367221355438,0.7410967350006104,-0.14120163023471832,0.3067575693130493,0.6840291023254395,-0.20522551238536835,0.2023703008890152,0.6867708563804626,-0.22133193910121918,0.1269293576478958,0.7069535851478577,-0.22050146758556366,D
0.653968334197998,0.9692971706390381,-6.759364055142214e-07,0.5078011155128479,0.928512692451477,-0.01746055856347084,0.3855873942375183,0.7938622236251831,-0.04263889417052269,0.2714386582374573,0.722055196762085,-0.08591748028993607,0.18390658497810364,0.63640958070755,-0.13210521638393402,0.5440388321876526,0.5341073274612427,0.023342829197645187,0.49876275658607483,0.35509148240089417,-0.027259154245257378,0.4666186273097992,0.2339918315410614,-0.07259168475866318,0.4348383843898773,0.1440768539905548,-0.11055834591388702,0.6111620664596558,0.5326414704322815,-0.02064036764204502,0.42881304025650024,0.4169665575027466,-0.11776527017354965,0.299601286649704,0.4774109423160553,-0.1820039451122284,0.22375765442848206,0.5513904690742493,-0.2087109535932541,0.6658217906951904,0.5652282238006592,-0.0728696882724762,0.49423423409461975,0.4608563780784607,-0.1763177514076233,0.3348800539970398,0.515052080154419,-0.2182134985923767,0.23185032606124878,0.5783105492591858,-0.22148676216602325,0.7012262344360352,0.6263428926467896,-0.12608186900615692,0.5433743000030518,0.5400105118751526,-0.21153299510478973,0.41527414321899414,0.5326617360115051,-0.24430732429027557,0.32210230827331543,0.5488278269767761,-0.24892710149288177,D
0.6456302404403687,0.9476426839828491,-6.822307909715164e-07,0.4962366819381714,0.8866703510284424,0.012337381020188332,0.39918890595436096,0.7888985872268677,0.00201736600138247,0.3074713349342346,0.7259683609008789,-0.03218114748597145,0.24791324138641357,0.6480565667152405,-0.06914059072732925,0.514198899269104,0.596294641494751,0.06570003926753998,0.4903290271759033,0.43908804655075073,0.04223937913775444,0.46864384412765503,0.3505157232284546,0.016616657376289368,0.4465942978858948,0.2737225592136383,-0.009214410558342934,0.568621814250946,0.5928294062614441,0.015516835264861584,0.4358401298522949,0.48491984605789185,-0.052919384092092514,0.32746413350105286,0.5237851738929749,-0.10408037900924683,0.26152700185775757,0.5856582522392273,-0.12707474827766418,0.6131302118301392,0.603003740310669,-0.041014399379491806,0.48780471086502075,0.5036283731460571,-0.1088554859161377,0.36064255237579346,0.5425192713737488,-0.14009247720241547,0.2834707796573639,0.6007440686225891,-0.1462237387895584,0.645684540271759,0.630459189414978,-0.0982702299952507,0.5289626717567444,0.5570868253707886,-0.14907290041446686,0.42148861289024353,0.5575411319732666,-0.16954413056373596,0.3448983430862427,0.5850062966346741,-0.17453548312187195,D
0.7727038860321045,0.8572671413421631,-6.986501261962985e-07,0.6488135457038879,0.8025789260864258,-0.020711790770292282,0.5526614189147949,0.7068309783935547,-0.037745773792266846,0.47357213497161865,0.6290335655212402,-0.06963350623846054,0.43307942152023315,0.5576905608177185,-0.10183825343847275,0.647895097732544,0.5284154415130615,0.033475782722234726,0.6247289180755615,0.3733329772949219,0.004049950744956732,0.6006799340248108,0.2882313132286072,-0.01984015665948391,0.5849126577377319,0.21768254041671753,-0.040608394891023636,0.7014085650444031,0.5262584686279297,0.007275228854268789,0.6086510419845581,0.3944639563560486,-0.06548882275819778,0.5104700326919556,0.4304242730140686,-0.11115489155054092,0.4544404447078705,0.4953705966472626,-0.1248389258980751,0.7548342943191528,0.5383231043815613,-0.027281899005174637,0.659654438495636,0.42504656314849854,-0.10086797177791595,0.5451425313949585,0.4557798206806183,-0.1330215036869049,0.48143795132637024,0.5121817588806152,-0.13380445539951324,0.8064700365066528,0.5665732622146606,-0.06419387459754944,0.7153761386871338,0.46817001700401306,-0.11334675550460815,0.61963951587677,0.46003174781799316,-0.13230068981647491,0.556210994720459,0.48542532324790955,-0.13441923260688782,D
0.5243288278579712,0.8981785774230957,-5.09856022290478e-07,0.4267653226852417,0.8262625932693481,-0.013374491594731808,0.3659932315349579,0.7597512602806091,-0.03971557691693306,0.3039889931678772,0.7156637907028198,-0.07529045641422272,0.2591570019721985,0.6742650270462036,-0.1139812171459198,0.4876459538936615,0.6074195504188538,-0.011595644988119602,0.45423606038093567,0.501022219657898,-0.041640132665634155,0.43764081597328186,0.43886083364486694,-0.06524195522069931,0.4263209104537964,0.38474199175834656,-0.08341190963983536,0.5196843147277832,0.616428554058075,-0.03158889710903168,0.38942068815231323,0.5423867702484131,-0.08138915151357651,0.30955469608306885,0.5838344693183899,-0.10503293573856354,0.2770584225654602,0.6355196237564087,-0.11298545449972153,0.5301423072814941,0.640156626701355,-0.05496073514223099,0.4078483581542969,0.5724061131477356,-0.10266151279211044,0.3235464096069336,0.6025111079216003,-0.11077830195426941,0.28268927335739136,0.6476184725761414,-0.10516411066055298,0.5267298817634583,0.6756495237350464,-0.07971928268671036,0.438211053609848,0.6127753257751465,-0.10863643139600754,0.36788398027420044,0.6083524227142334,-0.10869389027357101,0.31791654229164124,0.6269856095314026,-0.10120939463376999,D
0.49891790747642517,0.8719165325164795,-5.971861583020655e-07,0.3835375905036926,0.788715660572052,-0.0038478693459182978,0.3173387348651886,0.7164815664291382,-0.025607574731111526,0.24697639048099518,0.6712791323661804,-0.05804605782032013,0.18916499614715576,0.6306024789810181,-0.09522580355405807,0.44167038798332214,0.5524510145187378,-0.005066662561148405,0.39622458815574646,0.4414660632610321,-0.026676487177610397,0.37677714228630066,0.3804674744606018,-0.0456651896238327,0.3625185787677765,0.3277435898780823,-0.06130068749189377,0.47342821955680847,0.5593578815460205,-0.02675786428153515,0.3287737965583801,0.4869368374347687,-0.06590152531862259,0.25177860260009766,0.5290458798408508,-0.08841561526060104,0.22107774019241333,0.5822296142578125,-0.09882472455501556,0.4812987446784973,0.5867377519607544,-0.04983547329902649,0.34013208746910095,0.5212873816490173,-0.08793724328279495,0.2587043046951294,0.551983118057251,-0.09643682092428207,0.21771997213363647,0.5971291065216064,-0.09449261426925659,0.47354355454444885,0.6280138492584229,-0.07342256605625153,0.37128275632858276,0.5674931406974792,-0.09309423714876175,0.3021741509437561,0.5598577857017517,-0.09139756858348846,0.25179433822631836,0.5726447105407715,-0.08558725565671921,D
0.5440663695335388,0.7392663359642029,-2.8974136512260884e-07,0.4544225335121155,0.6829176545143127,-0.01321861520409584,0.40075889229774475,0.6204730272293091,-0.03197856247425079,0.3448854088783264,0.5767968893051147,-0.06038099527359009,0.30772727727890015,0.5275311470031738,-0.08950188010931015,0.5140737295150757,0.49203410744667053,0.007789896801114082,0.5015729665756226,0.39810118079185486,-0.011378946714103222,0.4934631288051605,0.3429450988769531,-0.02628517523407936,0.48807886242866516,0.294247567653656,-0.038745980709791183,0.537589967250824,0.49189436435699463,-0.00923837348818779,0.4456377923488617,0.4338401257991791,-0.05422843620181084,0.38672393560409546,0.4574085474014282,-0.0817718654870987,0.3573649525642395,0.4921383559703827,-0.09144294261932373,0.5490028262138367,0.4997251629829407,-0.03008996695280075,0.45414578914642334,0.4401208162307739,-0.07650196552276611,0.38099879026412964,0.46266886591911316,-0.09423448145389557,0.33859550952911377,0.5021678805351257,-0.09425173699855804,0.5492821931838989,0.5156010985374451,-0.05226278677582741,0.4723290205001831,0.4560448229312897,-0.08095487207174301,0.4086161255836487,0.4530600905418396,-0.0872422382235527,0.36050504446029663,0.47350242733955383,-0.08434566110372543,D
0.5547269582748413,0.657526433467865,-3.649793995919026e-07,0.4802072048187256,0.6228539943695068,-0.010877103544771671,0.42653366923332214,0.5701220035552979,-0.019681433215737343,0.38547539710998535,0.529674232006073,-0.035674914717674255,0.3643174469470978,0.4888326823711395,-0.050930920988321304,0.4680113196372986,0.4679412841796875,0.01409921608865261,0.4527723789215088,0.3860393762588501,-0.005629271734505892,0.43499720096588135,0.34140029549598694,-0.020497221499681473,0.42073890566825867,0.30319511890411377,-0.03146619349718094,0.4961431324481964,0.46460390090942383,0.0003556158917490393,0.4517439305782318,0.39578279852867126,-0.04092392325401306,0.4043272137641907,0.4132143259048462,-0.06462977081537247,0.3740019202232361,0.44226548075675964,-0.07082001864910126,0.5249323844909668,0.4685722887516022,-0.01772300899028778,0.47690966725349426,0.41046851873397827,-0.058106958866119385,0.42112189531326294,0.4313412308692932,-0.07334764301776886,0.38631191849708557,0.46158522367477417,-0.07216567546129227,0.5546097159385681,0.48064690828323364,-0.03695642575621605,0.5027621984481812,0.43024542927742004,-0.06255407631397247,0.4499909579753876,0.42681995034217834,-0.07011258602142334,0.41019201278686523,0.4373188018798828,-0.06919075548648834,D
0.5249536633491516,0.6675831079483032,-5.319946012605214e-07,0.4246606230735779,0.6099859476089478,-0.011417964473366737,0.3619871139526367,0.545367956161499,-0.03020024485886097,0.29863953590393066,0.4999611973762512,-0.058925811201334,0.2509603500366211,0.45152756571769714,-0.08862955868244171,0.4756816625595093,0.3899034559726715,0.011035346426069736,0.45081642270088196,0.28653597831726074,-0.008982203900814056,0.43209925293922424,0.22903820872306824,-0.023710165172815323,0.4181927740573883,0.18210053443908691,-0.03501599654555321,0.4973927140235901,0.38770970702171326,-0.006618035491555929,0.3880372643470764,0.32204732298851013,-0.05028710141777992,0.3182722330093384,0.3608987033367157,-0.07405149191617966,0.286743700504303,0.4105265438556671,-0.0799323245882988,0.5068638920783997,0.39628323912620544,-0.028588561341166496,0.4049992263317108,0.33300065994262695,-0.07236267626285553,0.32715466618537903,0.3548904359340668,-0.08749721199274063,0.2816121578216553,0.39440417289733887,-0.08562659472227097,0.5071000456809998,0.41801562905311584,-0.0516938641667366,0.42603644728660583,0.36004045605659485,-0.07474761456251144,0.3577754497528076,0.3507266044616699,-0.07797717303037643,0.30459707975387573,0.36188817024230957,-0.0733138844370842,D
0.49964311718940735,0.7173408269882202,-5.221027663537825e-07,0.38415953516960144,0.6509876847267151,-0.007734505459666252,0.3184302747249603,0.5864427089691162,-0.03123633936047554,0.24671311676502228,0.5410024523735046,-0.06507819145917892,0.19085511565208435,0.4933900535106659,-0.10244018584489822,0.4465111494064331,0.4188855290412903,-0.000799898523837328,0.40421730279922485,0.31480154395103455,-0.02142215333878994,0.38301584124565125,0.2568761706352234,-0.04051664471626282,0.3664882779121399,0.20455291867256165,-0.05667682737112045,0.4744908809661865,0.4216212332248688,-0.021604277193546295,0.3400450646877289,0.3572041392326355,-0.060744758695364,0.26561760902404785,0.39248204231262207,-0.08543401211500168,0.23269851505756378,0.4362587034702301,-0.09735795110464096,0.4788496494293213,0.4401057958602905,-0.044699642807245255,0.34692734479904175,0.3779498338699341,-0.08380497246980667,0.2639961540699005,0.4056084156036377,-0.09627433866262436,0.21976523101329803,0.4466397166252136,-0.09710285812616348,0.4658815562725067,0.47046929597854614,-0.06862802803516388,0.3632737994194031,0.4079360365867615,-0.09117396920919418,0.2929340600967407,0.40472492575645447,-0.09148409962654114,0.2411470264196396,0.42294788360595703,-0.0865502804517746,D
0.4117254912853241,0.7483044862747192,-3.2315736575583287e-07,0.34949031472206116,0.7141203880310059,-0.022476036101579666,0.3016509413719177,0.659642219543457,-0.03750362992286682,0.2698006331920624,0.6122708320617676,-0.056139130145311356,0.26745879650115967,0.5720770359039307,-0.07274121046066284,0.3575292229652405,0.5690430998802185,-0.009328799322247505,0.3538002371788025,0.48206907510757446,-0.032621271908283234,0.34548547863960266,0.4341977834701538,-0.046731747686862946,0.34354153275489807,0.3946232795715332,-0.05733746662735939,0.3876507580280304,0.5694226026535034,-0.014995182864367962,0.34980759024620056,0.4971151351928711,-0.05885813757777214,0.2992584705352783,0.5170918107032776,-0.07570410519838333,0.27140575647354126,0.5481688976287842,-0.07707101106643677,0.417446106672287,0.5770253539085388,-0.025279071182012558,0.3823893070220947,0.5121177434921265,-0.06653156876564026,0.327946275472641,0.5308074951171875,-0.07378537207841873,0.29665684700012207,0.5603117346763611,-0.06739813834428787,0.4475632309913635,0.5937261581420898,-0.03792554512619972,0.40822649002075195,0.544725775718689,-0.06576689332723618,0.36069726943969727,0.536720871925354,-0.07359077781438828,0.3272412419319153,0.5433065891265869,-0.07250555604696274,D
0.7155085206031799,0.8966832756996155,-4.907356583316869e-07,0.5721731781959534,0.802070140838623,7.646055018994957e-05,0.4883267879486084,0.6833305954933167,-0.009988687932491302,0.413835346698761,0.5986757278442383,-0.040574148297309875,0.3706117868423462,0.5071606040000916,-0.07111489027738571,0.6320463418960571,0.5067867636680603,0.07086402177810669,0.6201459765434265,0.355879008769989,0.05739235132932663,0.6028257608413696,0.2645260691642761,0.04135758802294731,0.5909056663513184,0.18103620409965515,0.023208249360322952,0.6915435791015625,0.5071634650230408,0.0317072868347168,0.5992597937583923,0.3882611393928528,-0.03121093288064003,0.5123619437217712,0.4087596535682678,-0.08270911872386932,0.4503008723258972,0.4481162130832672,-0.10305189341306686,0.7442951798439026,0.5195536613464355,-0.014008483849465847,0.6228666305541992,0.4138859510421753,-0.07982836663722992,0.5031846761703491,0.43344807624816895,-0.12043583393096924,0.41940250992774963,0.47231525182724,-0.13104009628295898,0.7847083806991577,0.5446791052818298,-0.06056934595108032,0.6723512411117554,0.44542649388313293,-0.1020200178027153,0.5696060061454773,0.4197421073913574,-0.12226367741823196,0.48815399408340454,0.4217956066131592,-0.12876170873641968,D
0.5766523480415344,0.7190361022949219,-3.0091055691627844e-07,0.49360841512680054,0.6832500696182251,-0.0024117210414260626,0.4388212263584137,0.625874400138855,-0.005436832085251808,0.39807820320129395,0.5807062983512878,-0.018343841657042503,0.3719403147697449,0.5359644889831543,-0.030691785737872124,0.48280155658721924,0.5270920991897583,0.03340182825922966,0.46550384163856506,0.44507044553756714,0.023266145959496498,0.4503774344921112,0.3991859555244446,0.015453852713108063,0.44064587354660034,0.3570290207862854,0.007687042932957411,0.509843111038208,0.5221714973449707,0.015257985331118107,0.4630274176597595,0.4542611241340637,-0.020636387169361115,0.41960299015045166,0.467224657535553,-0.04371929168701172,0.391146183013916,0.49295759201049805,-0.049897439777851105,0.5378552079200745,0.5245479941368103,-0.007188428658992052,0.4800962209701538,0.4615388512611389,-0.046978067606687546,0.4208328425884247,0.48385438323020935,-0.06557413935661316,0.3847435712814331,0.5185956358909607,-0.06636833399534225,0.5675974488258362,0.5328881740570068,-0.029985465109348297,0.5086900591850281,0.47854316234588623,-0.05572013184428215,0.4515966773033142,0.4750143885612488,-0.06571035832166672,0.4108145236968994,0.4881143569946289,-0.06707299500703812,D
0.5658136606216431,0.660466730594635,-3.05230798858247e-07,0.4921274483203888,0.6272236108779907,-0.012577405199408531,0.43922168016433716,0.5755056142807007,-0.0222584530711174,0.39979374408721924,0.5347055792808533,-0.03930981457233429,0.3752008080482483,0.49286088347435,-0.056067921221256256,0.4859582483768463,0.47473204135894775,0.011531732976436615,0.4764062464237213,0.390678346157074,-0.007531383074820042,0.46236327290534973,0.3443772792816162,-0.021160202100872993,0.4507395327091217,0.30517011880874634,-0.03126635402441025,0.5140834450721741,0.4716322124004364,-0.0011983956210315228,0.46763184666633606,0.4027363359928131,-0.04191944748163223,0.41957780718803406,0.4206838309764862,-0.0647658184170723,0.39133119583129883,0.4514024257659912,-0.07049597799777985,0.5419626235961914,0.4760523736476898,-0.018330346792936325,0.491077184677124,0.41494041681289673,-0.05879765376448631,0.43338966369628906,0.43630293011665344,-0.07361455261707306,0.3997766375541687,0.46842026710510254,-0.07192113250494003,0.5714296698570251,0.4887961149215698,-0.036781519651412964,0.5222094655036926,0.43353384733200073,-0.06321129202842712,0.46879512071609497,0.42665669322013855,-0.07110808789730072,0.4285031259059906,0.43571653962135315,-0.07013268023729324,D
0.568321704864502,0.9456623792648315,-8.553082011530933e-07,0.4143092930316925,0.8323769569396973,-0.018746301531791687,0.3206293284893036,0.6988964080810547,-0.0626584142446518,0.23106548190116882,0.6125391125679016,-0.1201845034956932,0.1704515516757965,0.5352054238319397,-0.1816105842590332,0.5637286901473999,0.4912717044353485,-0.04268936067819595,0.5175677537918091,0.3018593490123749,-0.11167806386947632,0.4949965178966522,0.18211022019386292,-0.16807220876216888,0.4643854796886444,0.08090943098068237,-0.21169674396514893,0.6226324439048767,0.5217870473861694,-0.08237964659929276,0.41520845890045166,0.3584024906158447,-0.17791546881198883,0.2767590582370758,0.4108785092830658,-0.21804727613925934,0.20644301176071167,0.47552669048309326,-0.23334647715091705,0.642733097076416,0.5801675915718079,-0.12772716581821442,0.44196420907974243,0.4259955883026123,-0.2160962074995041,0.2889918386936188,0.45796987414360046,-0.2209806889295578,0.20227837562561035,0.5123611688613892,-0.20761090517044067,0.6275497078895569,0.6545096635818481,-0.176139235496521,0.46950483322143555,0.5349205136299133,-0.24782204627990723,0.3390777111053467,0.5076298117637634,-0.25821706652641296,0.24547812342643738,0.5138620138168335,-0.2511902451515198,D
0.4871445298194885,0.6216382384300232,-1.0831356576090911e-06,0.3582189679145813,0.5987011790275574,-0.051917582750320435,0.25365060567855835,0.4706018567085266,-0.07424099743366241,0.27147936820983887,0.33130699396133423,-0.09883096814155579,0.38815274834632874,0.3008502721786499,-0.10844475775957108,0.2587658166885376,0.2574889361858368,0.01034507155418396,0.2446884959936142,0.11139541864395142,-0.0430474691092968,0.2543385624885559,0.17190298438072205,-0.07397736608982086,0.2660219371318817,0.2505146563053131,-0.08784162253141403,0.3531581163406372,0.23054379224777222,0.007070447783917189,0.3496353328227997,0.07050096988677979,-0.043763693422079086,0.3487650454044342,0.1861230432987213,-0.05005010589957237,0.3481634259223938,0.26636451482772827,-0.03658119589090347,0.44041770696640015,0.2373127043247223,-0.010322744958102703,0.449411541223526,0.09732617437839508,-0.05714194476604462,0.43177512288093567,0.19821618497371674,-0.03451688960194588,0.4242003858089447,0.2784039378166199,-0.002564283786341548,0.5327551364898682,0.2731005549430847,-0.035537611693143845,0.5300952792167664,0.15414735674858093,-0.06498035788536072,0.5063687562942505,0.20466533303260803,-0.04892154783010483,0.4929254949092865,0.26805827021598816,-0.026773719117045403,E
0.514299213886261,0.7053542733192444,-5.605596697932924e-07,0.39249229431152344,0.6748054027557373,-0.08144333958625793,0.3144868314266205,0.5668578147888184,-0.11779116094112396,0.3219463527202606,0.45331618189811707,-0.1491304337978363,0.41403281688690186,0.41723427176475525,-0.16815735399723053,0.3164495527744293,0.3901140093803406,-0.033213481307029724,0.31063640117645264,0.24815751612186432,-0.09157458692789078,0.3206213712692261,0.27993088960647583,-0.13646721839904785,0.3228183388710022,0.354579895734787,-0.16359423100948334,0.40373098850250244,0.36958497762680054,-0.020306799560785294,0.39118146896362305,0.2080807089805603,-0.07817552238702774,0.39650940895080566,0.26762253046035767,-0.12335643917322159,0.394880086183548,0.3426697850227356,-0.14745749533176422,0.4786258339881897,0.37176313996315,-0.019723758101463318,0.4743001163005829,0.22708064317703247,-0.06825666129589081,0.46907874941825867,0.27437061071395874,-0.08976038545370102,0.4669063687324524,0.3540322482585907,-0.0968380868434906,0.5626726746559143,0.3956040143966675,-0.02792111411690712,0.5515148639678955,0.29432567954063416,-0.07006656378507614,0.5469686985015869,0.3084660768508911,-0.09234537929296494,0.542337954044342,0.36078426241874695,-0.10328090935945511,E
0.7041856050491333,0.9619600772857666,-3.8424951753768255e-07,0.5262264013290405,0.9163563251495361,-0.12444227933883667,0.42407065629959106,0.7798487544059753,-0.2003684639930725,0.4509858787059784,0.6952931880950928,-0.27798381447792053,0.5635025501251221,0.6807833909988403,-0.35116973519325256,0.5490949749946594,0.5572788715362549,-0.07534856349229813,0.541979193687439,0.4126940369606018,-0.2351709008216858,0.5022382736206055,0.4502362012863159,-0.35471680760383606,0.49620723724365234,0.532761812210083,-0.42030057311058044,0.6542161107063293,0.5601186156272888,-0.08491826802492142,0.6548503041267395,0.36764389276504517,-0.26482170820236206,0.5994199514389038,0.42634478211402893,-0.3873167634010315,0.5993472337722778,0.5257570743560791,-0.44122567772865295,0.7539787888526917,0.581994891166687,-0.11910419911146164,0.7629274129867554,0.4152601957321167,-0.2842828333377838,0.6965506076812744,0.46152323484420776,-0.3833804726600647,0.6790618300437927,0.5645532011985779,-0.4157065153121948,0.8651205897331238,0.6223865151405334,-0.1625879555940628,0.8643035888671875,0.4961904287338257,-0.2852342128753662,0.8133774399757385,0.5169079303741455,-0.35434406995773315,0.7920286059379578,0.593418300151825,-0.3848223090171814,E
0.38438066840171814,0.6800455451011658,-6.235386535990983e-07,0.28814497590065,0.6309693455696106,-0.03715008869767189,0.2286406308412552,0.531666100025177,-0.061024099588394165,0.26120123267173767,0.45029544830322266,-0.08670606464147568,0.34455621242523193,0.4568839967250824,-0.1043643057346344,0.2680712640285492,0.38445666432380676,-0.014643305912613869,0.2742157280445099,0.27518361806869507,-0.05550733953714371,0.276152104139328,0.29609009623527527,-0.08418772369623184,0.27790141105651855,0.35297560691833496,-0.10020215809345245,0.3387421667575836,0.3774436414241791,-0.01887238398194313,0.34868311882019043,0.2531840205192566,-0.05377158522605896,0.3393757939338684,0.3014459013938904,-0.06950593739748001,0.33335015177726746,0.359975665807724,-0.0743117555975914,0.4005921483039856,0.392520934343338,-0.030870508402585983,0.4146677851676941,0.27934324741363525,-0.05772096663713455,0.3990313410758972,0.31981799006462097,-0.05566171556711197,0.39058828353881836,0.3770168721675873,-0.049240559339523315,0.4614912271499634,0.4287538528442383,-0.04854655638337135,0.47018569707870483,0.3398283123970032,-0.06696659326553345,0.45495137572288513,0.35378244519233704,-0.06529440730810165,0.44381555914878845,0.3954320549964905,-0.06074344739317894,E
0.6307831406593323,0.8377153873443604,-9.166834615825792e-07,0.4918179512023926,0.8188773989677429,-0.0849452093243599,0.37058961391448975,0.7071483731269836,-0.13519805669784546,0.35967063903808594,0.5770843029022217,-0.18556559085845947,0.46363693475723267,0.5204155445098877,-0.22431790828704834,0.3804170489311218,0.46422672271728516,-0.03533114120364189,0.3485563397407532,0.29705068469047546,-0.11810887604951859,0.35296615958213806,0.3267679810523987,-0.17659713327884674,0.37805914878845215,0.4093116819858551,-0.20836813747882843,0.4778711199760437,0.43056151270866394,-0.03261329606175423,0.4488803744316101,0.2307301163673401,-0.10871104151010513,0.4437737464904785,0.3116567134857178,-0.14945101737976074,0.45907270908355713,0.4076045751571655,-0.1629726141691208,0.5738474726676941,0.42811158299446106,-0.04593545198440552,0.5564770698547363,0.24222378432750702,-0.11356785148382187,0.5372102856636047,0.31855934858322144,-0.12435898184776306,0.5462406873703003,0.4194507300853729,-0.11685328930616379,0.6829690337181091,0.45862463116645813,-0.06922682374715805,0.6542385816574097,0.3118651211261749,-0.12173669040203094,0.6279259920120239,0.3521325886249542,-0.13334695994853973,0.6271542906761169,0.4313899278640747,-0.13203707337379456,E
0.4572834074497223,0.9328253269195557,-4.027100999337563e-07,0.3856152296066284,0.907293438911438,-0.03377227857708931,0.3368169665336609,0.8399242758750916,-0.054694764316082,0.36327457427978516,0.7827802896499634,-0.0756363570690155,0.42069557309150696,0.7791224718093872,-0.09102087467908859,0.3612199127674103,0.7121303677558899,-0.01746002584695816,0.3618474304676056,0.6227071285247803,-0.05121340975165367,0.3726543188095093,0.6347201466560364,-0.07530254125595093,0.37569674849510193,0.6752285957336426,-0.08877993375062943,0.416934996843338,0.7028515934944153,-0.018859952688217163,0.42366328835487366,0.6076643466949463,-0.04763562232255936,0.4287034273147583,0.6527618765830994,-0.06089434772729874,0.422172486782074,0.7011362314224243,-0.06496761739253998,0.4666267931461334,0.7102120518684387,-0.026617156341671944,0.4755566120147705,0.6256042718887329,-0.049834251403808594,0.47144290804862976,0.6641421318054199,-0.04805043339729309,0.4618523120880127,0.7072461843490601,-0.04231739416718483,0.514327883720398,0.7336059808731079,-0.03898929804563522,0.5198954343795776,0.6651280522346497,-0.05682691931724548,0.5138236284255981,0.6836767196655273,-0.05536636710166931,0.5026824474334717,0.7153788208961487,-0.05069790035486221,E
0.5320203900337219,0.9002104997634888,-3.4706414453467005e-07,0.4645255506038666,0.8635365962982178,-0.047756828367710114,0.4246664047241211,0.8025827407836914,-0.07778306305408478,0.45105409622192383,0.7458122968673706,-0.10453320294618607,0.5096632838249207,0.7349132895469666,-0.12348529696464539,0.444481760263443,0.6741026639938354,-0.03169868513941765,0.45276862382888794,0.588407576084137,-0.06900840252637863,0.46289101243019104,0.5981613993644714,-0.09342420846223831,0.4612236022949219,0.6350162029266357,-0.10733630508184433,0.5031512975692749,0.6651567220687866,-0.026543090119957924,0.5148767828941345,0.5679429173469543,-0.05962174013257027,0.5161712169647217,0.6204052567481995,-0.0728873535990715,0.5074729919433594,0.664548397064209,-0.07721361517906189,0.5534005761146545,0.6730279922485352,-0.028472501784563065,0.5656516551971436,0.5877370238304138,-0.056477274745702744,0.5591153502464294,0.6317934989929199,-0.05209706723690033,0.546441912651062,0.6745915412902832,-0.044640667736530304,0.6017143130302429,0.7007336020469666,-0.035922348499298096,0.6096017360687256,0.6330352425575256,-0.05711723491549492,0.6027414798736572,0.6543924808502197,-0.05532754957675934,0.5890894532203674,0.6833419799804688,-0.05060728266835213,E
0.41223523020744324,0.8961342573165894,-6.433090220525628e-07,0.31623396277427673,0.9018152952194214,-0.04896209016442299,0.21569134294986725,0.8288984298706055,-0.0771927684545517,0.19761517643928528,0.7421054840087891,-0.10823732614517212,0.2727373242378235,0.709869384765625,-0.1320360153913498,0.21650464832782745,0.644829511642456,-0.013389051891863346,0.18494880199432373,0.5276205539703369,-0.07088425755500793,0.1741844266653061,0.5432215929031372,-0.10920700430870056,0.19370771944522858,0.601306140422821,-0.12925823032855988,0.28389474749565125,0.6194085478782654,-0.017896519973874092,0.2565796673297882,0.4785313308238983,-0.07877463847398758,0.23653307557106018,0.5360468029975891,-0.1051420122385025,0.25104010105133057,0.6106680631637573,-0.10851504653692245,0.34997591376304626,0.6159414052963257,-0.03349887207150459,0.32972195744514465,0.4819149971008301,-0.08444897830486298,0.3070186972618103,0.5423777103424072,-0.08467850834131241,0.32193896174430847,0.613037109375,-0.07141445577144623,0.4271951913833618,0.6302314400672913,-0.05559121072292328,0.40073591470718384,0.5310813188552856,-0.09631292521953583,0.3785099685192108,0.5720978379249573,-0.10076577961444855,0.3870260715484619,0.6331927180290222,-0.09452766925096512,E
0.48152199387550354,0.8702137470245361,-6.51090658720932e-07,0.40017473697662354,0.8533056974411011,-0.03508180379867554,0.3340647220611572,0.7923725843429565,-0.05924103036522865,0.33687227964401245,0.7215084433555603,-0.08537725359201431,0.39635106921195984,0.6952524781227112,-0.1056407019495964,0.33614176511764526,0.6572510600090027,-0.015660544857382774,0.3183212876319885,0.5550760626792908,-0.05557021498680115,0.32453128695487976,0.5786411762237549,-0.0835782140493393,0.3377404808998108,0.6229953765869141,-0.09985517710447311,0.3924693465232849,0.6392441391944885,-0.01993391290307045,0.378010630607605,0.5250303149223328,-0.05374642834067345,0.38025182485580444,0.5832200646400452,-0.06845210492610931,0.38652607798576355,0.6310760974884033,-0.07356481999158859,0.4465412199497223,0.6400978565216064,-0.03142952173948288,0.43804970383644104,0.5365575551986694,-0.06194077804684639,0.43174564838409424,0.5905537605285645,-0.057962674647569656,0.43655598163604736,0.6430941820144653,-0.050194259732961655,0.507951557636261,0.6591843366622925,-0.047611843794584274,0.49538758397102356,0.5793936848640442,-0.06826639920473099,0.4832063913345337,0.6101678013801575,-0.0643477663397789,0.4825955927371979,0.651811420917511,-0.058888889849185944,E
0.3485684394836426,0.9336878657341003,-6.575483553206141e-07,0.27052682638168335,0.9072032570838928,-0.03802485391497612,0.20797774195671082,0.8387922644615173,-0.06362777203321457,0.21229463815689087,0.7680469155311584,-0.09260714799165726,0.28348106145858765,0.7480829954147339,-0.11586122959852219,0.2303159385919571,0.6988154649734497,-0.011554972268640995,0.22387172281742096,0.6032019853591919,-0.056856825947761536,0.21652014553546906,0.6246027946472168,-0.08997520804405212,0.22715723514556885,0.6718497276306152,-0.108817458152771,0.2859802842140198,0.6865586042404175,-0.015844203531742096,0.2876243591308594,0.5760526657104492,-0.056530240923166275,0.2700393795967102,0.6290160417556763,-0.07598995417356491,0.2732461094856262,0.6795225143432617,-0.08242126554250717,0.33824455738067627,0.6914756298065186,-0.028702737763524055,0.3448874354362488,0.5914691090583801,-0.06110015884041786,0.32163241505622864,0.6365320682525635,-0.062042564153671265,0.320721834897995,0.688309371471405,-0.05654328688979149,0.39221733808517456,0.7133640050888062,-0.04709816351532936,0.39437422156333923,0.6308837532997131,-0.0660705715417862,0.3714359700679779,0.6523481011390686,-0.06529515236616135,0.36557406187057495,0.6952601671218872,-0.06210887432098389,E
0.3673483729362488,0.8841605186462402,-4.2795193166966783e-07,0.2842884957790375,0.8700968027114868,-0.03374943137168884,0.21475070714950562,0.792701244354248,-0.052101992070674896,0.22175125777721405,0.7126368284225464,-0.07383181154727936,0.30159759521484375,0.7014868259429932,-0.08912042528390884,0.24209775030612946,0.6608622670173645,-0.004564190283417702,0.23084381222724915,0.5659241676330566,-0.04463593661785126,0.22120225429534912,0.5767542123794556,-0.07091199606657028,0.23021595180034637,0.620151937007904,-0.08423788100481033,0.2988922595977783,0.6437538862228394,-0.009086406789720058,0.29597827792167664,0.532378077507019,-0.051732584834098816,0.27334022521972656,0.5731672048568726,-0.06783445179462433,0.2765277922153473,0.6296623349189758,-0.0667242780327797,0.3524795174598694,0.6468023657798767,-0.021735675632953644,0.3573639988899231,0.5415258407592773,-0.054094791412353516,0.3289312720298767,0.5825203657150269,-0.05098012462258339,0.32840147614479065,0.6362751126289368,-0.03817009553313255,0.40941280126571655,0.6641355752944946,-0.039711710065603256,0.4106692671775818,0.5835627913475037,-0.06199260801076889,0.383618026971817,0.5975784063339233,-0.06271684914827347,0.37535637617111206,0.6375482082366943,-0.056114643812179565,E
0.6121141910552979,0.66163170337677,-7.362037308666913e-07,0.5122089385986328,0.6285803318023682,-0.038915086537599564,0.4419456124305725,0.5554307699203491,-0.06413110345602036,0.45586317777633667,0.4674503803253174,-0.09021686762571335,0.5332943797111511,0.4510543644428253,-0.10783880203962326,0.4421452283859253,0.4045010805130005,-0.020142273977398872,0.42381584644317627,0.2936788499355316,-0.055326029658317566,0.435653418302536,0.30877918004989624,-0.0784638449549675,0.4441569447517395,0.35837987065315247,-0.0943397656083107,0.5107366442680359,0.3809043765068054,-0.023420773446559906,0.4972326457500458,0.2544513940811157,-0.05782875418663025,0.5086572766304016,0.3166210651397705,-0.07549229264259338,0.5101484656333923,0.3729214668273926,-0.08577678352594376,0.5736913084983826,0.38014763593673706,-0.0328553207218647,0.5648927092552185,0.261335551738739,-0.05807604640722275,0.5674775242805481,0.3183659315109253,-0.0501699298620224,0.5658189654350281,0.3783267140388489,-0.044082652777433395,0.6436532139778137,0.405918687582016,-0.04809033125638962,0.6311039924621582,0.3101392686367035,-0.06668011844158173,0.6248830556869507,0.3411439061164856,-0.06188635900616646,0.6175912618637085,0.3905605673789978,-0.05829789489507675,E
0.5127328038215637,0.7419377565383911,-7.862160487093206e-07,0.40628230571746826,0.718564510345459,-0.03054828941822052,0.32965371012687683,0.6469024419784546,-0.0538344606757164,0.3191335201263428,0.549025297164917,-0.08232230693101883,0.3978681266307831,0.5254113078117371,-0.10350095480680466,0.3266962170600891,0.49373215436935425,-0.006277549080550671,0.2959144711494446,0.37281638383865356,-0.05168316885828972,0.301078736782074,0.39048174023628235,-0.08598886430263519,0.31665313243865967,0.44612768292427063,-0.10719455778598785,0.39152970910072327,0.4667927324771881,-0.013097872026264668,0.3647182285785675,0.3333148956298828,-0.05233653262257576,0.3685958683490753,0.39181840419769287,-0.07459495216608047,0.3757737874984741,0.44617483019828796,-0.08609148859977722,0.4513145685195923,0.4616032540798187,-0.02691023238003254,0.43179070949554443,0.3372860550880432,-0.04935529828071594,0.4260864555835724,0.3910589814186096,-0.03947718068957329,0.4333989918231964,0.45194894075393677,-0.030503271147608757,0.5231225490570068,0.4812343716621399,-0.046932052820920944,0.5009459257125854,0.38088566064834595,-0.05644356459379196,0.4875642657279968,0.40780970454216003,-0.04856894537806511,0.4887734055519104,0.4599633514881134,-0.04257853701710701,E
0.6281638145446777,0.7165005207061768,-4.0251458699458453e-07,0.5590243935585022,0.6791386008262634,-0.04188033193349838,0.5179057121276855,0.6087196469306946,-0.06758986413478851,0.5547757148742676,0.5494460463523865,-0.0923028364777565,0.6245864033699036,0.5413303375244141,-0.11031852662563324,0.5365694165229797,0.48038291931152344,-0.0274493545293808,0.5433056354522705,0.3898117244243622,-0.06875645369291306,0.5568687915802002,0.40772220492362976,-0.09777303040027618,0.556602954864502,0.45555248856544495,-0.11326602846384048,0.5984286069869995,0.4698787033557892,-0.027295595034956932,0.6089380383491516,0.36211949586868286,-0.06422121822834015,0.6161667704582214,0.4103531539440155,-0.0840763971209526,0.6059569120407104,0.46621033549308777,-0.09103171527385712,0.6520557999610901,0.47896599769592285,-0.03380019962787628,0.6644240021705627,0.38712865114212036,-0.06470111757516861,0.6627296209335327,0.4268040359020233,-0.06889984011650085,0.6503481268882751,0.4755212068557739,-0.06512200832366943,0.7004311680793762,0.5055766105651855,-0.045043326914310455,0.7062056064605713,0.43619391322135925,-0.06803644448518753,0.7049972414970398,0.45087945461273193,-0.07070981711149216,0.6941400170326233,0.4854882061481476,-0.06785667687654495,E
0.580578625202179,0.8235374093055725,-2.86052596720765e-07,0.511380672454834,0.7865910530090332,-0.04182179272174835,0.47591540217399597,0.7227637767791748,-0.0647137388586998,0.5092607736587524,0.669178307056427,-0.08579529821872711,0.570321798324585,0.6661136150360107,-0.09965871274471283,0.4952237010002136,0.6034829616546631,-0.024957500398159027,0.4968413710594177,0.5170149207115173,-0.061571523547172546,0.5121517181396484,0.5183233022689819,-0.08671262115240097,0.5147844552993774,0.5567339062690735,-0.10059531033039093,0.5559677481651306,0.5955862402915955,-0.022451896220445633,0.5634512305259705,0.4938541352748871,-0.05950123444199562,0.57025545835495,0.5326789617538452,-0.08023819327354431,0.5617002844810486,0.5826202630996704,-0.08793137967586517,0.6046531796455383,0.6044381856918335,-0.02621050551533699,0.6166031360626221,0.5162851810455322,-0.05612962320446968,0.6137159466743469,0.5469591021537781,-0.0585750937461853,0.6018994450569153,0.5931665897369385,-0.05345631390810013,0.652765154838562,0.6326603293418884,-0.03482735529541969,0.6563761830329895,0.5635140538215637,-0.05850771814584732,0.6561260223388672,0.5710486769676208,-0.0634157657623291,0.6459171772003174,0.6016270518302917,-0.061822645366191864,E
0.5157227516174316,0.7494535446166992,-6.098858307268529e-07,0.4315676987171173,0.725024402141571,-0.03275764733552933,0.3661718964576721,0.6654968857765198,-0.053350917994976044,0.367035835981369,0.5843545198440552,-0.07571795582771301,0.4328719675540924,0.554484486579895,-0.09215734153985977,0.36000439524650574,0.544661819934845,-0.007374633103609085,0.3414641320705414,0.45675012469291687,-0.042253244668245316,0.3502233326435089,0.4687193036079407,-0.06886380910873413,0.36085009574890137,0.506123960018158,-0.08535102009773254,0.41488292813301086,0.5224132537841797,-0.009315899573266506,0.3984098434448242,0.4191261827945709,-0.04064507782459259,0.40720134973526,0.4692389965057373,-0.05837802588939667,0.4128204584121704,0.5145066380500793,-0.06691048294305801,0.46839264035224915,0.5185339450836182,-0.017836058512330055,0.4565628170967102,0.4226410984992981,-0.043967388570308685,0.4560023546218872,0.4679039418697357,-0.04288743808865547,0.45791780948638916,0.5186870694160461,-0.037986740469932556,0.5270133018493652,0.5350013375282288,-0.0308682844042778,0.5092329382896423,0.4545283615589142,-0.04745001345872879,0.5035110712051392,0.4770946502685547,-0.04511559382081032,0.5031250715255737,0.518898069858551,-0.04143264889717102,E
0.6138303875923157,0.7732752561569214,-1.0656013955667731e-06,0.491027295589447,0.740563690662384,-0.05162122845649719,0.39674755930900574,0.6568904519081116,-0.08552571386098862,0.3977111577987671,0.5458754897117615,-0.12092247605323792,0.4909852147102356,0.5013655424118042,-0.1456405371427536,0.3980903625488281,0.4771512746810913,-0.02033579722046852,0.3732525110244751,0.3383469581604004,-0.07509112358093262,0.3838384747505188,0.390537828207016,-0.11379238963127136,0.39812934398651123,0.46217337250709534,-0.13651026785373688,0.4783157408237457,0.44725432991981506,-0.021531395614147186,0.45570021867752075,0.2939969301223755,-0.06642328202724457,0.46349668502807617,0.37856656312942505,-0.08811907470226288,0.47037214040756226,0.4432869255542755,-0.09848964214324951,0.5538394451141357,0.44278985261917114,-0.033047616481781006,0.537839412689209,0.3014942705631256,-0.06999955326318741,0.5334994196891785,0.37431150674819946,-0.06491880118846893,0.5393663048744202,0.4482431709766388,-0.05697505176067352,0.6404865980148315,0.467387318611145,-0.051644034683704376,0.614763081073761,0.3526530861854553,-0.07426252961158752,0.6013274788856506,0.39273151755332947,-0.06876794248819351,0.6004716157913208,0.4541184902191162,-0.06311005353927612,E
0.44306012988090515,0.7495343685150146,-7.776407642268168e-07,0.3337534964084625,0.7335721254348755,-0.054936543107032776,0.2339271605014801,0.6545213460922241,-0.09325383603572845,0.20313769578933716,0.5609800815582275,-0.13713191449642181,0.27516278624534607,0.5072870850563049,-0.17402631044387817,0.2334008365869522,0.46587416529655457,-0.02188054472208023,0.19655205309391022,0.32762277126312256,-0.08597525209188461,0.17214863002300262,0.3311344385147095,-0.12974724173545837,0.1845780611038208,0.3793530762195587,-0.15464705228805542,0.30185583233833313,0.4406276047229767,-0.029036277905106544,0.2699284553527832,0.2749030888080597,-0.09517466276884079,0.24232564866542816,0.3348267674446106,-0.12903092801570892,0.2557638883590698,0.4112841486930847,-0.14022113382816315,0.3734285533428192,0.4374619126319885,-0.04730132967233658,0.34801360964775085,0.2837596535682678,-0.0997997373342514,0.31830325722694397,0.34721219539642334,-0.10336898267269135,0.332829087972641,0.42469918727874756,-0.09479661285877228,0.4559309482574463,0.45550239086151123,-0.0728030577301979,0.42715853452682495,0.3376706838607788,-0.10478947311639786,0.39844581484794617,0.3768322169780731,-0.10589097440242767,0.4048295021057129,0.44557154178619385,-0.10147876292467117,E
0.5374214053153992,0.662476658821106,-8.592559197495575e-07,0.42488303780555725,0.6394019722938538,-0.0460040383040905,0.32972604036331177,0.5540332198143005,-0.07385560870170593,0.3215237855911255,0.4523948132991791,-0.10613471269607544,0.40772944688796997,0.4125351309776306,-0.13178741931915283,0.33445483446121216,0.37512993812561035,-0.01558895967900753,0.303526908159256,0.24322903156280518,-0.06985301524400711,0.3059383034706116,0.2539300322532654,-0.11194494366645813,0.3247397243976593,0.3043455481529236,-0.13882188498973846,0.407790869474411,0.34687116742134094,-0.02236676961183548,0.38632291555404663,0.18925999104976654,-0.0751243531703949,0.3849458694458008,0.25201040506362915,-0.10832033306360245,0.39453208446502686,0.3211952745914459,-0.12519434094429016,0.48010483384132385,0.34287410974502563,-0.0381612591445446,0.4667745530605316,0.19656527042388916,-0.07839909940958023,0.4572578966617584,0.2580051124095917,-0.08153198659420013,0.4649060070514679,0.3306838572025299,-0.0785086378455162,0.5626093745231628,0.3652496635913849,-0.060747869312763214,0.5461083650588989,0.2500423491001129,-0.087356336414814,0.5296289920806885,0.2859121561050415,-0.08869978785514832,0.5290704965591431,0.34923577308654785,-0.08797698467969894,E
0.5491268038749695,0.7768716812133789,-7.474577614630107e-07,0.44980388879776,0.7533321380615234,-0.045782797038555145,0.38248175382614136,0.6451742053031921,-0.06667961925268173,0.4121897220611572,0.53806072473526,-0.08522401005029678,0.48813575506210327,0.49631258845329285,-0.09236179292201996,0.39254477620124817,0.4768417179584503,-0.019792359322309494,0.40674135088920593,0.3513685464859009,-0.06587298214435577,0.4325481355190277,0.4178526997566223,-0.08833205699920654,0.4302351474761963,0.49146202206611633,-0.09529034048318863,0.47199806571006775,0.4627690613269806,-0.018857542425394058,0.4925341010093689,0.32621538639068604,-0.06115756556391716,0.5065468549728394,0.4229307770729065,-0.07109306752681732,0.4936818778514862,0.49229639768600464,-0.06513042747974396,0.5445644855499268,0.4713462293148041,-0.026672454550862312,0.5663089156150818,0.3641229271888733,-0.07046616077423096,0.5614562630653381,0.4528655409812927,-0.05785331502556801,0.5410127639770508,0.512010395526886,-0.036627523601055145,0.6119747161865234,0.5022103786468506,-0.03893253579735756,0.6265740990638733,0.4105684757232666,-0.07420486956834793,0.6175245642662048,0.4716498851776123,-0.06281815469264984,0.5988211035728455,0.5253291130065918,-0.044764790683984756,E
0.5056517124176025,0.6895031332969666,-9.054928113982896e-07,0.39113202691078186,0.6633411645889282,-0.05727763846516609,0.3028414249420166,0.549002468585968,-0.08377479761838913,0.3233831226825714,0.4233751893043518,-0.10802464932203293,0.42366716265678406,0.3889943063259125,-0.11904071271419525,0.30691516399383545,0.3642468750476837,-0.016942353919148445,0.3004358410835266,0.22247235476970673,-0.06377595663070679,0.3167695999145508,0.2780357897281647,-0.08841045945882797,0.32264766097068787,0.35259565711021423,-0.0993889644742012,0.39019787311553955,0.34345701336860657,-0.013199466280639172,0.388864129781723,0.19401977956295013,-0.05761049687862396,0.3970479369163513,0.2850814461708069,-0.06972355395555496,0.3925536274909973,0.3571825623512268,-0.06763361394405365,0.4674171209335327,0.34769606590270996,-0.020599503070116043,0.4735867381095886,0.21630704402923584,-0.06528615206480026,0.46653372049331665,0.3002997040748596,-0.05661459639668465,0.4573330879211426,0.37297841906547546,-0.04043199121952057,0.5503386855125427,0.3760368824005127,-0.03458647057414055,0.5500841736793518,0.26742762327194214,-0.07077103108167648,0.5369951128959656,0.3173949122428894,-0.0667596235871315,0.5241355895996094,0.37645387649536133,-0.056429002434015274,E
0.44762060046195984,0.7394397258758545,-2.554845934810146e-07,0.3671379089355469,0.7059015035629272,-0.07013475894927979,0.32177478075027466,0.6311805248260498,-0.10658460110425949,0.3356271982192993,0.55669766664505,-0.13870808482170105,0.3947969675064087,0.5269291996955872,-0.16320352256298065,0.32956188917160034,0.5025891065597534,-0.03453480452299118,0.3365504741668701,0.4037353992462158,-0.08458022028207779,0.3465762734413147,0.433053195476532,-0.12351789325475693,0.3461846113204956,0.48405522108078003,-0.1455739140510559,0.3916045129299164,0.49518856406211853,-0.022770537063479424,0.3972114324569702,0.37745171785354614,-0.07327181100845337,0.4039798974990845,0.4297085106372833,-0.11301779001951218,0.40026766061782837,0.48416459560394287,-0.133244588971138,0.4485878050327301,0.49984899163246155,-0.020816881209611893,0.4552750587463379,0.3949075937271118,-0.0657254308462143,0.45358970761299133,0.43680134415626526,-0.08976733684539795,0.4442005753517151,0.4940682649612427,-0.09812861680984497,0.5053152441978455,0.5187580585479736,-0.02534894086420536,0.5023420453071594,0.4423450529575348,-0.057965587824583054,0.5013507008552551,0.45936819911003113,-0.07438413798809052,0.49470463395118713,0.4965638816356659,-0.08225033432245255,E
0.4982306957244873,0.7666448354721069,-6.678904469481495e-07,0.39851289987564087,0.7419463396072388,-0.041446808725595474,0.32760685682296753,0.6306788921356201,-0.060952506959438324,0.35471147298812866,0.5282045602798462,-0.08175399899482727,0.43987518548965454,0.50429767370224,-0.09280002117156982,0.347355455160141,0.4724949300289154,-0.010460552759468555,0.3558528423309326,0.34594836831092834,-0.055541619658470154,0.37828361988067627,0.39656883478164673,-0.08108817040920258,0.37952300906181335,0.47117042541503906,-0.09073091298341751,0.42407774925231934,0.4621731638908386,-0.013266460038721561,0.4381314218044281,0.3258734345436096,-0.054493341594934464,0.4495479464530945,0.4026415944099426,-0.06965212523937225,0.44068142771720886,0.4735257625579834,-0.06817835569381714,0.49396947026252747,0.4741135835647583,-0.025089530274271965,0.514746904373169,0.356609046459198,-0.06673424690961838,0.5095950961112976,0.4296579957008362,-0.0629119947552681,0.49224913120269775,0.4969409108161926,-0.04810805991292,0.562645673751831,0.5056248307228088,-0.04148755222558975,0.5740614533424377,0.4113275408744812,-0.07362096011638641,0.5674625039100647,0.4491942822933197,-0.06945214420557022,0.552327573299408,0.4998076558113098,-0.0577411986887455,E
0.4951719641685486,0.7845242023468018,-7.973412721185014e-07,0.3863140642642975,0.7642930746078491,-0.035780634731054306,0.30587559938430786,0.6926059722900391,-0.06178215891122818,0.2969942092895508,0.594377338886261,-0.0918976292014122,0.3786830008029938,0.5695751309394836,-0.11352550238370895,0.29976361989974976,0.531812310218811,-0.013043617829680443,0.26949000358581543,0.4083077609539032,-0.06090521439909935,0.2742190957069397,0.433707058429718,-0.09463923424482346,0.2895888388156891,0.49476200342178345,-0.11467468738555908,0.36762040853500366,0.5039859414100647,-0.01851591281592846,0.3385409712791443,0.3675176501274109,-0.06253646314144135,0.34123632311820984,0.4283618927001953,-0.08485303819179535,0.350070595741272,0.4845075011253357,-0.09467253088951111,0.4295393228530884,0.4982050359249115,-0.03157847002148628,0.4081873893737793,0.37373217940330505,-0.05823330208659172,0.40141716599464417,0.42725521326065063,-0.04953649640083313,0.4112722873687744,0.4881948232650757,-0.03975313901901245,0.504323422908783,0.5162549614906311,-0.051083117723464966,0.4790527820587158,0.4140850603580475,-0.06300026178359985,0.46523410081863403,0.4406191110610962,-0.05631323531270027,0.4687930941581726,0.49448543787002563,-0.05019013211131096,E
0.639580488204956,0.8120341300964355,-4.793386665369326e-07,0.5698747038841248,0.7493522763252258,-0.050180766731500626,0.5295552015304565,0.6786584258079529,-0.07913602143526077,0.5573682188987732,0.612895667552948,-0.10788284242153168,0.6215478777885437,0.6068704724311829,-0.12915906310081482,0.5736780166625977,0.5576258301734924,-0.004952261224389076,0.5964397192001343,0.46099504828453064,-0.04056569188833237,0.5928977727890015,0.5007801651954651,-0.07018174976110458,0.5800925493240356,0.5507845878601074,-0.08807437121868134,0.6367828845977783,0.5606036186218262,0.0014021408278495073,0.6570116877555847,0.4536017179489136,-0.031155938282608986,0.6481596231460571,0.5127471685409546,-0.05914028361439705,0.6353867650032043,0.5589396953582764,-0.07559151202440262,0.6916134357452393,0.5721049904823303,-0.0012662329245358706,0.7095909118652344,0.4750271737575531,-0.028424452990293503,0.6971980929374695,0.5256843566894531,-0.03910103440284729,0.6781156063079834,0.5776374340057373,-0.04276207834482193,0.7418339252471924,0.6008664965629578,-0.010166008025407791,0.746854305267334,0.5281782150268555,-0.028230348601937294,0.7381788492202759,0.5559510588645935,-0.03429514914751053,0.7239194512367249,0.5933232307434082,-0.037235140800476074,E
0.4501539468765259,0.8608258962631226,-4.547445371372305e-07,0.36996743083000183,0.8290534615516663,-0.04299604892730713,0.31368207931518555,0.7471612095832825,-0.0709918811917305,0.32127833366394043,0.6674826145172119,-0.10244454443454742,0.3910177946090698,0.6559473872184753,-0.12651914358139038,0.36950090527534485,0.6093716621398926,-0.0058337850496172905,0.37877434492111206,0.5103158354759216,-0.04913130775094032,0.3592524826526642,0.5212662816047668,-0.07260077446699142,0.360548734664917,0.5621971487998962,-0.08289243280887604,0.42718929052352905,0.6065221428871155,-0.008016059175133705,0.44388851523399353,0.48427581787109375,-0.05406881123781204,0.4088728129863739,0.5328035354614258,-0.06300576776266098,0.4058743715286255,0.5869681239128113,-0.05418569594621658,0.48492974042892456,0.6219877600669861,-0.020497361198067665,0.5016776919364929,0.511204183101654,-0.06142424792051315,0.46194106340408325,0.5559656023979187,-0.055257927626371384,0.4542839825153351,0.6104328632354736,-0.03716760128736496,0.5448358654975891,0.6531683802604675,-0.03848852589726448,0.5556728839874268,0.5663831830024719,-0.06351397186517715,0.5192826986312866,0.5791684985160828,-0.061621636152267456,0.5021355748176575,0.6195433735847473,-0.052223868668079376,E
0.6081500053405762,0.6507773995399475,-4.795481345354347e-07,0.5273977518081665,0.5956182479858398,-0.03957686573266983,0.4780791997909546,0.5025607347488403,-0.06465590745210648,0.5149826407432556,0.43170636892318726,-0.09035007655620575,0.5934292078018188,0.4377554655075073,-0.10861217975616455,0.5044918656349182,0.36392688751220703,-0.018177615478634834,0.5071084499359131,0.2672216594219208,-0.0590655580163002,0.5223822593688965,0.2905005216598511,-0.08966224640607834,0.5250362157821655,0.3476290702819824,-0.1065407395362854,0.5721256136894226,0.35887330770492554,-0.020878827199339867,0.5791350603103638,0.24668964743614197,-0.055864330381155014,0.5827495455741882,0.29273563623428345,-0.0764908716082573,0.5729310512542725,0.3528013825416565,-0.08484279364347458,0.6314607858657837,0.3740367889404297,-0.030895480886101723,0.6441095471382141,0.27306437492370605,-0.0581386424601078,0.6384378671646118,0.308832585811615,-0.0619131401181221,0.6251159310340881,0.3629697859287262,-0.0590120367705822,0.6851770877838135,0.4092126488685608,-0.04628393426537514,0.6932048797607422,0.32665762305259705,-0.06490994989871979,0.6855867505073547,0.3374699056148529,-0.06502783298492432,0.6716337203979492,0.37680259346961975,-0.061362527310848236,E
0.4471704959869385,0.667099118232727,-5.041665644966997e-07,0.3548433780670166,0.6228716373443604,-0.03826064243912697,0.29793471097946167,0.5270650386810303,-0.05921969935297966,0.33435600996017456,0.44593775272369385,-0.08167299628257751,0.4202456772327423,0.4537971019744873,-0.09673572331666946,0.34064096212387085,0.3897485136985779,-0.009580203332006931,0.3447798192501068,0.2959696054458618,-0.051004935055971146,0.34560728073120117,0.31022363901138306,-0.08161813020706177,0.346219539642334,0.35955503582954407,-0.0989072248339653,0.41086411476135254,0.3803889751434326,-0.012760919518768787,0.4213502109050751,0.2669645845890045,-0.05119015648961067,0.4080348014831543,0.3101683259010315,-0.06834351271390915,0.39997369050979614,0.367895245552063,-0.07129405438899994,0.47090139985084534,0.39353886246681213,-0.024271655827760696,0.48533764481544495,0.29252946376800537,-0.05360604077577591,0.46537908911705017,0.32861870527267456,-0.050372447818517685,0.45481398701667786,0.3803543746471405,-0.04004819691181183,0.5283065438270569,0.42639854550361633,-0.041520632803440094,0.5370853543281555,0.3427892029285431,-0.06067473441362381,0.5203545093536377,0.35338425636291504,-0.05816779285669327,0.5072062015533447,0.3934361934661865,-0.05092023313045502,E
0.4732816517353058,0.7988006472587585,-5.270177325655823e-07,0.40306296944618225,0.7655612230300903,-0.026461638510227203,0.3578970432281494,0.7170159220695496,-0.04503742605447769,0.3753005564212799,0.6588358879089355,-0.06423722207546234,0.43284687399864197,0.6475380659103394,-0.07710997760295868,0.3626675605773926,0.6198802590370178,-0.011812870390713215,0.3529209494590759,0.5393463373184204,-0.04139375314116478,0.3656783103942871,0.5571871995925903,-0.06273375451564789,0.37181729078292847,0.5977568030357361,-0.0756954774260521,0.4108624756336212,0.608142077922821,-0.012704337947070599,0.4051610827445984,0.5214593410491943,-0.036462876945734024,0.4140591621398926,0.5688655972480774,-0.048614319413900375,0.41208112239837646,0.6057162880897522,-0.05577960982918739,0.4523901641368866,0.6092761158943176,-0.01867896318435669,0.4500586688518524,0.5309937596321106,-0.03537723794579506,0.45116546750068665,0.5694313645362854,-0.029165158048272133,0.44748589396476746,0.6098312139511108,-0.023988407105207443,0.49713873863220215,0.6282418370246887,-0.028752272948622704,0.48718583583831787,0.5638939142227173,-0.03833181411027908,0.4857349991798401,0.5828405022621155,-0.032770946621894836,0.481755793094635,0.6146606206893921,-0.02847820147871971,E
0.48946502804756165,0.8288133144378662,-5.831296903124894e-07,0.4160710275173187,0.7931464910507202,-0.01976091042160988,0.3684152364730835,0.7449276447296143,-0.03639071434736252,0.38511186838150024,0.6811351776123047,-0.05489159747958183,0.44938093423843384,0.6721405982971191,-0.06683924794197083,0.3770028352737427,0.6367883086204529,-0.003526092506945133,0.37062063813209534,0.5565483570098877,-0.031458429992198944,0.38035479187965393,0.5807271003723145,-0.051494207233190536,0.3861950933933258,0.6216332316398621,-0.06403665989637375,0.4270797669887543,0.6229639053344727,-0.007650173734873533,0.42483317852020264,0.5351572036743164,-0.029690079391002655,0.4304540455341339,0.5870466828346252,-0.038127351552248,0.42687082290649414,0.6212449669837952,-0.042444951832294464,0.47166889905929565,0.6251899600028992,-0.01650921255350113,0.4703250527381897,0.5461170673370361,-0.030309738591313362,0.4695085287094116,0.5909147262573242,-0.017207497730851173,0.46575939655303955,0.6297188401222229,-0.0074505251832306385,0.5201537013053894,0.6501038074493408,-0.02917197346687317,0.5109687447547913,0.5807315707206726,-0.03403043746948242,0.5057560205459595,0.6050050258636475,-0.021282127127051353,0.5023015737533569,0.6377952694892883,-0.012093394994735718,E
0.5740348100662231,0.9019625186920166,-3.347985568780132e-07,0.5152990818023682,0.8493346571922302,-0.014267109334468842,0.47879111766815186,0.785577654838562,-0.03813939169049263,0.4403795003890991,0.7397914528846741,-0.06627978384494781,0.40010565519332886,0.700248658657074,-0.09600584954023361,0.5664824843406677,0.6839441061019897,-0.022926591336727142,0.5075278282165527,0.6292358040809631,-0.067436583340168,0.45782774686813354,0.6433276534080505,-0.10580979287624359,0.4179154932498932,0.6667110919952393,-0.12734095752239227,0.6090222597122192,0.681585967540741,-0.03892538696527481,0.5797265768051147,0.5856249928474426,-0.08443748205900192,0.5262594223022461,0.5540333390235901,-0.11770498752593994,0.4707634449005127,0.5435827970504761,-0.13558900356292725,0.6461763978004456,0.7040400505065918,-0.05826614424586296,0.6608544588088989,0.6040688157081604,-0.09536943584680557,0.6277421712875366,0.5523659586906433,-0.12231177091598511,0.5905032753944397,0.5202186107635498,-0.1366814523935318,0.6694682836532593,0.7423843741416931,-0.07794571667909622,0.7158902287483215,0.6823110580444336,-0.10393848270177841,0.7325277328491211,0.6317836046218872,-0.12091734260320663,0.7386643290519714,0.5845546126365662,-0.13149282336235046,F
0.54437255859375,0.9215171337127686,-4.26521296503779e-07,0.44418802857398987,0.8806962966918945,-0.04935964196920395,0.3562083840370178,0.8187276124954224,-0.09994198381900787,0.28451505303382874,0.7741633653640747,-0.15563100576400757,0.241777241230011,0.721027135848999,-0.20855630934238434,0.4189000725746155,0.5953170657157898,-0.043541062623262405,0.3260105550289154,0.5367626547813416,-0.1316382884979248,0.274186909198761,0.5885700583457947,-0.20233331620693207,0.25406184792518616,0.6549075245857239,-0.23927077651023865,0.48846814036369324,0.5656269788742065,-0.059065159410238266,0.447334885597229,0.4240473806858063,-0.1378939151763916,0.38295233249664307,0.360394686460495,-0.19062353670597076,0.3159984350204468,0.331132709980011,-0.21674051880836487,0.5617727041244507,0.5778418779373169,-0.08525456488132477,0.5727192759513855,0.43682241439819336,-0.14891082048416138,0.5372870564460754,0.3512533903121948,-0.1849656105041504,0.4945891201496124,0.2919796407222748,-0.1986357718706131,0.6268575191497803,0.6225937008857727,-0.11571376025676727,0.6720508337020874,0.5133917331695557,-0.14917472004890442,0.6858928799629211,0.4340961277484894,-0.16289465129375458,0.6881911158561707,0.3635358214378357,-0.16793891787528992,F
0.588352620601654,0.8109535574913025,-2.641948810833128e-07,0.4801233410835266,0.7996038198471069,-0.05878516286611557,0.3681682348251343,0.7428206205368042,-0.10049570351839066,0.30223509669303894,0.6715262532234192,-0.14266707003116608,0.3395427465438843,0.6040946245193481,-0.17740973830223083,0.37902629375457764,0.5517513751983643,-0.026503194123506546,0.3223821222782135,0.4619182348251343,-0.09930287301540375,0.31472688913345337,0.4847494065761566,-0.1579548418521881,0.3268454074859619,0.5266980528831482,-0.18951472640037537,0.43957045674324036,0.506743848323822,-0.026012951508164406,0.38319361209869385,0.39801478385925293,-0.06969355046749115,0.3446825444698334,0.3358319103717804,-0.10529857128858566,0.31033551692962646,0.2851319909095764,-0.13047508895397186,0.5131548643112183,0.49451056122779846,-0.03987151011824608,0.48879292607307434,0.3721459209918976,-0.08034994453191757,0.4617631733417511,0.2981035113334656,-0.10660533607006073,0.4355873167514801,0.23329859972000122,-0.12206655740737915,0.5890675187110901,0.5114527344703674,-0.060234032571315765,0.5980178117752075,0.4077315032482147,-0.08741001784801483,0.5995661616325378,0.3426549434661865,-0.10099755972623825,0.5982652902603149,0.28018641471862793,-0.10893642902374268,F
0.3975074589252472,0.8146378993988037,-4.906468689114263e-07,0.3105945587158203,0.7624706029891968,-0.03923765942454338,0.24258992075920105,0.6952268481254578,-0.073643259704113,0.20335158705711365,0.6322770118713379,-0.11112406104803085,0.22193469107151031,0.584381103515625,-0.1448381543159485,0.35250523686408997,0.5634127855300903,-0.023851236328482628,0.3115444779396057,0.4876585602760315,-0.07746094465255737,0.26691222190856934,0.5039677619934082,-0.12213727086782455,0.24198384582996368,0.5442304611206055,-0.14641349017620087,0.4040846526622772,0.5407972931861877,-0.027457527816295624,0.378154456615448,0.43701329827308655,-0.061157844960689545,0.3473140597343445,0.3721623420715332,-0.08800782263278961,0.31886231899261475,0.32468587160110474,-0.1076752096414566,0.45654451847076416,0.5495293736457825,-0.04032541811466217,0.4719724655151367,0.44540560245513916,-0.06823152303695679,0.468029260635376,0.3728611469268799,-0.08520972728729248,0.4632161259651184,0.3160772919654846,-0.0961218923330307,0.500541627407074,0.5800211429595947,-0.058046430349349976,0.5451894998550415,0.5021918416023254,-0.07315818965435028,0.5679022669792175,0.448511004447937,-0.07857680320739746,0.5876450538635254,0.3972116708755493,-0.08256500214338303,F
0.41632080078125,0.7292019128799438,-6.02053432885441e-07,0.32603150606155396,0.6790723204612732,-0.03303387016057968,0.2539486289024353,0.6206938028335571,-0.06553365290164948,0.2051607072353363,0.56558758020401,-0.10146015882492065,0.20533344149589539,0.5158297419548035,-0.1339140087366104,0.3454256057739258,0.4894617795944214,-0.02675103023648262,0.29421377182006836,0.41959869861602783,-0.08120103925466537,0.2450864166021347,0.439834862947464,-0.1271435022354126,0.21702514588832855,0.47808578610420227,-0.15301766991615295,0.3894924521446228,0.46027594804763794,-0.032115638256073,0.3490087687969208,0.36235663294792175,-0.06984297186136246,0.3071616291999817,0.3024871349334717,-0.09897445142269135,0.27017897367477417,0.25820934772491455,-0.12059524655342102,0.4399971663951874,0.461245059967041,-0.04526294767856598,0.4386051595211029,0.3537198603153229,-0.07430372387170792,0.42281439900398254,0.2869555950164795,-0.0909513533115387,0.40953341126441956,0.2360384464263916,-0.10233485698699951,0.48534417152404785,0.4847956597805023,-0.06267672032117844,0.5192689895629883,0.40481048822402954,-0.07767839729785919,0.5337356925010681,0.3490845263004303,-0.08313488215208054,0.5448051691055298,0.2968619763851166,-0.0874350294470787,F
0.5940612554550171,0.7961210012435913,-5.690523039447726e-07,0.5036667585372925,0.7301936745643616,-0.01668279804289341,0.43790650367736816,0.6538486480712891,-0.04207927733659744,0.38097429275512695,0.6050022840499878,-0.0754166692495346,0.33345314860343933,0.5615329146385193,-0.1089383214712143,0.517793595790863,0.5153050422668457,-0.006104495842009783,0.4450058341026306,0.4523794651031494,-0.06758204102516174,0.3898804485797882,0.4773329496383667,-0.1214367151260376,0.35691696405410767,0.521390438079834,-0.14952953159809113,0.5684774518013,0.4995884895324707,-0.0251576229929924,0.5415467023849487,0.3886110484600067,-0.0810825377702713,0.48310914635658264,0.34725701808929443,-0.11945933103561401,0.4207267165184021,0.3403591513633728,-0.1363142728805542,0.6190006136894226,0.5106971263885498,-0.0515005998313427,0.6288594007492065,0.3955489695072174,-0.0933971107006073,0.5906854867935181,0.3318597078323364,-0.11753368377685547,0.5481845140457153,0.29729539155960083,-0.12517204880714417,0.6605492830276489,0.5437030792236328,-0.08030711114406586,0.6971262097358704,0.46052929759025574,-0.1035708636045456,0.7089340686798096,0.39613044261932373,-0.11479165405035019,0.7114181518554688,0.3398270606994629,-0.11850839108228683,F
0.6303517818450928,0.8904979825019836,-4.996548454982985e-07,0.550491213798523,0.8380635976791382,-0.02412143349647522,0.4917304515838623,0.7671056389808655,-0.04816455394029617,0.44017788767814636,0.7148572206497192,-0.07741836458444595,0.40069738030433655,0.6652969717979431,-0.10572974383831024,0.5761586427688599,0.6328916549682617,-0.012513617053627968,0.5062025785446167,0.5734958052635193,-0.06872346252202988,0.4491046667098999,0.5924843549728394,-0.11637718975543976,0.41497713327407837,0.629125714302063,-0.13974782824516296,0.6177207827568054,0.6157807111740112,-0.024609100073575974,0.5824882984161377,0.5124475955963135,-0.0725066214799881,0.5231386423110962,0.46917450428009033,-0.10348953306674957,0.46204882860183716,0.45589911937713623,-0.11541593819856644,0.6604334712028503,0.6241829991340637,-0.044303931295871735,0.6642382144927979,0.5130196809768677,-0.08356357365846634,0.624299943447113,0.44796010851860046,-0.10341276973485947,0.5801070928573608,0.412082314491272,-0.10699138790369034,0.6960416436195374,0.6509479880332947,-0.06688681989908218,0.7335618734359741,0.5676825046539307,-0.09214720129966736,0.743028998374939,0.503474771976471,-0.10306351631879807,0.7415420413017273,0.4481695592403412,-0.10455085337162018,F
0.5974564552307129,0.7439510226249695,-3.6595676533579535e-07,0.5169999003410339,0.7199681401252747,-0.035045377910137177,0.44782182574272156,0.6745282411575317,-0.06578068435192108,0.40166863799095154,0.6378703117370605,-0.09868618845939636,0.3890252411365509,0.5887601375579834,-0.1290450543165207,0.48672375082969666,0.5367257595062256,-0.03162195906043053,0.4299412965774536,0.48431894183158875,-0.09070414304733276,0.3970016837120056,0.5146364569664001,-0.13721509277820587,0.38105088472366333,0.5578227043151855,-0.1612146943807602,0.537614107131958,0.508336067199707,-0.03865164890885353,0.5045265555381775,0.42168790102005005,-0.08290804177522659,0.462863028049469,0.3795166015625,-0.11448074132204056,0.4199007749557495,0.35607022047042847,-0.13264471292495728,0.591921329498291,0.5079877972602844,-0.05378083139657974,0.585422694683075,0.4117054343223572,-0.09196379035711288,0.5590685606002808,0.35657650232315063,-0.11313151568174362,0.5303764343261719,0.3166379928588867,-0.12273777276277542,0.6417391300201416,0.531122088432312,-0.07227113097906113,0.6664294600486755,0.4553776681423187,-0.09833098202943802,0.6728367805480957,0.4012618362903595,-0.10932108014822006,0.6717237830162048,0.3518063426017761,-0.11379362642765045,F
0.6912144422531128,0.7093182802200317,-5.956865152256796e-07,0.5992987751960754,0.6730021238327026,-0.036595750600099564,0.5257587432861328,0.6109530925750732,-0.06837115436792374,0.47753673791885376,0.5585318207740784,-0.1040693148970604,0.4730718731880188,0.5062814950942993,-0.13591966032981873,0.5779407024383545,0.4549197256565094,-0.025504615157842636,0.5174652338027954,0.3961411416530609,-0.08808452636003494,0.4797936677932739,0.4341651201248169,-0.13740283250808716,0.4659603238105774,0.4867195188999176,-0.16306859254837036,0.6348642706871033,0.425685852766037,-0.03470606729388237,0.6008340716362,0.32257378101348877,-0.08505043387413025,0.5556588172912598,0.2776437997817993,-0.1180461198091507,0.5118851065635681,0.25549858808517456,-0.1355508267879486,0.6959195137023926,0.4275049865245819,-0.05303705483675003,0.6948692798614502,0.3163380026817322,-0.0944686308503151,0.6668117046356201,0.2518244981765747,-0.11450307071208954,0.6376280784606934,0.204287588596344,-0.12189151346683502,0.7496868371963501,0.45559701323509216,-0.07558231055736542,0.7794065475463867,0.3663320541381836,-0.09889078140258789,0.7884337902069092,0.3049098551273346,-0.10730165243148804,0.7920683026313782,0.24814791977405548,-0.11033924669027328,F
0.5495240688323975,0.646352231502533,-3.2558850193709077e-07,0.47022518515586853,0.6106032133102417,-0.033993612974882126,0.4035150706768036,0.5588135123252869,-0.061102837324142456,0.36342471837997437,0.5030115842819214,-0.08986571431159973,0.3838290572166443,0.45632654428482056,-0.11443091183900833,0.46698957681655884,0.44328099489212036,-0.017304224893450737,0.4327274560928345,0.3741210103034973,-0.06472229957580566,0.40454715490341187,0.3807237446308136,-0.10325481742620468,0.3897528052330017,0.40798190236091614,-0.12406113743782043,0.5125808715820312,0.41845595836639404,-0.018954778090119362,0.47994714975357056,0.33041226863861084,-0.05000460892915726,0.4503706395626068,0.27529972791671753,-0.07470513880252838,0.4222491979598999,0.23365022242069244,-0.09213072806596756,0.564242422580719,0.4183756411075592,-0.028895476832985878,0.5629764795303345,0.3298458158969879,-0.05577364191412926,0.5525364279747009,0.2706458568572998,-0.07023131102323532,0.5420604944229126,0.22364424169063568,-0.07875881344079971,0.6139432191848755,0.4390374720096588,-0.042860765010118484,0.6408056020736694,0.37355944514274597,-0.05939062684774399,0.6542810201644897,0.32900261878967285,-0.0647505521774292,0.6641521453857422,0.288398802280426,-0.06745050102472305,F
0.46527498960494995,0.6711486577987671,-5.836723175889347e-07,0.3768448233604431,0.6290292739868164,-0.031341150403022766,0.30296483635902405,0.5794930458068848,-0.06250409036874771,0.25456368923187256,0.5233928561210632,-0.0956476554274559,0.26360273361206055,0.47563570737838745,-0.12434760481119156,0.37981098890304565,0.45884791016578674,-0.030896589159965515,0.33062544465065,0.39253780245780945,-0.08286336809396744,0.28972166776657104,0.40868115425109863,-0.12479671090841293,0.26692306995391846,0.44265609979629517,-0.14817368984222412,0.4196513593196869,0.4294469654560089,-0.03434488922357559,0.3738781213760376,0.33533626794815063,-0.07037606835365295,0.33488374948501587,0.2803560495376587,-0.09688667207956314,0.300805926322937,0.23825398087501526,-0.11706046015024185,0.46789172291755676,0.4261426031589508,-0.044532887637615204,0.4597269296646118,0.32235968112945557,-0.07227949798107147,0.44364139437675476,0.2620023488998413,-0.0859629437327385,0.43173640966415405,0.21545958518981934,-0.09560173004865646,0.5156446099281311,0.4444858431816101,-0.058538615703582764,0.5413825511932373,0.3671529293060303,-0.07328647375106812,0.5533859133720398,0.3164258599281311,-0.07800769805908203,0.5645779371261597,0.267971009016037,-0.0817793756723404,F
0.7029309868812561,0.815312385559082,-7.155210823839298e-07,0.5944786071777344,0.7556041479110718,-0.04652440547943115,0.5080917477607727,0.6834440231323242,-0.09450873732566833,0.44215989112854004,0.6322094798088074,-0.14881567656993866,0.3930272161960602,0.5717876553535461,-0.20100092887878418,0.5776785016059875,0.47542738914489746,-0.0468953512609005,0.4913956820964813,0.40167737007141113,-0.1301395446062088,0.4312375485897064,0.44749435782432556,-0.1948014497756958,0.3966776728630066,0.5098795294761658,-0.22812636196613312,0.6526961326599121,0.44467395544052124,-0.06129971146583557,0.6115473508834839,0.3102760910987854,-0.13285528123378754,0.549000084400177,0.24999523162841797,-0.18069235980510712,0.48124027252197266,0.22763361036777496,-0.20621329545974731,0.7273866534233093,0.4540274739265442,-0.08542577177286148,0.7427263259887695,0.3128018081188202,-0.14380525052547455,0.6991752982139587,0.22576791048049927,-0.1749659776687622,0.6487820148468018,0.16923511028289795,-0.18669775128364563,0.7886848449707031,0.4947821795940399,-0.11402712017297745,0.8368625044822693,0.382811576128006,-0.14838546514511108,0.8533658981323242,0.29897505044937134,-0.16299207508563995,0.8592956066131592,0.2254118025302887,-0.16874447464942932,F
0.8015894293785095,0.725982129573822,-4.831063051824458e-07,0.7110602855682373,0.6746899485588074,-0.04504146799445152,0.6410955786705017,0.6049787998199463,-0.08215377479791641,0.5923346281051636,0.5511518716812134,-0.12340781092643738,0.5683539509773254,0.49482592940330505,-0.16132323443889618,0.6873059272766113,0.42917993664741516,-0.031822677701711655,0.6249463558197021,0.35296136140823364,-0.09989224374294281,0.5913102030754089,0.39089980721473694,-0.15261535346508026,0.5792495012283325,0.45421507954597473,-0.1790439933538437,0.7604526281356812,0.39907529950141907,-0.040018800646066666,0.730614185333252,0.28147798776626587,-0.0926622673869133,0.6892058849334717,0.22545580565929413,-0.12922489643096924,0.641753077507019,0.20117802917957306,-0.14998330175876617,0.8353310227394104,0.40568122267723083,-0.05878787115216255,0.8417152762413025,0.2825036346912384,-0.10480667650699615,0.819972574710846,0.20760829746723175,-0.13049568235874176,0.7928353548049927,0.15473592281341553,-0.14178235828876495,0.9007593393325806,0.440061092376709,-0.08222848922014236,0.9437999129295349,0.34588634967803955,-0.11118261516094208,0.9607563018798828,0.27959585189819336,-0.12318989634513855,0.9691880345344543,0.21860867738723755,-0.12843291461467743,F
0.4668585956096649,0.946382999420166,-7.96556093973777e-07,0.34444957971572876,0.8890216946601868,-0.03713291138410568,0.23866209387779236,0.8147931098937988,-0.08786311745643616,0.14388778805732727,0.7723096013069153,-0.1481580138206482,0.06290063261985779,0.7286583781242371,-0.20869703590869904,0.30538836121559143,0.5866519808769226,-0.03659003600478172,0.18844488263130188,0.5299108028411865,-0.13366372883319855,0.1152237057685852,0.5927600860595703,-0.21757440268993378,0.07769623398780823,0.6642786264419556,-0.2633475065231323,0.3760690689086914,0.5560722351074219,-0.061077781021595,0.31769171357154846,0.40179815888404846,-0.14453566074371338,0.22984668612480164,0.3377077877521515,-0.20737378299236298,0.14061099290847778,0.3137919306755066,-0.24171486496925354,0.45067906379699707,0.5677393674850464,-0.0948338434100151,0.4486731290817261,0.4030277729034424,-0.15761470794677734,0.388788640499115,0.31547027826309204,-0.1972353160381317,0.32425034046173096,0.2617059051990509,-0.21453604102134705,0.5126296281814575,0.6115027666091919,-0.13230210542678833,0.5445953607559204,0.4864172339439392,-0.16272498667240143,0.546111524105072,0.3954034447669983,-0.17658722400665283,0.5368264317512512,0.3163846433162689,-0.18312431871891022,F
0.588607132434845,0.8717979192733765,-4.3744870481532416e-07,0.5032411217689514,0.8379309177398682,-0.038549236953258514,0.43068546056747437,0.7874630093574524,-0.07542743533849716,0.3784533143043518,0.753392219543457,-0.11620878428220749,0.344829261302948,0.7071444392204285,-0.15473200380802155,0.4660545587539673,0.6233036518096924,-0.03226414695382118,0.40004658699035645,0.5661576390266418,-0.09845301508903503,0.36524444818496704,0.6082473993301392,-0.15207338333129883,0.35418903827667236,0.6601619720458984,-0.18055424094200134,0.5240386724472046,0.5952218174934387,-0.04334414005279541,0.4904524087905884,0.49016013741493225,-0.10041672736406326,0.43802809715270996,0.4498676657676697,-0.1411963254213333,0.38533535599708557,0.4332900047302246,-0.1628003716468811,0.5855326056480408,0.5988501310348511,-0.06292398273944855,0.5903303027153015,0.49035656452178955,-0.10912127792835236,0.5591901540756226,0.4333738088607788,-0.13596893846988678,0.5254489779472351,0.3953912854194641,-0.1470651924610138,0.6415337920188904,0.6280203461647034,-0.08617139607667923,0.6714609861373901,0.5447785258293152,-0.11232708394527435,0.680339515209198,0.4863446056842804,-0.12361594289541245,0.6829085946083069,0.4349927604198456,-0.12833619117736816,F
0.6013816595077515,0.7764697074890137,-3.302210416222806e-07,0.47148066759109497,0.7690881490707397,-0.057671766728162766,0.3484671115875244,0.7109784483909607,-0.1023591011762619,0.2942157983779907,0.6380830407142639,-0.1493583470582962,0.3341408669948578,0.5630502700805664,-0.18779408931732178,0.35272276401519775,0.5046460628509521,-0.02418122999370098,0.29679131507873535,0.4083821177482605,-0.10965277999639511,0.3096754550933838,0.4570659101009369,-0.17883694171905518,0.3405548930168152,0.5133825540542603,-0.2161283791065216,0.426119863986969,0.45355451107025146,-0.03127744793891907,0.36150437593460083,0.3329394459724426,-0.08615317940711975,0.31680381298065186,0.26549118757247925,-0.13265739381313324,0.27616190910339355,0.20190224051475525,-0.1660190224647522,0.5093228220939636,0.4389090836048126,-0.05418499559164047,0.4804462790489197,0.2964903712272644,-0.10511431097984314,0.44952183961868286,0.21343210339546204,-0.13794444501399994,0.422280877828598,0.13741534948349,-0.15793287754058838,0.5992087125778198,0.4554811716079712,-0.08346106112003326,0.6048524975776672,0.3347160518169403,-0.11415448039770126,0.6033498048782349,0.25755617022514343,-0.12856626510620117,0.6017888784408569,0.17965877056121826,-0.13845711946487427,F
0.5016716718673706,0.7794632315635681,-2.8994543299631914e-07,0.3879464566707611,0.7742059230804443,-0.06144889071583748,0.26927754282951355,0.7224977016448975,-0.10475578159093857,0.20137640833854675,0.6473904252052307,-0.1480439454317093,0.23942899703979492,0.574005126953125,-0.18221241235733032,0.26933568716049194,0.5398577451705933,-0.030408380553126335,0.20887884497642517,0.4452870488166809,-0.10574866831302643,0.21872465312480927,0.47107750177383423,-0.16373862326145172,0.24829617142677307,0.5115159153938293,-0.1950668841600418,0.33131545782089233,0.49164509773254395,-0.028610488399863243,0.2683880925178528,0.3817676901817322,-0.07701205462217331,0.2315962165594101,0.3236481845378876,-0.11210408806800842,0.19910632073879242,0.2720381021499634,-0.1368519514799118,0.40489453077316284,0.4731913208961487,-0.041658882051706314,0.374981552362442,0.34803733229637146,-0.08564325422048569,0.34644144773483276,0.27891069650650024,-0.10798778384923935,0.321039617061615,0.2183988094329834,-0.12020885944366455,0.48357775807380676,0.4821418821811676,-0.06171853095293045,0.48629605770111084,0.37875664234161377,-0.08874683082103729,0.48241961002349854,0.31311169266700745,-0.10084172338247299,0.47628992795944214,0.2499372512102127,-0.10819108039140701,F
0.5301328897476196,0.8181117177009583,-3.618742709932121e-07,0.4661659598350525,0.7929613590240479,-0.024539697915315628,0.4135041832923889,0.752875804901123,-0.04693181812763214,0.38028180599212646,0.7219506502151489,-0.07248193025588989,0.37647587060928345,0.6848850846290588,-0.09614990651607513,0.4454287588596344,0.6384973526000977,-0.01595228537917137,0.4023280739784241,0.5921002626419067,-0.061504267156124115,0.37874943017959595,0.616654098033905,-0.0990825742483139,0.37026292085647583,0.6526193618774414,-0.11861743777990341,0.4879305958747864,0.6164747476577759,-0.02278752066195011,0.46817561984062195,0.5427877902984619,-0.05741312727332115,0.43850740790367126,0.5122652053833008,-0.08273708075284958,0.40668803453445435,0.4999943971633911,-0.09653425961732864,0.5327999591827393,0.617497980594635,-0.03606262430548668,0.5369197130203247,0.5401611924171448,-0.0645928829908371,0.5193787813186646,0.4982638359069824,-0.08076400309801102,0.4992445409297943,0.47005021572113037,-0.08736009895801544,0.5727193355560303,0.6377551555633545,-0.0519995242357254,0.5947762727737427,0.5790218710899353,-0.06864452362060547,0.6025879979133606,0.5391196608543396,-0.07499736547470093,0.6060150265693665,0.5043805837631226,-0.07701694220304489,F
0.5580554008483887,0.8349191546440125,-3.1715001114207553e-07,0.4946446120738983,0.8056687116622925,-0.03148583695292473,0.4408162534236908,0.7635678052902222,-0.057888228446245193,0.40412962436676025,0.730995237827301,-0.08662188053131104,0.39520108699798584,0.6907349228858948,-0.11292241513729095,0.4775739312171936,0.6446232795715332,-0.021316468715667725,0.4354138970375061,0.5988421440124512,-0.07137370109558105,0.40622377395629883,0.6268162131309509,-0.11195087432861328,0.394517719745636,0.6647671461105347,-0.13305450975894928,0.5246973633766174,0.6248661279678345,-0.026856835931539536,0.5082626342773438,0.5474453568458557,-0.06634015589952469,0.4774669110774994,0.514667272567749,-0.09348856657743454,0.4447353780269623,0.49937042593955994,-0.10718432068824768,0.5716896057128906,0.6287599205970764,-0.03989801183342934,0.5768706202507019,0.5487360954284668,-0.07241372764110565,0.5583493709564209,0.5035445690155029,-0.08886497467756271,0.5377245545387268,0.4717170000076294,-0.09438563883304596,0.6114602088928223,0.6523109078407288,-0.05631532892584801,0.635823667049408,0.5901350975036621,-0.07528041303157806,0.6451816558837891,0.547550618648529,-0.08164627104997635,0.6496720910072327,0.510515034198761,-0.08282458037137985,F
0.5695800185203552,0.8248367309570312,-6.568577646248741e-07,0.47297969460487366,0.7540559768676758,-0.012221064418554306,0.40793830156326294,0.6735999584197998,-0.03616008162498474,0.3499489426612854,0.6247512698173523,-0.06927899271249771,0.30094704031944275,0.5806865096092224,-0.10315831005573273,0.49890947341918945,0.532538652420044,-0.0011642944300547242,0.4207901954650879,0.4666979908943176,-0.059054069221019745,0.3591405749320984,0.4944491386413574,-0.10912401229143143,0.3217071294784546,0.5385834574699402,-0.1345314234495163,0.5488148927688599,0.5170647501945496,-0.024503180757164955,0.5146570801734924,0.40249478816986084,-0.07934670895338058,0.44461849331855774,0.36045509576797485,-0.11752066016197205,0.3740537166595459,0.3546268343925476,-0.1335020214319229,0.5960850119590759,0.5296429395675659,-0.0547090619802475,0.6046193838119507,0.40417516231536865,-0.09891725331544876,0.5537990927696228,0.33691394329071045,-0.12375863641500473,0.5007662177085876,0.30220121145248413,-0.13100256025791168,0.6293767094612122,0.563240647315979,-0.08665446192026138,0.6648863554000854,0.4728642404079437,-0.11475866287946701,0.6787729263305664,0.40269559621810913,-0.12845581769943237,0.683269202709198,0.3421485424041748,-0.13284657895565033,F
0.5237154960632324,0.8335075378417969,-6.773004201932054e-07,0.4312242865562439,0.7638862729072571,-0.004728399682790041,0.36804085969924927,0.681950569152832,-0.02594779059290886,0.3073912560939789,0.6296862363815308,-0.05786138027906418,0.2566772997379303,0.58363276720047,-0.0905129611492157,0.46896064281463623,0.546445369720459,0.009263033047318459,0.39275574684143066,0.48311376571655273,-0.045369088649749756,0.33185699582099915,0.5058202743530273,-0.09469959139823914,0.29647862911224365,0.5450875759124756,-0.1203756332397461,0.5115809440612793,0.5282651782035828,-0.01799873635172844,0.47832393646240234,0.4133937954902649,-0.06789395958185196,0.40777483582496643,0.36935919523239136,-0.10242769867181778,0.33871740102767944,0.36054354906082153,-0.11639492958784103,0.5515097379684448,0.5381082892417908,-0.051873691380023956,0.5565949082374573,0.4147239327430725,-0.08950407803058624,0.5078293085098267,0.3481888771057129,-0.10818196833133698,0.4603189527988434,0.3120654821395874,-0.11279944330453873,0.5787495374679565,0.5686721205711365,-0.08768407255411148,0.6080442070960999,0.4822997450828552,-0.11013505607843399,0.6121071577072144,0.4138464331626892,-0.1183587834239006,0.6091939806938171,0.3545875549316406,-0.11954649537801743,F
0.6655850410461426,0.8769140839576721,-6.080173875488981e-07,0.5496984124183655,0.820145845413208,-0.05101439356803894,0.4531319737434387,0.7451249361038208,-0.1019529327750206,0.3811779022216797,0.6951152682304382,-0.15889118611812592,0.33289167284965515,0.633927583694458,-0.21266092360019684,0.5156428813934326,0.5110704302787781,-0.04611017554998398,0.4243161082267761,0.4405297040939331,-0.13821916282176971,0.36744746565818787,0.4992469549179077,-0.20995506644248962,0.34427955746650696,0.5750303864479065,-0.2466503232717514,0.598167896270752,0.47633057832717896,-0.0632011666893959,0.5591130256652832,0.32380735874176025,-0.14373286068439484,0.4927007555961609,0.2539407014846802,-0.1959475576877594,0.42399510741233826,0.22120332717895508,-0.22276222705841064,0.6824572086334229,0.48698893189430237,-0.09190838038921356,0.6926885843276978,0.33051449060440063,-0.15741239488124847,0.6555267572402954,0.23203743994235992,-0.19345723092556,0.6133855581283569,0.16098889708518982,-0.20785093307495117,0.7550793886184692,0.5327878594398499,-0.12536753714084625,0.8073349595069885,0.4101752042770386,-0.16055928170681,0.8257643580436707,0.32049819827079773,-0.1748010516166687,0.8343784809112549,0.23944248259067535,-0.18094779551029205,F
0.5473494529724121,0.8738158941268921,-5.59088846330269e-07,0.4158514142036438,0.8253819942474365,-0.050122424960136414,0.2975034713745117,0.7553931474685669,-0.11167433857917786,0.20370149612426758,0.7054407000541687,-0.179695263504982,0.13288643956184387,0.6443219184875488,-0.24623741209506989,0.38042300939559937,0.49285829067230225,-0.06582358479499817,0.2627452313899994,0.42928171157836914,-0.16729994118213654,0.20288580656051636,0.4901990294456482,-0.2490159273147583,0.17793330550193787,0.5652512311935425,-0.2918316423892975,0.46190980076789856,0.45580214262008667,-0.08754038065671921,0.39099156856536865,0.2731230854988098,-0.1826958805322647,0.30049440264701843,0.19724255800247192,-0.24806717038154602,0.21118393540382385,0.16767728328704834,-0.2823233902454376,0.5451851487159729,0.4643871486186981,-0.11754877865314484,0.5475327968597412,0.2836211323738098,-0.1925545632839203,0.49027013778686523,0.17785489559173584,-0.23725417256355286,0.4272005558013916,0.10802096128463745,-0.2555272877216339,0.6226856708526611,0.5081093311309814,-0.15106552839279175,0.6731682419776917,0.36711961030960083,-0.18765553832054138,0.6821853518486023,0.26146262884140015,-0.20262806117534637,0.6772555112838745,0.16470938920974731,-0.20931921899318695,F
0.5446768403053284,0.731838583946228,-3.330073070628714e-07,0.41895005106925964,0.7279537916183472,-0.06276875734329224,0.2863019108772278,0.6752724647521973,-0.11088405549526215,0.21209602057933807,0.6033803224563599,-0.16074161231517792,0.25024932622909546,0.5232012271881104,-0.20212307572364807,0.28700318932533264,0.4610316753387451,-0.03112316131591797,0.21658262610435486,0.36382246017456055,-0.1204085648059845,0.22333773970603943,0.40197163820266724,-0.19120480120182037,0.25561413168907166,0.4549075663089752,-0.2292299121618271,0.35935062170028687,0.4050602912902832,-0.036752115935087204,0.2846646010875702,0.2802552282810211,-0.09688103199005127,0.2307794690132141,0.21205709874629974,-0.14492563903331757,0.1850031018257141,0.15116211771965027,-0.17787109315395355,0.4458986520767212,0.3858385980129242,-0.058345384895801544,0.4073960781097412,0.2390749156475067,-0.11316065490245819,0.3686252236366272,0.15659654140472412,-0.14648188650608063,0.33574771881103516,0.08257496356964111,-0.16549064218997955,0.5374140739440918,0.3996255099773407,-0.08657188713550568,0.5365681648254395,0.2767240107059479,-0.1190485879778862,0.5317966938018799,0.1994347721338272,-0.13362234830856323,0.5259472131729126,0.12407585978507996,-0.14275002479553223,F
0.6176737546920776,0.8685503602027893,-7.96724350493605e-07,0.506578803062439,0.7980228662490845,-0.037709109485149384,0.41904765367507935,0.7159569263458252,-0.08466890454292297,0.33956050872802734,0.6688127517700195,-0.14032816886901855,0.2673662006855011,0.6259080171585083,-0.19670425355434418,0.4856485426425934,0.5148884654045105,-0.04324515163898468,0.3828781843185425,0.44310569763183594,-0.1357211172580719,0.31628045439720154,0.4907620847225189,-0.21045774221420288,0.2802208364009857,0.5527028441429138,-0.24985380470752716,0.5588183403015137,0.4870971739292145,-0.06464046984910965,0.5112850666046143,0.34005245566368103,-0.1441808044910431,0.43360039591789246,0.2797948122024536,-0.19833263754844666,0.34971895813941956,0.26314055919647217,-0.22623930871486664,0.6331767439842224,0.5001068115234375,-0.09530824422836304,0.6443084478378296,0.3446461260318756,-0.15905366837978363,0.5893304347991943,0.260198175907135,-0.19518549740314484,0.5267022848129272,0.20973435044288635,-0.2088569551706314,0.6956454515457153,0.5443828105926514,-0.129436194896698,0.7426051497459412,0.42709043622016907,-0.16577574610710144,0.7519469261169434,0.33906644582748413,-0.18288902938365936,0.7476559281349182,0.262062668800354,-0.1901540756225586,F
0.5823065042495728,0.9171144962310791,-5.65885954983969e-07,0.4667660892009735,0.8598055243492126,-0.04114266484975815,0.3743075132369995,0.7853537797927856,-0.0941849872469902,0.29748690128326416,0.7411133050918579,-0.15396536886692047,0.22550484538078308,0.6967665553092957,-0.2146167755126953,0.4413948059082031,0.5817965865135193,-0.05958985537290573,0.3406418263912201,0.5222933292388916,-0.15433892607688904,0.27705714106559753,0.5779592990875244,-0.229027658700943,0.24163925647735596,0.6431116461753845,-0.2686229348182678,0.5160800814628601,0.5575361847877502,-0.08354230225086212,0.4739494025707245,0.40817534923553467,-0.17207343876361847,0.3913753032684326,0.3548229932785034,-0.23049965500831604,0.30552026629447937,0.33938688039779663,-0.2592145800590515,0.590808629989624,0.5765138268470764,-0.11565277725458145,0.5995185971260071,0.42104610800743103,-0.1854882836341858,0.5414312481880188,0.34389668703079224,-0.22369711101055145,0.47684532403945923,0.297804057598114,-0.23850558698177338,0.6518110036849976,0.6279751062393188,-0.15081903338432312,0.6981381177902222,0.5120446681976318,-0.19155655801296234,0.708425760269165,0.4295305609703064,-0.20916058123111725,0.7048757076263428,0.3574041426181793,-0.21646365523338318,F
0.5773516893386841,0.8824304342269897,-7.740704859315883e-07,0.4438261389732361,0.8056148290634155,-0.04259001091122627,0.33038726449012756,0.6996513605117798,-0.09318345040082932,0.22848433256149292,0.6311664581298828,-0.15235567092895508,0.14044183492660522,0.5647910237312317,-0.21074187755584717,0.43139249086380005,0.4562838077545166,-0.041578371077775955,0.29900479316711426,0.3690547049045563,-0.14061015844345093,0.22020995616912842,0.41966375708580017,-0.22255831956863403,0.1746484339237213,0.4921303689479828,-0.2652396857738495,0.5088606476783752,0.4241008162498474,-0.06706797331571579,0.4188220500946045,0.2639237642288208,-0.15667764842510223,0.31484255194664,0.20371632277965546,-0.220595121383667,0.2134169042110443,0.18585073947906494,-0.25271904468536377,0.5922916531562805,0.4390012323856354,-0.10373686254024506,0.5697410106658936,0.25220900774002075,-0.17960993945598602,0.4900853633880615,0.15768802165985107,-0.2236309051513672,0.4096412658691406,0.10363784432411194,-0.24034611880779266,0.6604587435722351,0.48936325311660767,-0.1438807249069214,0.7138193249702454,0.3483089804649353,-0.19340525567531586,0.732038140296936,0.23978661000728607,-0.2182784080505371,0.7364749312400818,0.14063453674316406,-0.22836941480636597,F
0.45959511399269104,0.6379157304763794,-2.900523270454869e-07,0.4045387804508209,0.6133249402046204,-0.02152271755039692,0.3599039316177368,0.5716310739517212,-0.03672610968351364,0.3333702087402344,0.5355441570281982,-0.05439559742808342,0.33247295022010803,0.5014960169792175,-0.06991080939769745,0.3907965421676636,0.49033111333847046,-0.0056526330299675465,0.359809011220932,0.4477784335613251,-0.03989572450518608,0.3410890996456146,0.45610761642456055,-0.06808595359325409,0.3331436514854431,0.4785912036895752,-0.08227920532226562,0.4250234365463257,0.4719316363334656,-0.009322869591414928,0.40551987290382385,0.4164225161075592,-0.03540681302547455,0.38138407468795776,0.3926851749420166,-0.05315300077199936,0.35657182335853577,0.3859580159187317,-0.06143531948328018,0.46145719289779663,0.4701373875141144,-0.01930629462003708,0.45636698603630066,0.4083894193172455,-0.04206777736544609,0.43804410099983215,0.37518343329429626,-0.051940251141786575,0.41928642988204956,0.3549825847148895,-0.053667470812797546,0.4949512183666229,0.4825397729873657,-0.032065499573946,0.5091322064399719,0.4321376383304596,-0.04730885848402977,0.5143439173698425,0.39844268560409546,-0.05280259996652603,0.5163454413414001,0.369011789560318,-0.05321246758103371,F
0.573436975479126,0.6805092096328735,-2.7901154453502386e-07,0.5010465979576111,0.6467225551605225,-0.03377794846892357,0.43718603253364563,0.5941152572631836,-0.05986237898468971,0.4004841446876526,0.5397244691848755,-0.08776356279850006,0.4232032299041748,0.4948989748954773,-0.11179979890584946,0.49497517943382263,0.48191770911216736,-0.014739060774445534,0.46528860926628113,0.41328951716423035,-0.06085410341620445,0.4394044876098633,0.42351680994033813,-0.09921179711818695,0.4272402822971344,0.45211872458457947,-0.12052055448293686,0.540878415107727,0.46044161915779114,-0.016591288149356842,0.5115172863006592,0.3768746256828308,-0.048108525574207306,0.48569509387016296,0.32292401790618896,-0.07569418847560883,0.46278640627861023,0.27970510721206665,-0.09585050493478775,0.5921045541763306,0.4620775282382965,-0.02676404081285,0.5920387506484985,0.3752426505088806,-0.05511275678873062,0.5829850435256958,0.31660446524620056,-0.07493150979280472,0.5739074945449829,0.2679888904094696,-0.08762214332818985,0.6418262720108032,0.48350635170936584,-0.04051860421895981,0.6682174801826477,0.41848090291023254,-0.05735001713037491,0.68251633644104,0.37600088119506836,-0.0654568001627922,0.6934133172035217,0.3372202217578888,-0.07107909768819809,F
0.5660971403121948,0.7636017799377441,-2.8688015163425007e-07,0.49158570170402527,0.7304321527481079,-0.03343932330608368,0.4280284345149994,0.677505373954773,-0.060068484395742416,0.39378148317337036,0.6239113211631775,-0.08869020640850067,0.4164149761199951,0.5802135467529297,-0.11372902244329453,0.4850517809391022,0.5619772672653198,-0.01739739626646042,0.45866861939430237,0.4924108684062958,-0.06482091546058655,0.43889304995536804,0.49838581681251526,-0.10381272435188293,0.4309532940387726,0.5260114073753357,-0.12502175569534302,0.5339882969856262,0.541441798210144,-0.02025592513382435,0.5074028372764587,0.45512136816978455,-0.05076929181814194,0.48487260937690735,0.3989051282405853,-0.07699519395828247,0.46436792612075806,0.35464006662368774,-0.09601863473653793,0.5873979926109314,0.5442947149276733,-0.03138921409845352,0.5899972915649414,0.4556177258491516,-0.0591936931014061,0.5833413004875183,0.3952225148677826,-0.07737882435321808,0.576405942440033,0.3445608615875244,-0.08880916982889175,0.6380713582038879,0.567266583442688,-0.04615023732185364,0.6669862270355225,0.5016298890113831,-0.06321655958890915,0.682525098323822,0.45872652530670166,-0.07014089077711105,0.6947076320648193,0.4188351035118103,-0.07444891333580017,F
0.13181297481060028,0.8517502546310425,-4.0916833654591755e-07,0.09488706290721893,0.7766287326812744,-0.043794333934783936,0.13332273066043854,0.6677480936050415,-0.06148560717701912,0.2020139992237091,0.5981163382530212,-0.07808072119951248,0.26086023449897766,0.5488464832305908,-0.09264643490314484,0.23903468251228333,0.6201508045196533,-0.02601468190550804,0.3210412263870239,0.5532928705215454,-0.06721682846546173,0.3738575875759125,0.5159876346588135,-0.08836811035871506,0.42024245858192444,0.48328596353530884,-0.10299938172101974,0.2769250273704529,0.673363983631134,-0.026978913694620132,0.31337544322013855,0.6343926191329956,-0.08897227793931961,0.23612627387046814,0.6900596618652344,-0.09336511790752411,0.20285393297672272,0.7180169820785522,-0.07929202169179916,0.30155396461486816,0.7328290939331055,-0.03562447056174278,0.32847654819488525,0.7032436728477478,-0.10202082246541977,0.2442304491996765,0.7499732971191406,-0.07918331772089005,0.21187782287597656,0.7686454057693481,-0.04574737697839737,0.31617873907089233,0.7953560948371887,-0.04833047464489937,0.32787013053894043,0.7701818943023682,-0.09657738357782364,0.26004788279533386,0.795872151851654,-0.08254331350326538,0.23150770366191864,0.807150661945343,-0.0602417029440403,G
0.6056675910949707,0.6411658525466919,-2.670400363058434e-07,0.5692845582962036,0.5629547834396362,-0.029136059805750847,0.6113889813423157,0.465422660112381,-0.0371495857834816,0.6736481189727783,0.40464216470718384,-0.04516628384590149,0.7171027660369873,0.3589305877685547,-0.05246459320187569,0.6969730257987976,0.42192432284355164,-0.013892672955989838,0.7743845582008362,0.3602373003959656,-0.043250568211078644,0.8254232406616211,0.33235281705856323,-0.05914498493075371,0.8720515966415405,0.30466222763061523,-0.0705624669790268,0.7266383171081543,0.4693475663661957,-0.017039967700839043,0.783341109752655,0.4380030930042267,-0.06297401338815689,0.7204132676124573,0.4836136996746063,-0.06673998385667801,0.6863945722579956,0.50211501121521,-0.055407483130693436,0.7455429434776306,0.5242438912391663,-0.02534690871834755,0.7915036678314209,0.5041751861572266,-0.07786618173122406,0.7192041277885437,0.5443784594535828,-0.06067490205168724,0.6836914420127869,0.5575723648071289,-0.033805228769779205,0.7564269304275513,0.5801635384559631,-0.03613526374101639,0.7865703105926514,0.5671948194503784,-0.07414332777261734,0.7296282649040222,0.5901963710784912,-0.06171800196170807,0.697688639163971,0.5989719033241272,-0.04306507855653763,G
0.4597994387149811,0.6693277359008789,-1.0962081375964772e-07,0.441397100687027,0.6227607131004333,-0.02297072485089302,0.4559042155742645,0.5688989162445068,-0.03160189092159271,0.4843841791152954,0.5330200791358948,-0.039388369768857956,0.501960277557373,0.5038500428199768,-0.04553494229912758,0.4998406767845154,0.5380638837814331,-0.010631643235683441,0.5390327572822571,0.4967421293258667,-0.026600779965519905,0.5635442137718201,0.4773944914340973,-0.03588651120662689,0.5866580605506897,0.4612583816051483,-0.042761530727148056,0.5207833647727966,0.5639075636863708,-0.0104096420109272,0.547454833984375,0.55054771900177,-0.040925074368715286,0.5187516212463379,0.5787620544433594,-0.04844232276082039,0.4956435561180115,0.5958340764045715,-0.04536600410938263,0.534656286239624,0.5937967896461487,-0.0134259769693017,0.5575142502784729,0.5867011547088623,-0.04581934213638306,0.5241993069648743,0.6113607883453369,-0.04121354967355728,0.5001470446586609,0.6240585446357727,-0.029014887288212776,0.5430876612663269,0.624811053276062,-0.018281137570738792,0.5570942759513855,0.6185892820358276,-0.0413752906024456,0.5300192832946777,0.6342588663101196,-0.037628427147865295,0.5092694163322449,0.6441265344619751,-0.02896794304251671,G
0.38460448384284973,0.870448112487793,-2.2235053620534018e-07,0.3381192088127136,0.7833836078643799,-0.036842744797468185,0.35319167375564575,0.6771174073219299,-0.04483442008495331,0.40317124128341675,0.602067768573761,-0.052648093551397324,0.43831613659858704,0.5456251502037048,-0.05799213796854019,0.42907553911209106,0.622856616973877,0.0043725511059165,0.49220940470695496,0.5422221422195435,-0.0174237210303545,0.5329631567001343,0.4998919665813446,-0.03273030370473862,0.5714457631111145,0.4594718813896179,-0.04684937745332718,0.47302719950675964,0.6622207760810852,0.0051596444100141525,0.5193063616752625,0.6143829822540283,-0.04402442276477814,0.47577038407325745,0.6793370246887207,-0.06061892956495285,0.4379127025604248,0.7172488570213318,-0.05807066708803177,0.5062330961227417,0.711027979850769,-0.0006352692726068199,0.5496948957443237,0.6771648526191711,-0.05619131773710251,0.4957023859024048,0.7371648550033569,-0.053938254714012146,0.45403093099594116,0.7661517262458801,-0.03647350147366524,0.5327227115631104,0.762032687664032,-0.009370827116072178,0.5595309734344482,0.7371814250946045,-0.05360076576471329,0.5140587091445923,0.771299421787262,-0.05437641963362694,0.47896283864974976,0.7925906181335449,-0.0447089746594429,G
0.5606200695037842,0.7831007242202759,-4.642527926534967e-07,0.5136868357658386,0.7090416550636292,-0.03326538950204849,0.5129528045654297,0.612270712852478,-0.05102906748652458,0.5530084371566772,0.5394887924194336,-0.06896799057722092,0.5929812788963318,0.4925249218940735,-0.08420492708683014,0.6087133884429932,0.5584726929664612,-0.020836498588323593,0.6550087332725525,0.4789644181728363,-0.0632183775305748,0.6844456195831299,0.43331557512283325,-0.08503439277410507,0.7151967883110046,0.3924545645713806,-0.09861401468515396,0.6456140279769897,0.5938822627067566,-0.020827455446124077,0.6640725135803223,0.5429229736328125,-0.06946950405836105,0.6083744764328003,0.6126179695129395,-0.06632380932569504,0.5973849296569824,0.6411351561546326,-0.0511343888938427,0.6803814172744751,0.6372150778770447,-0.028483284637331963,0.6948781609535217,0.5975754857063293,-0.08124759048223495,0.6332093477249146,0.6612493395805359,-0.055984459817409515,0.6187816858291626,0.6886325478553772,-0.024700568988919258,0.7103151679039001,0.685495138168335,-0.03970952704548836,0.7153644561767578,0.6499908566474915,-0.07670128345489502,0.6597363352775574,0.6885831952095032,-0.06226696819067001,0.6433302760124207,0.7111247777938843,-0.0422682911157608,G
0.16119292378425598,0.6179944276809692,-4.345522768289811e-07,0.12880519032478333,0.5008045434951782,-0.052579596638679504,0.19319792091846466,0.3775980472564697,-0.07074964046478271,0.2766159176826477,0.28484028577804565,-0.08713037520647049,0.3074365258216858,0.19898571074008942,-0.09965723007917404,0.31478390097618103,0.310558557510376,-0.017962254583835602,0.4239107072353363,0.2249516397714615,-0.058792684227228165,0.49560439586639404,0.18860740959644318,-0.07002459466457367,0.5609121918678284,0.15901023149490356,-0.07593909651041031,0.3514648675918579,0.3747309446334839,-0.015199213288724422,0.426888644695282,0.3195574879646301,-0.07866717875003815,0.3233387768268585,0.38167649507522583,-0.068596750497818,0.291759192943573,0.40750962495803833,-0.0379469096660614,0.37427476048469543,0.45010659098625183,-0.023113569244742393,0.40922003984451294,0.41972091794013977,-0.10161694139242172,0.30324503779411316,0.4742538630962372,-0.07328364253044128,0.2764216661453247,0.49160709977149963,-0.02983444184064865,0.386334091424942,0.5232367515563965,-0.0352931022644043,0.3948158621788025,0.4964168667793274,-0.09231197834014893,0.31169334053993225,0.5260263085365295,-0.07846289873123169,0.2839357852935791,0.5404622554779053,-0.05359411612153053,G
0.19089171290397644,0.7615809440612793,-6.726067454110307e-07,0.16116207838058472,0.6589944362640381,-0.04010017216205597,0.204093798995018,0.5410974621772766,-0.0650007426738739,0.27445095777511597,0.4688686728477478,-0.09203648567199707,0.3372384309768677,0.4233340322971344,-0.11550501734018326,0.3349040746688843,0.49807149171829224,-0.028402114287018776,0.43014582991600037,0.42161425948143005,-0.07201880216598511,0.4845719039440155,0.38108402490615845,-0.08719819784164429,0.5317260026931763,0.35092782974243164,-0.09781468659639359,0.3708530068397522,0.5537732243537903,-0.03523187339305878,0.40730366110801697,0.48702991008758545,-0.09764796495437622,0.3146410584449768,0.545903742313385,-0.08970754593610764,0.2880692481994629,0.5877631306648254,-0.0663314089179039,0.39298805594444275,0.6200795769691467,-0.05096611753106117,0.40444251894950867,0.5655036568641663,-0.1157110333442688,0.3151017427444458,0.6191838383674622,-0.08133281022310257,0.3016936779022217,0.6520890593528748,-0.04165779426693916,0.4015623927116394,0.6888000965118408,-0.07153535634279251,0.40096762776374817,0.6368831396102905,-0.11342030018568039,0.32977595925331116,0.6641467213630676,-0.09355514496564865,0.3171621561050415,0.691006064414978,-0.06973211467266083,G
0.43807747960090637,0.9357997179031372,-3.516336732900527e-07,0.3600073754787445,0.8528479337692261,-0.08277420699596405,0.35163673758506775,0.7029983997344971,-0.11497064679861069,0.404732346534729,0.5735959410667419,-0.1399979293346405,0.45281288027763367,0.47671017050743103,-0.15634512901306152,0.400421142578125,0.5575461387634277,-0.03775786608457565,0.45926252007484436,0.42207956314086914,-0.08985304832458496,0.5024093985557556,0.36754927039146423,-0.10308286547660828,0.5512507557868958,0.3045005202293396,-0.10959472507238388,0.4713871479034424,0.604562520980835,-0.02435453236103058,0.5366694927215576,0.5543900728225708,-0.10284058004617691,0.47617238759994507,0.6759445667266846,-0.09689591079950333,0.45228680968284607,0.6839712262153625,-0.06858548521995544,0.5357279181480408,0.6640995740890503,-0.025442825630307198,0.5806706547737122,0.6352205872535706,-0.12150521576404572,0.5071839094161987,0.7489072680473328,-0.09232509136199951,0.48337262868881226,0.747123658657074,-0.04693908244371414,0.588173508644104,0.7207867503166199,-0.03279745951294899,0.6116679310798645,0.7119439244270325,-0.09784092009067535,0.5520815849304199,0.7928158044815063,-0.08323287218809128,0.5255114436149597,0.8032903075218201,-0.05796629190444946,G
0.4404514729976654,0.9394477009773254,-2.6913627948488283e-07,0.36651939153671265,0.8372787833213806,-0.07302384823560715,0.3504267930984497,0.6872560381889343,-0.10407854616641998,0.39692381024360657,0.5564258694648743,-0.13100066781044006,0.4560345411300659,0.46308445930480957,-0.15015959739685059,0.4040459096431732,0.5450167655944824,-0.02253088541328907,0.4571990668773651,0.4122536778450012,-0.0719289779663086,0.5015082359313965,0.35071420669555664,-0.09182266891002655,0.5491951704025269,0.2897619903087616,-0.10426082462072372,0.48098981380462646,0.5841378569602966,-0.012621277011930943,0.5360747575759888,0.5320282578468323,-0.08843663334846497,0.48840734362602234,0.6509214639663696,-0.09321171045303345,0.46430784463882446,0.6875107884407043,-0.07434876263141632,0.544463038444519,0.638741135597229,-0.01560539472848177,0.5798298120498657,0.6080051064491272,-0.10413886606693268,0.5220676064491272,0.7187641859054565,-0.08176501095294952,0.49648481607437134,0.745896577835083,-0.041613247245550156,0.5901569724082947,0.6967070698738098,-0.024145565927028656,0.6095094680786133,0.6797832250595093,-0.0790163204073906,0.5646893978118896,0.7572906017303467,-0.06291236728429794,0.5401193499565125,0.7832916975021362,-0.03701162710785866,G
0.4224115014076233,0.7322695851325989,-4.2917935161312926e-07,0.41049695014953613,0.6196066737174988,-0.03495210409164429,0.48771923780441284,0.5074803829193115,-0.03395542502403259,0.5729058384895325,0.44013646245002747,-0.0307997465133667,0.6132161021232605,0.3800029754638672,-0.02332657016813755,0.5702721476554871,0.46005862951278687,0.0038752288091927767,0.6644099354743958,0.4010798931121826,-0.025230415165424347,0.7221179008483887,0.37672749161720276,-0.03289496526122093,0.7800058722496033,0.35083407163619995,-0.03642939031124115,0.5952391624450684,0.5226539969444275,0.0040552555583417416,0.6742154359817505,0.48978328704833984,-0.046431392431259155,0.5881394147872925,0.542038083076477,-0.041679415851831436,0.5606598854064941,0.5563497543334961,-0.01856515184044838,0.6098880767822266,0.5899432301521301,-0.004214667249470949,0.6566310524940491,0.5727222561836243,-0.0711945965886116,0.5626356601715088,0.6182345151901245,-0.05155279487371445,0.5344343185424805,0.6275258660316467,-0.016553854569792747,0.616258978843689,0.6550464034080505,-0.01479211263358593,0.6387826204299927,0.6406329870223999,-0.06198228895664215,0.5678042769432068,0.6667795777320862,-0.050534654408693314,0.536985456943512,0.6748806834220886,-0.029572786763310432,G
0.3346328139305115,0.8342593908309937,-4.7446297912756563e-07,0.3265661597251892,0.7239012718200684,-0.03220957890152931,0.4073513150215149,0.6159482002258301,-0.02781805954873562,0.4854920506477356,0.5552501082420349,-0.018720358610153198,0.5263996124267578,0.5019662976264954,-0.005481160711497068,0.49275413155555725,0.5606989860534668,-0.011768464930355549,0.5917163491249084,0.5029398202896118,-0.04571891576051712,0.6529356837272644,0.4795684218406677,-0.062002673745155334,0.7141567468643188,0.4530099928379059,-0.07263875007629395,0.5170237421989441,0.6251305937767029,-0.01208264660090208,0.5970672965049744,0.6042353510856628,-0.061995621770620346,0.5130847692489624,0.6533107161521912,-0.06157515197992325,0.47648879885673523,0.6660515069961548,-0.044505443423986435,0.5292510986328125,0.6949735879898071,-0.019218800589442253,0.5800133347511292,0.6896328926086426,-0.0833653137087822,0.48518428206443787,0.7289072275161743,-0.06632635742425919,0.451903760433197,0.7346805930137634,-0.035620443522930145,0.5318307876586914,0.7639896273612976,-0.028063440695405006,0.5599597692489624,0.7573543787002563,-0.0756983608007431,0.4861854910850525,0.780272364616394,-0.0640726387500763,0.4510548412799835,0.7847139239311218,-0.043852075934410095,G
0.47624003887176514,0.9139664173126221,-2.529101550408086e-07,0.39270010590553284,0.8210649490356445,-0.08220779895782471,0.386349081993103,0.6705055236816406,-0.11871400475502014,0.43830257654190063,0.5388666391372681,-0.14872416853904724,0.4959111213684082,0.44429877400398254,-0.17098049819469452,0.43958544731140137,0.5254119634628296,-0.038340140134096146,0.49927836656570435,0.3907078504562378,-0.09120302647352219,0.5458848476409912,0.3293185830116272,-0.10534937679767609,0.596248984336853,0.26425424218177795,-0.11199134588241577,0.5129076838493347,0.5742976069450378,-0.026124760508537292,0.5765013694763184,0.5177411437034607,-0.10065214335918427,0.5180131196975708,0.6397790312767029,-0.09089188277721405,0.4978407621383667,0.654927670955658,-0.059653423726558685,0.5772820711135864,0.6374448537826538,-0.028314119204878807,0.6205940246582031,0.6019578576087952,-0.12037343531847,0.548164963722229,0.7147020697593689,-0.08856753259897232,0.526171088218689,0.7219308614730835,-0.04141533002257347,0.6284863948822021,0.7003362774848938,-0.03683978319168091,0.6499936580657959,0.6797136664390564,-0.09962104260921478,0.5903375744819641,0.7599873542785645,-0.08190407603979111,0.5626721382141113,0.7776204943656921,-0.053719013929367065,G
0.44750040769577026,0.8815795183181763,-4.735429968150129e-07,0.3783920705318451,0.7862707376480103,-0.06913206726312637,0.3745696246623993,0.6302099227905273,-0.09696932882070541,0.43143483996391296,0.5012385845184326,-0.11989078670740128,0.49434563517570496,0.42211201786994934,-0.134949192404747,0.44076600670814514,0.48589855432510376,-0.0342552550137043,0.5055999159812927,0.3446621596813202,-0.08874796330928802,0.5475353002548218,0.2824414074420929,-0.10624802112579346,0.5974857211112976,0.2129860818386078,-0.11643782258033752,0.5139321088790894,0.5392575263977051,-0.026669703423976898,0.5781879425048828,0.4842852056026459,-0.10232695192098618,0.5083156228065491,0.6068488955497742,-0.0974365621805191,0.48392975330352783,0.6259182691574097,-0.07173596322536469,0.5775322318077087,0.6068335771560669,-0.03165532276034355,0.6207308769226074,0.5723088383674622,-0.12486375123262405,0.5361534357070923,0.6844557523727417,-0.0918685644865036,0.5087140798568726,0.6955782175064087,-0.04424579069018364,0.6251018047332764,0.6725744605064392,-0.041368789970874786,0.6502934694290161,0.6490721702575684,-0.10472280532121658,0.5797776579856873,0.7274028062820435,-0.08427593857049942,0.5476043820381165,0.74688720703125,-0.05443449690937996,G
0.2382168024778366,0.9620547294616699,-6.254146569517616e-07,0.18634043633937836,0.8576874732971191,-0.06369930505752563,0.20873096585273743,0.7283514142036438,-0.08686833828687668,0.2753210663795471,0.6425493359565735,-0.10626925528049469,0.3256281614303589,0.571654200553894,-0.11858086287975311,0.32815900444984436,0.6611852049827576,-0.02988935261964798,0.3959812819957733,0.569100022315979,-0.08946620672941208,0.43918102979660034,0.5135721564292908,-0.11554999649524689,0.48223355412483215,0.462829053401947,-0.13139161467552185,0.3825554847717285,0.7178652286529541,-0.024857839569449425,0.3953306972980499,0.6695671081542969,-0.1036015972495079,0.3075278699398041,0.7530088424682617,-0.10053174197673798,0.2947343587875366,0.7830958366394043,-0.07719533890485764,0.4247487485408783,0.7822827100753784,-0.03440297022461891,0.4253116250038147,0.7532868385314941,-0.12195951491594315,0.33448830246925354,0.8265116810798645,-0.09535212069749832,0.32836034893989563,0.8421414494514465,-0.05603000521659851,0.457215279340744,0.8478373885154724,-0.050631336867809296,0.4380638897418976,0.8380529284477234,-0.11609293520450592,0.36038005352020264,0.8783700466156006,-0.10999502241611481,0.3489333391189575,0.8874765038490295,-0.09192363917827606,G
0.3733674883842468,0.7512497901916504,-3.862987227876147e-07,0.3354731500148773,0.6765787601470947,-0.0306643545627594,0.35492587089538574,0.5899842977523804,-0.04158797487616539,0.3991873860359192,0.5304953455924988,-0.05183183401823044,0.4339616000652313,0.48432281613349915,-0.06054852157831192,0.4303479790687561,0.5401527881622314,-0.017595641314983368,0.48646050691604614,0.4731128215789795,-0.050629496574401855,0.5212494134902954,0.4398873448371887,-0.067703977227211,0.5574515461921692,0.4081353545188904,-0.07911165803670883,0.46264782547950745,0.5795881152153015,-0.01970510184764862,0.49737852811813354,0.5495065450668335,-0.06904064863920212,0.4400889277458191,0.6049064993858337,-0.07166806608438492,0.41527700424194336,0.6262637376785278,-0.060224588960409164,0.48744872212409973,0.6261113882064819,-0.027737772092223167,0.5158795714378357,0.6038348078727722,-0.08199094235897064,0.45142892003059387,0.6536805629730225,-0.06279778480529785,0.4257775843143463,0.669366180896759,-0.035108532756567,0.5052433609962463,0.6756386756896973,-0.03860016167163849,0.5231598019599915,0.6593332886695862,-0.0773635059595108,0.46976959705352783,0.6894505620002747,-0.0651390478014946,0.44394442439079285,0.6996497511863708,-0.04680205509066582,G
0.3657989501953125,0.8989121317863464,-8.3132937334085e-07,0.29947924613952637,0.7791344523429871,-0.06416121125221252,0.319162517786026,0.6244425773620605,-0.09237682074308395,0.3798275291919708,0.505488932132721,-0.11796765774488449,0.4427001476287842,0.42422616481781006,-0.13595829904079437,0.45133623480796814,0.5232803821563721,-0.03945184499025345,0.5471780896186829,0.3937448263168335,-0.10289835929870605,0.6014722585678101,0.3334636688232422,-0.13180936872959137,0.6550449728965759,0.27047672867774963,-0.1507035791873932,0.509524405002594,0.5856592655181885,-0.035320308059453964,0.5594191551208496,0.5219950675964355,-0.12046242505311966,0.46961525082588196,0.6296046376228333,-0.12357346713542938,0.4404808282852173,0.6569515466690063,-0.10535753518342972,0.5623149871826172,0.6597795486450195,-0.04328631982207298,0.6036327481269836,0.6127057671546936,-0.13638466596603394,0.5032219886779785,0.7087928056716919,-0.10429687798023224,0.4718659520149231,0.7257091999053955,-0.05987360700964928,0.6052427887916565,0.7348760962486267,-0.05717897415161133,0.6283096671104431,0.7076852917671204,-0.12502798438072205,0.5420176982879639,0.7634559273719788,-0.11007462441921234,0.5055133104324341,0.776148796081543,-0.08456668257713318,G
0.5794392824172974,0.9486897587776184,-6.951638624741463e-07,0.5121697783470154,0.8494755029678345,-0.05322318524122238,0.5194828510284424,0.7051892280578613,-0.07817544043064117,0.5859034061431885,0.6000155210494995,-0.099376380443573,0.6402226090431213,0.5265250205993652,-0.11667165160179138,0.6492193341255188,0.6111109852790833,-0.0551692359149456,0.7320681214332581,0.49344366788864136,-0.11774639785289764,0.7852914929389954,0.43512651324272156,-0.14877840876579285,0.8359363079071045,0.3790295422077179,-0.1675906777381897,0.707514762878418,0.6680529713630676,-0.05241217836737633,0.760877788066864,0.6134107708930969,-0.121678426861763,0.6748080253601074,0.710521936416626,-0.11525727063417435,0.6357277035713196,0.7415527105331421,-0.09339675307273865,0.757962703704834,0.7395934462547302,-0.05935632809996605,0.8083493113517761,0.6989665627479553,-0.1437339335680008,0.7107520699501038,0.7865893840789795,-0.11217962205410004,0.6647673845291138,0.8122057318687439,-0.069557324051857,0.7996437549591064,0.8139292597770691,-0.06993833184242249,0.8360733389854431,0.7834183573722839,-0.13640530407428741,0.7550264000892639,0.8344480991363525,-0.12055452167987823,0.708916187286377,0.8545947074890137,-0.09451723098754883,G
0.38356783986091614,0.9592442512512207,-3.248331950089778e-07,0.3753536343574524,0.8710281848907471,-0.03781920671463013,0.4407620131969452,0.7946631908416748,-0.04590426757931709,0.5106011629104614,0.755617618560791,-0.04845670238137245,0.546724796295166,0.7083849906921387,-0.04902998358011246,0.5147231221199036,0.734038233757019,-0.045095887035131454,0.6179134845733643,0.6819493174552917,-0.08792371302843094,0.6837899088859558,0.6645349264144897,-0.11379966884851456,0.7436751127243042,0.6454976201057434,-0.1307092010974884,0.5344840884208679,0.8014378547668457,-0.04429757595062256,0.6106435656547546,0.8139272332191467,-0.09944967925548553,0.5357564687728882,0.8583223819732666,-0.10435914248228073,0.4912588894367218,0.860679030418396,-0.09392952173948288,0.543722927570343,0.8733375668525696,-0.04822959005832672,0.5991833806037903,0.8863573670387268,-0.10962987691164017,0.5157254934310913,0.9153902530670166,-0.09061534702777863,0.47663694620132446,0.9102364778518677,-0.061845485121011734,0.5422472357749939,0.9385632276535034,-0.05453689396381378,0.5810210108757019,0.9501656293869019,-0.09742742776870728,0.5181092619895935,0.9640863537788391,-0.0813622772693634,0.48122578859329224,0.9537603259086609,-0.05986988544464111,G
0.3361591100692749,0.9460659027099609,-2.4624102934467373e-07,0.3338714838027954,0.8508840799331665,-0.039558663964271545,0.4034150242805481,0.764255166053772,-0.0463910773396492,0.47293367981910706,0.716947615146637,-0.04648660868406296,0.5174322128295898,0.6711975932121277,-0.04249722138047218,0.49645084142684937,0.6959793567657471,-0.03653760254383087,0.5988779664039612,0.6442685127258301,-0.08376803249120712,0.6668643355369568,0.6245597004890442,-0.11470760405063629,0.7304553389549255,0.6002297401428223,-0.13497167825698853,0.5203153491020203,0.7616420388221741,-0.03531850129365921,0.5946979522705078,0.7644534707069397,-0.09300369024276733,0.514677882194519,0.8115652799606323,-0.10160592198371887,0.47271162271499634,0.8150501251220703,-0.09298935532569885,0.5300050377845764,0.8342924118041992,-0.03998845815658569,0.5816274881362915,0.8439688086509705,-0.10767174512147903,0.488448828458786,0.8787137269973755,-0.09118737280368805,0.4485909342765808,0.8763344287872314,-0.062240540981292725,0.5264562368392944,0.9032085537910461,-0.0469653382897377,0.5571659803390503,0.9135671257972717,-0.09748455137014389,0.4819391369819641,0.9323465824127197,-0.08302786201238632,0.4414946138858795,0.9266650676727295,-0.06028103828430176,G
0.4374289810657501,0.643581211566925,-4.5762013201056106e-07,0.4305022358894348,0.5231807231903076,-0.03416097164154053,0.5178858041763306,0.40470919013023376,-0.03248804062604904,0.6121319532394409,0.33306974172592163,-0.029836127534508705,0.6544246077537537,0.2667343318462372,-0.022725878283381462,0.6121417880058289,0.36547166109085083,0.01274186372756958,0.7117694616317749,0.30352896451950073,-0.014640999026596546,0.7714134454727173,0.2765863239765167,-0.02587251365184784,0.8347309827804565,0.24558529257774353,-0.034535445272922516,0.6356198191642761,0.42867058515548706,0.011417894624173641,0.7130031585693359,0.39595574140548706,-0.03664026036858559,0.6200950741767883,0.4446195363998413,-0.036598771810531616,0.5897452235221863,0.45941856503486633,-0.018896831199526787,0.6465706825256348,0.49798548221588135,0.0016624574782326818,0.6988216042518616,0.47886523604393005,-0.06209965795278549,0.5976420640945435,0.5203533172607422,-0.04311654344201088,0.5642485022544861,0.5310758948326111,-0.010478616692125797,0.6485036611557007,0.5676862597465515,-0.010702037252485752,0.6772398352622986,0.5512322783470154,-0.055243853479623795,0.5986491441726685,0.5709320306777954,-0.041515957564115524,0.5639325380325317,0.5790035724639893,-0.01995171420276165,G
0.273227721452713,0.5714659094810486,-5.002683565180632e-07,0.250960111618042,0.44405069947242737,-0.0511314682662487,0.32517874240875244,0.30796903371810913,-0.0644616186618805,0.4128114879131317,0.2078959345817566,-0.07752438634634018,0.4535796642303467,0.12485837936401367,-0.08607541769742966,0.4426831007003784,0.2572827935218811,0.0006640431238338351,0.5517295002937317,0.1799435168504715,-0.03452412039041519,0.6158419251441956,0.14513400197029114,-0.03938930109143257,0.678489625453949,0.11560478806495667,-0.04103650152683258,0.4754510521888733,0.3238987624645233,0.002978586358949542,0.546985387802124,0.27088606357574463,-0.05636020004749298,0.43835413455963135,0.3290024399757385,-0.04212344065308571,0.4148988723754883,0.3512665927410126,-0.008781651966273785,0.4950275719165802,0.3994714021682739,-0.00687343068420887,0.529382586479187,0.37041106820106506,-0.08494804799556732,0.42114418745040894,0.42202502489089966,-0.05501154437661171,0.3989427089691162,0.43884220719337463,-0.010675656609237194,0.5056974291801453,0.4736502468585968,-0.021032657474279404,0.5129709839820862,0.4469355642795563,-0.07793960720300674,0.42830890417099,0.47711604833602905,-0.06379719078540802,0.40173280239105225,0.4932639002799988,-0.039041660726070404,G
0.3917831480503082,0.7661129236221313,-5.92912215324759e-07,0.34322112798690796,0.6424971222877502,-0.06238497421145439,0.40244975686073303,0.4857540428638458,-0.09440433979034424,0.5056837797164917,0.38684678077697754,-0.12461870163679123,0.5854249596595764,0.3102129101753235,-0.15102286636829376,0.5621141195297241,0.4109846353530884,-0.05737893655896187,0.6902638077735901,0.3037009537220001,-0.1265234798192978,0.7734339833259583,0.24805504083633423,-0.16182325780391693,0.8499559164047241,0.19418340921401978,-0.18624964356422424,0.6122487187385559,0.491848349571228,-0.061300553381443024,0.6783929467201233,0.44048619270324707,-0.15044903755187988,0.55910325050354,0.5235781669616699,-0.15321530401706696,0.5120190382003784,0.5509875416755676,-0.1336253583431244,0.6438333988189697,0.5862422585487366,-0.0753103494644165,0.7013370394706726,0.5501670837402344,-0.17294634878635406,0.5729802846908569,0.6181086897850037,-0.1346830129623413,0.5208232402801514,0.6337649822235107,-0.08511743694543839,0.6604697704315186,0.6806473731994629,-0.09491442888975143,0.6948123574256897,0.6580501794815063,-0.16833199560642242,0.5948077440261841,0.6930681467056274,-0.14570853114128113,0.5477523803710938,0.7019540071487427,-0.11268456280231476,G
0.321519672870636,0.6872191429138184,-4.389196419651853e-07,0.2810811400413513,0.6117604374885559,-0.03630627319216728,0.3188778758049011,0.5062731504440308,-0.04925702139735222,0.38754594326019287,0.44183194637298584,-0.06159067898988724,0.434888631105423,0.3929864168167114,-0.07258107513189316,0.41666853427886963,0.46322357654571533,-0.024376986548304558,0.49516740441322327,0.4001142382621765,-0.06171558424830437,0.543706476688385,0.3670777976512909,-0.07965565472841263,0.5897096991539001,0.33598488569259644,-0.09237390756607056,0.4468096196651459,0.5137684941291809,-0.026232508942484856,0.49162957072257996,0.47960516810417175,-0.08080632239580154,0.4181591272354126,0.5308030843734741,-0.08071130514144897,0.3893483281135559,0.5511831641197205,-0.06591920554637909,0.4671989381313324,0.5701284408569336,-0.03479190170764923,0.503633975982666,0.5448391437530518,-0.0971527099609375,0.42312049865722656,0.588692843914032,-0.07425021380186081,0.39204052090644836,0.6021523475646973,-0.04255584627389908,0.4813919961452484,0.6275972723960876,-0.046514905989170074,0.5022611618041992,0.6082108616828918,-0.09350691735744476,0.43803784251213074,0.6325764656066895,-0.08109468221664429,0.408875972032547,0.6407400965690613,-0.06142992898821831,G
0.4952879548072815,0.7477421760559082,-3.524021678913414e-07,0.4620031714439392,0.6740527749061584,-0.024601975455880165,0.49165087938308716,0.5779364109039307,-0.03958110883831978,0.5561140179634094,0.528988242149353,-0.05613910034298897,0.6090399026870728,0.496114045381546,-0.07116235047578812,0.6009039878845215,0.5501830577850342,-0.0201445110142231,0.6722214221954346,0.49511826038360596,-0.05748874321579933,0.7193188667297363,0.46389445662498474,-0.07542606443166733,0.7613288164138794,0.43994271755218506,-0.0874924510717392,0.6265289187431335,0.5968477129936218,-0.02701493166387081,0.6621257662773132,0.5450468063354492,-0.07413884997367859,0.588711142539978,0.5909953117370605,-0.06954628974199295,0.5673500299453735,0.6246978640556335,-0.053376227617263794,0.6436481475830078,0.6503057479858398,-0.03999098017811775,0.6693189144134521,0.6071768999099731,-0.08787530660629272,0.5933050513267517,0.6450635194778442,-0.058848872780799866,0.5719786286354065,0.6726434826850891,-0.027090860530734062,0.6527246832847595,0.7084494829177856,-0.056163858622312546,0.6596026420593262,0.6703711152076721,-0.08872086554765701,0.6002313494682312,0.6857112050056458,-0.07172524929046631,0.5835108160972595,0.7034685015678406,-0.05163948982954025,G
0.49371612071990967,0.6624583601951599,-4.559693138617149e-07,0.4641057848930359,0.5816606283187866,-0.020486991852521896,0.49766913056373596,0.48731547594070435,-0.0315270870923996,0.5553016662597656,0.4312073290348053,-0.04563489556312561,0.6100921034812927,0.4019613265991211,-0.059342097491025925,0.6045027375221252,0.4555206894874573,-0.0121415751054883,0.6808127164840698,0.3915594816207886,-0.04974658787250519,0.730148196220398,0.35433539748191833,-0.07064654678106308,0.7731048464775085,0.32691580057144165,-0.08520646393299103,0.6338679790496826,0.5010333061218262,-0.021909158676862717,0.6650006175041199,0.44372284412384033,-0.07436331361532211,0.5943570137023926,0.49028512835502625,-0.07600604742765427,0.5636894106864929,0.5285248756408691,-0.06257975101470947,0.6527918577194214,0.5562691688537598,-0.037341658025979996,0.677452802658081,0.5051301717758179,-0.08837291598320007,0.6025508642196655,0.5477030873298645,-0.06261386722326279,0.5756268501281738,0.5796247720718384,-0.031234486028552055,0.6600530743598938,0.6173653602600098,-0.05563169717788696,0.6669769883155823,0.5718161463737488,-0.09151971340179443,0.6074314713478088,0.5921364426612854,-0.07530400156974792,0.5879628658294678,0.6148107647895813,-0.054114531725645065,G
0.36163845658302307,0.8535300493240356,-4.96876850775152e-07,0.3109581470489502,0.7710760235786438,-0.038615815341472626,0.31652334332466125,0.6700894832611084,-0.053669221699237823,0.3564569652080536,0.590675950050354,-0.06705846637487411,0.38603007793426514,0.5301384329795837,-0.07601785659790039,0.3886784315109253,0.6001024842262268,-0.019275490194559097,0.44481468200683594,0.51616370677948,-0.05877794697880745,0.4803433120250702,0.47663789987564087,-0.07987894862890244,0.5171800851821899,0.43381816148757935,-0.09462545812129974,0.4295782446861267,0.6393639445304871,-0.01787947304546833,0.4666501581668854,0.5978924632072449,-0.07090653479099274,0.41599684953689575,0.670161783695221,-0.07552684843540192,0.3967588543891907,0.6860811114311218,-0.06676454842090607,0.4675549566745758,0.6855754852294922,-0.02399187721312046,0.5000999569892883,0.6550432443618774,-0.08397773653268814,0.43811047077178955,0.7224501967430115,-0.0647708848118782,0.41477277874946594,0.73283451795578,-0.03736608847975731,0.4986948072910309,0.7320197820663452,-0.033549752086400986,0.5187187790870667,0.7129392623901367,-0.07559198141098022,0.46573007106781006,0.7559921741485596,-0.06439244747161865,0.44089779257774353,0.7668619751930237,-0.047406118363142014,G
0.45796412229537964,0.8816707730293274,-6.899595064169262e-07,0.35399529337882996,0.8047546148300171,-0.09728914499282837,0.31569167971611023,0.6541072130203247,-0.16938738524913788,0.3464021384716034,0.5287625789642334,-0.23289567232131958,0.40003904700279236,0.4126286208629608,-0.2927558422088623,0.4762173891067505,0.5155755281448364,-0.18631978332996368,0.5688743591308594,0.32124215364456177,-0.32813987135887146,0.6258758902549744,0.22300836443901062,-0.40985456109046936,0.6897578239440918,0.14166098833084106,-0.46310216188430786,0.5825449228286743,0.5834859609603882,-0.18792571127414703,0.5722752213478088,0.5209377408027649,-0.34112951159477234,0.4462394118309021,0.6908085942268372,-0.336885541677475,0.4202919006347656,0.7597035765647888,-0.3067231774330139,0.6591170430183411,0.6851216554641724,-0.20284883677959442,0.6438146233558655,0.6615657210350037,-0.349197119474411,0.5101996064186096,0.7971304655075073,-0.2778396010398865,0.477016806602478,0.8411821126937866,-0.20278511941432953,0.7164304256439209,0.7974020838737488,-0.2264556586742401,0.675717830657959,0.8304823040962219,-0.3432338535785675,0.5651383399963379,0.9082832932472229,-0.31232985854148865,0.538132905960083,0.922844409942627,-0.2668026089668274,G
0.4610385000705719,0.6461918354034424,-3.73774156514628e-07,0.4389322102069855,0.5619643926620483,-0.022482166066765785,0.46964552998542786,0.4755692183971405,-0.026091868057847023,0.5192579030990601,0.4204486310482025,-0.03139472007751465,0.5531796216964722,0.38910388946533203,-0.03391434997320175,0.5397461652755737,0.43866175413131714,0.007187282666563988,0.6042892932891846,0.3768812417984009,-0.014291517436504364,0.6416905522346497,0.3530806005001068,-0.028583379462361336,0.6777569055557251,0.33502280712127686,-0.039350882172584534,0.566827118396759,0.4807284474372864,0.0034254188649356365,0.6107708215713501,0.44882529973983765,-0.039327166974544525,0.5660567283630371,0.4884810149669647,-0.05148842930793762,0.5329474210739136,0.514208972454071,-0.04809881001710892,0.5863038897514343,0.5280962586402893,-0.00545901246368885,0.624954879283905,0.5034710764884949,-0.052132200449705124,0.5693641304969788,0.5387536883354187,-0.046451617032289505,0.5332373380661011,0.5586133003234863,-0.02899826131761074,0.5970543622970581,0.5770276188850403,-0.016435399651527405,0.6220083832740784,0.5608989000320435,-0.04784281179308891,0.5767432451248169,0.5790319442749023,-0.04191049188375473,0.5436017513275146,0.5917182564735413,-0.02941737323999405,G
0.2276044636964798,0.5738860368728638,-7.06208652445639e-07,0.1793898642063141,0.48546040058135986,-0.03457292169332504,0.2263794094324112,0.3636600971221924,-0.04404008015990257,0.31115487217903137,0.3021414279937744,-0.05183469504117966,0.3662478029727936,0.25302964448928833,-0.05770407244563103,0.3504965305328369,0.33069851994514465,-0.03616771847009659,0.4461565613746643,0.25796669721603394,-0.08415406197309494,0.5002573728561401,0.2214115858078003,-0.11317285150289536,0.554332971572876,0.18578554689884186,-0.13419696688652039,0.3791212737560272,0.39089056849479675,-0.03841715678572655,0.4227069318294525,0.354449599981308,-0.10126097500324249,0.3300551176071167,0.4112972021102905,-0.1029355525970459,0.2928544878959656,0.4398574233055115,-0.08977192640304565,0.3976340889930725,0.4547101855278015,-0.047037579119205475,0.43629026412963867,0.429393470287323,-0.11377942562103271,0.3394823670387268,0.4729931354522705,-0.08563417941331863,0.30198562145233154,0.4937775731086731,-0.05089276283979416,0.4105677306652069,0.5180298686027527,-0.058934230357408524,0.43563175201416016,0.49900174140930176,-0.11054045706987381,0.3557584583759308,0.5230472087860107,-0.09558409452438354,0.3231222331523895,0.5382205843925476,-0.07373994588851929,G
0.5246384739875793,0.8706607818603516,-3.286997412033088e-07,0.46495765447616577,0.7526507377624512,-0.08509247750043869,0.45875996351242065,0.5965877175331116,-0.12473655492067337,0.5106174945831299,0.4480747580528259,-0.15881626307964325,0.5774897336959839,0.3493635654449463,-0.183366060256958,0.5185195803642273,0.435556024312973,-0.033291082829236984,0.5769115686416626,0.2875109910964966,-0.09298888593912125,0.6247233152389526,0.2191457450389862,-0.11085416376590729,0.6758620738983154,0.15269792079925537,-0.11782041937112808,0.5981866121292114,0.4884578585624695,-0.01687662862241268,0.6580168008804321,0.43072015047073364,-0.08941366523504257,0.5889025330543518,0.5600394010543823,-0.0728316605091095,0.5674476623535156,0.5742541551589966,-0.036802321672439575,0.6659277677536011,0.5595786571502686,-0.017119750380516052,0.7050957679748535,0.5251094102859497,-0.11003445833921432,0.6230079531669617,0.6412371397018433,-0.07329513877630234,0.5971049666404724,0.6483559608459473,-0.02158980630338192,0.7116489410400391,0.6270695328712463,-0.02370431460440159,0.7330090403556824,0.6049710512161255,-0.08286444842815399,0.6675420999526978,0.6842871904373169,-0.06019067019224167,0.6376708745956421,0.7033205628395081,-0.02802271954715252,G
0.2627700865268707,0.8134727478027344,5.014650810153398e-07,0.24297231435775757,0.6761835813522339,-0.07918693125247955,0.29698026180267334,0.5449717044830322,-0.08990707248449326,0.415221244096756,0.4983149468898773,-0.09378325194120407,0.5216341018676758,0.47779741883277893,-0.08925573527812958,0.3555215895175934,0.4289705753326416,-0.010426773689687252,0.45200076699256897,0.3072129189968109,-0.04211270436644554,0.5160560607910156,0.24384155869483948,-0.06067412719130516,0.5775148272514343,0.18930640816688538,-0.06970963627099991,0.42663758993148804,0.4793139398097992,0.0019497557077556849,0.5346937775611877,0.3366011381149292,-0.033914148807525635,0.610605001449585,0.2621206045150757,-0.05492350459098816,0.6773087382316589,0.20303234457969666,-0.06017933040857315,0.46933677792549133,0.5502213835716248,-3.847291009151377e-05,0.5225870609283447,0.5105992555618286,-0.0861983597278595,0.43875008821487427,0.5898773074150085,-0.1079968810081482,0.3855198919773102,0.6405280232429504,-0.09152382612228394,0.4941066801548004,0.6282577514648438,-0.007391759194433689,0.5196084976196289,0.5975542664527893,-0.08418753743171692,0.45017582178115845,0.6486527323722839,-0.09667729586362839,0.40019115805625916,0.6869561672210693,-0.08499263226985931,H
0.09412817656993866,0.7054044008255005,4.2444605696800863e-07,0.07208636403083801,0.5867223739624023,-0.07379986345767975,0.12398132681846619,0.4715985953807831,-0.09698215126991272,0.23641996085643768,0.43947887420654297,-0.11475794017314911,0.34283995628356934,0.43939968943595886,-0.1258205771446228,0.20910681784152985,0.3825644254684448,-0.026720410212874413,0.3080989718437195,0.28893062472343445,-0.06725699454545975,0.3703881800174713,0.23693406581878662,-0.08793485164642334,0.43455395102500916,0.19139325618743896,-0.10135266184806824,0.27459561824798584,0.43947330117225647,-0.023870090022683144,0.3833506107330322,0.3240607976913452,-0.08417095988988876,0.44788047671318054,0.2557371258735657,-0.1165120005607605,0.5200476050376892,0.19756299257278442,-0.12702606618404388,0.3033156096935272,0.517778217792511,-0.0312742255628109,0.36376088857650757,0.4814096987247467,-0.13257171213626862,0.25376635789871216,0.5438786745071411,-0.14118635654449463,0.20626211166381836,0.5813117623329163,-0.1153084859251976,0.31224942207336426,0.6058945655822754,-0.04263061657547951,0.33996763825416565,0.5646532773971558,-0.13010290265083313,0.2533060610294342,0.6079916954040527,-0.1349017173051834,0.21564160287380219,0.6356515884399414,-0.11704765260219574,H
0.20203432440757751,0.7890031933784485,5.383596430874604e-07,0.16639012098312378,0.6757665276527405,-0.083382748067379,0.20633608102798462,0.5589420199394226,-0.11878377944231033,0.3118048906326294,0.5265543460845947,-0.1485164612531662,0.4123364984989166,0.5253620743751526,-0.1711660772562027,0.3601731061935425,0.44891512393951416,-0.06090766564011574,0.4739002287387848,0.3421017527580261,-0.11387161910533905,0.5442029237747192,0.28279244899749756,-0.14235013723373413,0.6095927357673645,0.23424828052520752,-0.15703630447387695,0.4231502115726471,0.5137588977813721,-0.05615983530879021,0.5542173385620117,0.40202125906944275,-0.1143476665019989,0.6417038440704346,0.3382951319217682,-0.14272525906562805,0.7182762026786804,0.2899150848388672,-0.14990198612213135,0.449386328458786,0.5968606472015381,-0.06189842149615288,0.4772537648677826,0.5657784938812256,-0.15624603629112244,0.38046181201934814,0.6151161789894104,-0.1696292608976364,0.31668785214424133,0.6549184918403625,-0.1478234976530075,0.4496118426322937,0.684575080871582,-0.07347839325666428,0.4524841606616974,0.6523592472076416,-0.15190404653549194,0.3692336082458496,0.6799851655960083,-0.15500551462173462,0.3100515604019165,0.709231436252594,-0.13545861840248108,H
0.14847110211849213,0.84296053647995,7.9553353771189e-07,0.1339646279811859,0.7391284108161926,-0.06460509449243546,0.18933497369289398,0.653048038482666,-0.09351742267608643,0.2865379750728607,0.6467880010604858,-0.11881351470947266,0.36799073219299316,0.6660457253456116,-0.13871140778064728,0.3231992721557617,0.5757325887680054,-0.04402327165007591,0.4280603528022766,0.5093113780021667,-0.08966464549303055,0.495800644159317,0.47247010469436646,-0.1168607547879219,0.5567166805267334,0.44194626808166504,-0.13091567158699036,0.3670479953289032,0.6364700198173523,-0.04335010424256325,0.4870515763759613,0.574683666229248,-0.0938769280910492,0.5696831345558167,0.5408790111541748,-0.12036501616239548,0.6410827040672302,0.5148478746414185,-0.12702763080596924,0.38165223598480225,0.7078514695167542,-0.050887975841760635,0.40749591588974,0.6878077983856201,-0.12857289612293243,0.32404518127441406,0.7139464616775513,-0.1362554281949997,0.26308512687683105,0.7386347055435181,-0.11448647826910019,0.374076783657074,0.7806276679039001,-0.06306809186935425,0.393553763628006,0.7568563222885132,-0.12414538115262985,0.3229442238807678,0.7710142135620117,-0.11862865090370178,0.2655201256275177,0.7889722585678101,-0.09544678777456284,H
0.20221003890037537,0.7834488153457642,1.3401728438111604e-06,0.20561806857585907,0.6753339767456055,-0.12152872234582901,0.2867504358291626,0.5919637680053711,-0.15000714361667633,0.40080147981643677,0.5818730592727661,-0.16011472046375275,0.5058976411819458,0.5868450999259949,-0.16111686825752258,0.378267377614975,0.4788561463356018,-0.05647113546729088,0.5044024586677551,0.4186898469924927,-0.10329627245664597,0.5912895202636719,0.38766205310821533,-0.1339067965745926,0.6660838723182678,0.3625841736793518,-0.15128986537456512,0.4211544990539551,0.5501936674118042,-0.025298945605754852,0.5559095740318298,0.47105729579925537,-0.08012103289365768,0.6536276936531067,0.43364763259887695,-0.11039514094591141,0.7344810962677002,0.40851083397865295,-0.11882486194372177,0.43116679787635803,0.6298714876174927,-0.011156611144542694,0.4999134838581085,0.6148287057876587,-0.11344427615404129,0.4041282832622528,0.6601800918579102,-0.13531798124313354,0.34731265902519226,0.6867597103118896,-0.11650577932596207,0.4287823736667633,0.7036494612693787,-0.0054220291785895824,0.4675276279449463,0.6870789527893066,-0.10578425973653793,0.3815324902534485,0.716606616973877,-0.1268455982208252,0.32543298602104187,0.7334394454956055,-0.11745862662792206,H
0.14704269170761108,0.7423755526542664,7.345125254687446e-07,0.13719820976257324,0.6184375882148743,-0.08229035139083862,0.1967044323682785,0.5093308687210083,-0.10090034455060959,0.3106381893157959,0.48426464200019836,-0.1122828796505928,0.4170057773590088,0.49481305480003357,-0.1164073646068573,0.29460686445236206,0.41445207595825195,-0.00827875453978777,0.41153261065483093,0.3363041281700134,-0.036752957850694656,0.48392733931541443,0.2975500822067261,-0.05323166400194168,0.5506889820098877,0.26327386498451233,-0.062063585966825485,0.34846407175064087,0.478253036737442,0.00554786529392004,0.4718087315559387,0.3822578191757202,-0.03019818104803562,0.550334095954895,0.3330662250518799,-0.049532923847436905,0.6192927360534668,0.2937546372413635,-0.05265076458454132,0.3675727844238281,0.5546717643737793,0.004774925764650106,0.42577967047691345,0.5295818448066711,-0.08091484755277634,0.33078446984291077,0.5841810703277588,-0.09972184151411057,0.2775660455226898,0.6201794743537903,-0.0820227712392807,0.36900073289871216,0.6317115426063538,-0.0011338122421875596,0.4031708240509033,0.5999780893325806,-0.08202963322401047,0.3206447958946228,0.6341947317123413,-0.09570315480232239,0.2694251537322998,0.6605831384658813,-0.08477257937192917,H
0.35762232542037964,0.7923200130462646,6.871051141388307e-07,0.3359144926071167,0.6816968321800232,-0.05093865469098091,0.3978269696235657,0.5788152813911438,-0.06881231814622879,0.5002136826515198,0.5545285940170288,-0.0859660804271698,0.5802096724510193,0.5731421113014221,-0.09802830964326859,0.5104731917381287,0.5138648748397827,-0.024837855249643326,0.6095048785209656,0.4399292469024658,-0.06489728391170502,0.6757713556289673,0.3969738781452179,-0.08718609809875488,0.7354856729507446,0.36221009492874146,-0.09993056952953339,0.5595442056655884,0.5755720138549805,-0.028041336685419083,0.6855191588401794,0.508997917175293,-0.07779976725578308,0.7710244059562683,0.46696484088897705,-0.10491807013750076,0.8470755815505981,0.4346165060997009,-0.11327899247407913,0.5792829394340515,0.6484773755073547,-0.03804982826113701,0.6369878649711609,0.6221011877059937,-0.11671535670757294,0.5469688773155212,0.647278904914856,-0.12091077119112015,0.47903719544410706,0.6709128022193909,-0.0963270515203476,0.5783869624137878,0.7252293825149536,-0.051222726702690125,0.6053587794303894,0.6947435140609741,-0.11579129099845886,0.5349801182746887,0.7066707015037537,-0.1122373640537262,0.4776373505592346,0.722821831703186,-0.09019316732883453,H
0.220421701669693,0.813113808631897,4.0902261844166787e-07,0.19292791187763214,0.7089632153511047,-0.04618358239531517,0.23798877000808716,0.6072804927825928,-0.06263004243373871,0.32608509063720703,0.5642023086547852,-0.07985729724168777,0.40007537603378296,0.5686376094818115,-0.09249556809663773,0.3568094074726105,0.5298845767974854,-0.01208107452839613,0.4428936541080475,0.4533306360244751,-0.0493936762213707,0.5013105869293213,0.4102385640144348,-0.07458902150392532,0.5560178756713867,0.37561777234077454,-0.08995291590690613,0.4044289290904999,0.5803247690200806,-0.016904348507523537,0.5042915344238281,0.4862762689590454,-0.057746488600969315,0.5737807750701904,0.4309816062450409,-0.08240507543087006,0.6389703154563904,0.3892914056777954,-0.09065165370702744,0.42729252576828003,0.649145245552063,-0.029146192595362663,0.4697491228580475,0.6075527667999268,-0.09932178258895874,0.38397616147994995,0.6461227536201477,-0.10467826575040817,0.3201632797718048,0.6790503263473511,-0.08361731469631195,0.42987748980522156,0.7258833050727844,-0.04478979855775833,0.4518430531024933,0.6876347661018372,-0.10313335806131363,0.3811449110507965,0.7070136666297913,-0.09904918819665909,0.3244536221027374,0.7315117716789246,-0.07829852402210236,H
0.2546582520008087,0.9229556918144226,2.6698194233176764e-07,0.24003878235816956,0.8175658583641052,-0.046490274369716644,0.3078758120536804,0.7172443270683289,-0.06391914933919907,0.4076620936393738,0.6962977051734924,-0.08117466419935226,0.4890463054180145,0.7181477546691895,-0.09363571554422379,0.4327242970466614,0.6728680729866028,-0.021778084337711334,0.5434347987174988,0.6130717992782593,-0.06236951798200607,0.6133423447608948,0.5830513834953308,-0.08746199309825897,0.676627516746521,0.561381459236145,-0.10318955779075623,0.47599974274635315,0.7340995073318481,-0.024603063240647316,0.602200448513031,0.6520590782165527,-0.06870680302381516,0.6809654831886292,0.6014644503593445,-0.09442511200904846,0.7506179809570312,0.5635789632797241,-0.10452242940664291,0.4918283224105835,0.8047252297401428,-0.03397902473807335,0.5573351979255676,0.749891996383667,-0.10459823906421661,0.46304845809936523,0.7687109708786011,-0.11091931164264679,0.3936733603477478,0.7892669439315796,-0.09315356612205505,0.484707772731781,0.8797044157981873,-0.04689750820398331,0.4882057309150696,0.8359250426292419,-0.11099867522716522,0.4103367030620575,0.8365687727928162,-0.1156754344701767,0.35282158851623535,0.8471919298171997,-0.10205263644456863,H
0.25677067041397095,0.6730394959449768,7.450731231983809e-07,0.2518192529678345,0.566731333732605,-0.05521446838974953,0.31415289640426636,0.47999894618988037,-0.07077038288116455,0.4216870665550232,0.4684368073940277,-0.08416540175676346,0.5017606019973755,0.4933159649372101,-0.09148784726858139,0.4069018065929413,0.4201321303844452,-0.011570998467504978,0.5130773782730103,0.36347681283950806,-0.04398213326931,0.5801291465759277,0.33596089482307434,-0.06615899503231049,0.6414992809295654,0.31231337785720825,-0.07991070300340652,0.4490703344345093,0.47456595301628113,-0.006974325515329838,0.570650577545166,0.41650456190109253,-0.045979008078575134,0.6531212329864502,0.38522014021873474,-0.07074911147356033,0.7244872450828552,0.36124294996261597,-0.08099288493394852,0.4654940366744995,0.5357850790023804,-0.011299186386168003,0.5349023342132568,0.517318844795227,-0.08025932312011719,0.45913374423980713,0.5449796915054321,-0.09019225090742111,0.39856982231140137,0.5674524307250977,-0.07316376268863678,0.4674786329269409,0.5992012619972229,-0.019658543169498444,0.5095817446708679,0.580215573310852,-0.07934872061014175,0.45298242568969727,0.5937870144844055,-0.08330925554037094,0.40305420756340027,0.6091362237930298,-0.06952150911092758,H
0.39555174112319946,0.8083736300468445,2.8595738399417314e-07,0.39155200123786926,0.720989465713501,-0.02328590862452984,0.43295156955718994,0.6465988755226135,-0.03542906418442726,0.5041429996490479,0.6159413456916809,-0.05185546353459358,0.5612021088600159,0.6386123299598694,-0.06555160135030746,0.5230606198310852,0.6129417419433594,0.0056847925297915936,0.5903449058532715,0.5631625652313232,-0.020367508754134178,0.6341757774353027,0.5381320714950562,-0.04096946120262146,0.6771108508110046,0.5185644030570984,-0.05485892668366432,0.5528326630592346,0.6501730680465698,-0.002418222837150097,0.631700336933136,0.5916732549667358,-0.028350476175546646,0.6773160099983215,0.5562554597854614,-0.04518350213766098,0.7213829755783081,0.5287933349609375,-0.05320552736520767,0.5688943266868591,0.6995036602020264,-0.016147242859005928,0.6234278082847595,0.6524332165718079,-0.06074253469705582,0.5594773292541504,0.6587547063827515,-0.06483475118875504,0.5099170207977295,0.6755067706108093,-0.05272992327809334,0.5717549920082092,0.7564692497253418,-0.03195636346936226,0.6041096448898315,0.710345983505249,-0.06603096425533295,0.5566865801811218,0.7101593017578125,-0.06331191211938858,0.5148990750312805,0.7268484234809875,-0.05151047557592392,H
0.17243491113185883,0.614719808101654,3.56751996832827e-07,0.1536010056734085,0.5228287577629089,-0.039843570441007614,0.20100544393062592,0.4230959713459015,-0.060076650232076645,0.2868901193141937,0.38642165064811707,-0.08317490667104721,0.3560768961906433,0.4178266227245331,-0.10304015129804611,0.3209012448787689,0.3955235481262207,-0.008306006900966167,0.4130113422870636,0.34011420607566833,-0.04326745122671127,0.46842238306999207,0.31008052825927734,-0.06432636082172394,0.5185041427612305,0.28826427459716797,-0.07668139040470123,0.3568496108055115,0.4412437677383423,-0.012709592469036579,0.4607222378253937,0.36902302503585815,-0.052226241677999496,0.52226722240448,0.3216720223426819,-0.07167866826057434,0.5766943693161011,0.28473687171936035,-0.07609254121780396,0.37506940960884094,0.49905794858932495,-0.024656029418110847,0.4259030520915985,0.43606311082839966,-0.08505228161811829,0.34458523988723755,0.4523983299732208,-0.08876001089811325,0.2867494225502014,0.47722625732421875,-0.06967907398939133,0.3789643347263336,0.5637798309326172,-0.039983656257390976,0.4056851267814636,0.5015705227851868,-0.08535286039113998,0.34462660551071167,0.5039360523223877,-0.08339903503656387,0.29720067977905273,0.5235491394996643,-0.06808171421289444,H
0.3456445038318634,0.7638958692550659,6.521452178276377e-07,0.3491085171699524,0.6352552175521851,-0.08034641295671463,0.41305023431777954,0.517357349395752,-0.09495962411165237,0.5361262559890747,0.48255982995033264,-0.10230869054794312,0.6443148851394653,0.4769679009914398,-0.10182717442512512,0.48445427417755127,0.41232728958129883,-0.00811946764588356,0.5893372297286987,0.31653308868408203,-0.039901670068502426,0.6582254767417908,0.26765239238739014,-0.06086575239896774,0.7241994738578796,0.2235267460346222,-0.07254429906606674,0.5423762798309326,0.46835893392562866,0.004658382851630449,0.6576010584831238,0.35704898834228516,-0.035753410309553146,0.739307165145874,0.2966383099555969,-0.06044354289770126,0.8125064373016357,0.24884071946144104,-0.06722338497638702,0.5692146420478821,0.5429229736328125,0.0034354333765804768,0.6327788233757019,0.5139893889427185,-0.08457140624523163,0.5497830510139465,0.5719529986381531,-0.10551722347736359,0.49867504835128784,0.6103662252426147,-0.08849164843559265,0.5777775049209595,0.6226556301116943,-0.0028921442572027445,0.6202173829078674,0.5947076082229614,-0.08232035487890244,0.5475602149963379,0.6310009360313416,-0.09359026700258255,0.4992525577545166,0.6596493721008301,-0.08029282093048096,H
0.2579173743724823,0.7425723075866699,1.3754887504546787e-06,0.2839205265045166,0.6142525672912598,-0.09490055590867996,0.3649448752403259,0.5388537645339966,-0.10181322693824768,0.4715682566165924,0.537936270236969,-0.09628324210643768,0.5655239224433899,0.5594176054000854,-0.0816030353307724,0.43270474672317505,0.44536954164505005,0.008122839964926243,0.5553534626960754,0.39430341124534607,-0.02018769644200802,0.641499400138855,0.3688969612121582,-0.04272240400314331,0.7156105637550354,0.35055428743362427,-0.05501898378133774,0.46839621663093567,0.5181869864463806,0.03379756957292557,0.6054204702377319,0.446267694234848,0.0026411295402795076,0.6989299654960632,0.41674280166625977,-0.02109779231250286,0.7754224538803101,0.3941030502319336,-0.02707526460289955,0.47892510890960693,0.5975992679595947,0.040375981479883194,0.5481767654418945,0.5764166712760925,-0.04595461115241051,0.4574075937271118,0.6166993379592896,-0.07786435633897781,0.40608277916908264,0.6371162533760071,-0.0675998330116272,0.4828666150569916,0.66635662317276,0.040585119277238846,0.5209965109825134,0.6455605626106262,-0.04785221442580223,0.4415682852268219,0.6699639558792114,-0.07663338631391525,0.3876430094242096,0.6824179887771606,-0.07520012557506561,H
0.17084583640098572,0.6499410271644592,1.6664351960571366e-06,0.1650501936674118,0.5318247675895691,-0.11705715209245682,0.22706182301044464,0.4522095024585724,-0.1470314860343933,0.3297064006328583,0.4287249445915222,-0.1600247621536255,0.4294571578502655,0.43961331248283386,-0.16301283240318298,0.30196884274482727,0.35092443227767944,-0.040400080382823944,0.41586267948150635,0.29290610551834106,-0.09131037443876266,0.4980895221233368,0.25922518968582153,-0.12562336027622223,0.5717791318893433,0.23587656021118164,-0.14383749663829803,0.34415414929389954,0.4195549786090851,-0.005357533693313599,0.47224000096321106,0.342965692281723,-0.06108013913035393,0.5648612976074219,0.30100393295288086,-0.09482812881469727,0.6451677083969116,0.2673985958099365,-0.10516800731420517,0.3625091314315796,0.49516475200653076,0.011921855621039867,0.4296568036079407,0.4744381308555603,-0.08576489239931107,0.3354467451572418,0.5233955979347229,-0.11211971938610077,0.2838035821914673,0.5527887344360352,-0.09661073982715607,0.3748740553855896,0.5586339831352234,0.021222250536084175,0.3997870087623596,0.5444459319114685,-0.07054880261421204,0.319084107875824,0.5758021473884583,-0.09664899110794067,0.27067404985427856,0.5918139219284058,-0.09212147444486618,H
0.24353447556495667,0.6016615033149719,5.637027697957819e-07,0.2475973665714264,0.5202933549880981,-0.040363848209381104,0.29723572731018066,0.453162282705307,-0.049070920795202255,0.3777775466442108,0.44451215863227844,-0.05597115680575371,0.43616557121276855,0.46215003728866577,-0.058444008231163025,0.35862621665000916,0.3998047113418579,-0.001864487654529512,0.4341262876987457,0.352560430765152,-0.022676093503832817,0.4826758801937103,0.32983866333961487,-0.03795206546783447,0.5261648893356323,0.30998852849006653,-0.04701150581240654,0.39165735244750977,0.44264498353004456,0.0024843551218509674,0.48158788681030273,0.397975355386734,-0.021586904302239418,0.5415334701538086,0.37698325514793396,-0.03868803381919861,0.5931112766265869,0.3606104254722595,-0.045456863939762115,0.4052991271018982,0.49124887585639954,-0.0003086790384259075,0.45660465955734253,0.4821297824382782,-0.049142662435770035,0.40503811836242676,0.5055457949638367,-0.06109971925616264,0.3613843321800232,0.5232874155044556,-0.05152532085776329,0.4074368476867676,0.5395516753196716,-0.005799946840852499,0.43833526968955994,0.5304512977600098,-0.04763265326619148,0.4013349413871765,0.5422409176826477,-0.052307479083538055,0.3663020133972168,0.5539902448654175,-0.043573834002017975,H
0.42823541164398193,0.6246846318244934,5.048536877438892e-07,0.44835448265075684,0.5467579364776611,-0.0412658266723156,0.5055022239685059,0.4868431091308594,-0.0448429174721241,0.5834270715713501,0.47838571667671204,-0.04579818248748779,0.6394484043121338,0.4945331811904907,-0.04222237691283226,0.5573216676712036,0.44076022505760193,0.011958155781030655,0.6322299838066101,0.398940771818161,-0.0005133553640916944,0.6794752478599548,0.3810301423072815,-0.011380218900740147,0.7228713035583496,0.366751104593277,-0.01861208863556385,0.5854805111885071,0.4843880832195282,0.0206863135099411,0.669824481010437,0.4441337585449219,0.0035296715795993805,0.725128173828125,0.4275020956993103,-0.012228722684085369,0.7759711146354675,0.4152723252773285,-0.01865272969007492,0.5942953824996948,0.5323777794837952,0.021589701995253563,0.6517671346664429,0.5207017660140991,-0.022733459249138832,0.5987880825996399,0.5406172871589661,-0.036219820380210876,0.5595868825912476,0.5543543696403503,-0.02872501127421856,0.5930994749069214,0.5805162787437439,0.019871583208441734,0.6277459859848022,0.5709431767463684,-0.021447088569402695,0.5905277132987976,0.5807104110717773,-0.02944153919816017,0.5594546794891357,0.5901941061019897,-0.023346690461039543,H
0.30299222469329834,0.7038222551345825,5.557488975682645e-07,0.2960245609283447,0.6220468282699585,-0.04447181522846222,0.3516913056373596,0.5461809635162354,-0.05616900324821472,0.44042617082595825,0.5309191942214966,-0.06577636301517487,0.5092397928237915,0.5425271987915039,-0.07096266746520996,0.43559372425079346,0.484971284866333,-0.011254802346229553,0.5197497606277466,0.4286934435367584,-0.03596525639295578,0.5758774280548096,0.3971412181854248,-0.05081942304968834,0.6251095533370972,0.3712683320045471,-0.05962993577122688,0.47115904092788696,0.5315871834754944,-0.009276704862713814,0.5674606561660767,0.47325488924980164,-0.04095793887972832,0.6332613825798035,0.43845412135124207,-0.06000608950853348,0.6901098489761353,0.41230475902557373,-0.06592681258916855,0.4837852716445923,0.5883898138999939,-0.013821316882967949,0.5372750163078308,0.5641182065010071,-0.0722775086760521,0.47054171562194824,0.5861920118331909,-0.07864829152822495,0.420289546251297,0.6051816940307617,-0.06209896504878998,0.4814905822277069,0.6474233269691467,-0.02104494906961918,0.5168097019195557,0.6196496486663818,-0.07215224206447601,0.4651692509651184,0.6312523484230042,-0.07229936122894287,0.42200008034706116,0.6459047198295593,-0.05739014223217964,H
0.18392616510391235,0.7584249973297119,3.372790615685517e-07,0.16930831968784332,0.6655584573745728,-0.04070252180099487,0.21931017935276031,0.581305742263794,-0.054751601070165634,0.30681729316711426,0.5622471570968628,-0.06912305951118469,0.37698420882225037,0.5787953734397888,-0.07900962978601456,0.32728448510169983,0.5301114320755005,-0.008008701726794243,0.41514915227890015,0.4733031392097473,-0.037748757749795914,0.4703386425971985,0.4412637948989868,-0.05612313374876976,0.5192590951919556,0.4165019989013672,-0.06694135069847107,0.36477649211883545,0.5773762464523315,-0.011475937440991402,0.45930492877960205,0.5081633925437927,-0.04630523920059204,0.5225470066070557,0.46526437997817993,-0.06656929105520248,0.5758079290390015,0.43315863609313965,-0.07258922606706619,0.37867751717567444,0.6360235214233398,-0.022012272849678993,0.41617316007614136,0.6004443764686584,-0.08195758610963821,0.3438178598880768,0.6253775358200073,-0.08795622736215591,0.2902314066886902,0.649657130241394,-0.07105357199907303,0.37601202726364136,0.6984896063804626,-0.035625308752059937,0.3959810733795166,0.6590949296951294,-0.08548305183649063,0.3373161256313324,0.6660007834434509,-0.0843738317489624,0.2909095883369446,0.6813207864761353,-0.068881094455719,H
0.2448214292526245,0.7596904039382935,2.991733651924733e-07,0.21702182292938232,0.6364114284515381,-0.07192125171422958,0.2555287480354309,0.5024967193603516,-0.08622343838214874,0.36523279547691345,0.4434834122657776,-0.09582182765007019,0.4730818569660187,0.42086759209632874,-0.09808754175901413,0.3249485492706299,0.3923129737377167,-0.00563820032402873,0.41138455271720886,0.2777177095413208,-0.03531204164028168,0.4629545211791992,0.2176545113325119,-0.05232546851038933,0.5164226293563843,0.16421470046043396,-0.06222398206591606,0.3953621983528137,0.4413824677467346,0.0018689712742343545,0.4902178943157196,0.30030131340026855,-0.035536617040634155,0.5495624542236328,0.2251027375459671,-0.056420475244522095,0.6090039610862732,0.16191095113754272,-0.06204244866967201,0.43712499737739563,0.5142908096313477,-0.003716812003403902,0.4783354103565216,0.46200793981552124,-0.08926796168088913,0.39256152510643005,0.5421627759933472,-0.10510540008544922,0.34884607791900635,0.5945135354995728,-0.08656410872936249,0.46118253469467163,0.5950547456741333,-0.013719660229980946,0.4767446517944336,0.5490310192108154,-0.0884661078453064,0.40577468276023865,0.6016595959663391,-0.095899298787117,0.36847013235092163,0.6442797183990479,-0.0822019949555397,H
0.25255611538887024,0.7595939636230469,4.989202579963603e-07,0.23348647356033325,0.6409440636634827,-0.08446945250034332,0.2826191484928131,0.514018177986145,-0.1045989990234375,0.4002014398574829,0.46127256751060486,-0.11716378480195999,0.5105268955230713,0.45124685764312744,-0.12191327661275864,0.35138171911239624,0.40967243909835815,-0.021355636417865753,0.44784775376319885,0.2931726574897766,-0.05821613594889641,0.5088645815849304,0.23198628425598145,-0.07935329526662827,0.5706698894500732,0.17838230729103088,-0.09165086597204208,0.4169619381427765,0.45968112349510193,-0.008565305732190609,0.5232290029525757,0.3247567415237427,-0.05411447212100029,0.5910302400588989,0.2509605884552002,-0.07846575975418091,0.6578443050384521,0.1888369917869568,-0.0851774737238884,0.4516482651233673,0.5322472453117371,-0.00927046500146389,0.5141556859016418,0.4889346659183502,-0.10294964909553528,0.4274677336215973,0.5608842372894287,-0.11955656856298447,0.38008826971054077,0.6065509915351868,-0.09898757934570312,0.46716269850730896,0.6130460500717163,-0.015240910463035107,0.5023677349090576,0.5750096440315247,-0.09935000538825989,0.4310697615146637,0.6233627796173096,-0.1093233972787857,0.3884108066558838,0.6598157286643982,-0.09476318955421448,H
0.2667766213417053,0.6396418809890747,5.250157641967235e-07,0.2825316786766052,0.537790060043335,-0.04108765348792076,0.3628978133201599,0.4604443311691284,-0.054199911653995514,0.4670441150665283,0.4611830413341522,-0.07004832476377487,0.5346502065658569,0.5028262734413147,-0.08108683675527573,0.47134876251220703,0.4244515895843506,0.00036679196637123823,0.5820271968841553,0.37945497035980225,-0.030455615371465683,0.6463291645050049,0.35655611753463745,-0.05196785181760788,0.7061032056808472,0.3366670310497284,-0.06634314358234406,0.5044478178024292,0.47970980405807495,-0.004868113435804844,0.6261305212974548,0.42163005471229553,-0.042634233832359314,0.7020301222801208,0.3860170543193817,-0.06748989969491959,0.7675206065177917,0.36015549302101135,-0.07817849516868591,0.5099107027053833,0.5432218909263611,-0.017762599512934685,0.5876998901367188,0.5101974010467529,-0.08158447593450546,0.5079274773597717,0.526767373085022,-0.08673085272312164,0.44284293055534363,0.5455656051635742,-0.06835279613733292,0.4977930188179016,0.6114675402641296,-0.034110214561223984,0.5540253520011902,0.5786972641944885,-0.08585160225629807,0.49705544114112854,0.5762039422988892,-0.08328163623809814,0.44124937057495117,0.5843048691749573,-0.06665550917387009,H
0.365700364112854,0.8153232336044312,7.793742042849772e-07,0.3728882372379303,0.698265790939331,-0.10285261273384094,0.4386616349220276,0.5884985327720642,-0.1218256875872612,0.5587440729141235,0.5545464158058167,-0.12727290391921997,0.6685584783554077,0.5394700765609741,-0.12298838049173355,0.5074250102043152,0.47378984093666077,-0.029575198888778687,0.6170586347579956,0.37121814489364624,-0.06299324333667755,0.6886608600616455,0.31868502497673035,-0.08177881687879562,0.7593880295753479,0.27390530705451965,-0.0919790118932724,0.5684555172920227,0.5320375561714172,-0.0060394820757210255,0.6875596046447754,0.4105302393436432,-0.05109987035393715,0.7723841667175293,0.3475750982761383,-0.07632748782634735,0.8497414588928223,0.29850971698760986,-0.08193743973970413,0.5941447615623474,0.6068928837776184,0.0018931813538074493,0.661032497882843,0.5858543515205383,-0.09623418003320694,0.5708326697349548,0.6508939862251282,-0.12095962464809418,0.520243227481842,0.6879069805145264,-0.10320831090211868,0.601037859916687,0.6852724552154541,0.0036797889042645693,0.6445513367652893,0.667289137840271,-0.08706498146057129,0.5677720904350281,0.7084416151046753,-0.1039496436715126,0.5187038779258728,0.731613278388977,-0.09228221327066422,H
0.32010501623153687,0.8341844081878662,5.030170768804965e-07,0.30787503719329834,0.7077631950378418,-0.08475642651319504,0.37010520696640015,0.5862012505531311,-0.1008462980389595,0.49353858828544617,0.5458316206932068,-0.10804566740989685,0.607529878616333,0.5378534197807312,-0.10785741358995438,0.4371711313724518,0.4915785789489746,-0.019614851102232933,0.5350214242935181,0.38220107555389404,-0.04941905289888382,0.6016632914543152,0.32587769627571106,-0.06310593336820602,0.6686335206031799,0.2781140208244324,-0.07068010419607162,0.5025832056999207,0.5462056994438171,-0.005122039932757616,0.6154193878173828,0.41534969210624695,-0.04719465225934982,0.6876711845397949,0.344827800989151,-0.06675873696804047,0.7522034049034119,0.2904840111732483,-0.0692058876156807,0.5320813655853271,0.6184109449386597,-0.004274922423064709,0.5949459075927734,0.5770147442817688,-0.09625878185033798,0.5030673742294312,0.6406953930854797,-0.11352676153182983,0.4552222490310669,0.6816351413726807,-0.09372571110725403,0.5441681146621704,0.6984556317329407,-0.008164570666849613,0.5798465013504028,0.6581740975379944,-0.09198766201734543,0.503436803817749,0.6997634768486023,-0.10437476634979248,0.46187302470207214,0.7299803495407104,-0.09237726032733917,H
0.21926623582839966,0.7021952867507935,5.993219360789226e-07,0.20405426621437073,0.5724619030952454,-0.08586646616458893,0.26220083236694336,0.45331984758377075,-0.09536000341176987,0.3778587579727173,0.41162121295928955,-0.09544751048088074,0.48816776275634766,0.4135378301143646,-0.08745812624692917,0.33396804332733154,0.3514156937599182,0.00021696652402170002,0.44332408905029297,0.25614798069000244,-0.019311876967549324,0.5144367814064026,0.20728276669979095,-0.031636063009500504,0.583376407623291,0.16314637660980225,-0.040170371532440186,0.3967210650444031,0.40760537981987,0.01803836040198803,0.5136319994926453,0.29233044385910034,-0.008006557822227478,0.5896762013435364,0.23464694619178772,-0.025635767728090286,0.6574693918228149,0.18437938392162323,-0.03084847703576088,0.42589589953422546,0.48035579919815063,0.01997247524559498,0.4933857321739197,0.4459736943244934,-0.06315937638282776,0.40220990777015686,0.518543004989624,-0.08691175282001495,0.35284897685050964,0.5583057999610901,-0.07421985268592834,0.43724513053894043,0.5561501383781433,0.016620688140392303,0.472923219203949,0.5210897922515869,-0.06578975915908813,0.39661699533462524,0.568172037601471,-0.08584101498126984,0.35039180517196655,0.5980734825134277,-0.08115366101264954,H
0.1915549337863922,0.7619472742080688,6.365914373418491e-07,0.18633930385112762,0.6383525133132935,-0.08092138916254044,0.24772463738918304,0.5347664952278137,-0.0863664373755455,0.360425740480423,0.512593686580658,-0.08265474438667297,0.4610741138458252,0.5143103003501892,-0.07262492924928665,0.32335299253463745,0.43673431873321533,0.008951585739850998,0.4282877743244171,0.35827773809432983,-0.01026510912925005,0.4977256953716278,0.3176259398460388,-0.02494506537914276,0.5611114501953125,0.2802121639251709,-0.03357263281941414,0.376878559589386,0.49648112058639526,0.0269642136991024,0.49093055725097656,0.39830344915390015,0.0062200459651649,0.5631925463676453,0.35015663504600525,-0.007957839407026768,0.6285910606384277,0.30960941314697266,-0.009349996224045753,0.3970223069190979,0.5682530403137207,0.028779376298189163,0.4572184085845947,0.5442544221878052,-0.048785336315631866,0.3716922402381897,0.6024609208106995,-0.07309212535619736,0.3262885510921478,0.6356792449951172,-0.06084158644080162,0.3999171257019043,0.6408429145812988,0.025628773495554924,0.43726304173469543,0.6092290878295898,-0.054772596806287766,0.36088162660598755,0.6452507972717285,-0.0740087479352951,0.3133569657802582,0.6700912117958069,-0.06785968691110611,H
0.25673162937164307,0.9067589044570923,2.9168154469516594e-07,0.24097049236297607,0.7957392930984497,-0.04678015783429146,0.3118584156036377,0.6947981715202332,-0.06195573881268501,0.416222482919693,0.6776335835456848,-0.07615041732788086,0.4981667995452881,0.7034822106361389,-0.08506551384925842,0.43903905153274536,0.647939920425415,-0.020586209371685982,0.5514580011367798,0.5909918546676636,-0.05896027013659477,0.6209657192230225,0.561711847782135,-0.08327964693307877,0.6843110918998718,0.5377025604248047,-0.0986655056476593,0.4811772406101227,0.7094557881355286,-0.022136284038424492,0.6091445684432983,0.6324152946472168,-0.0625760406255722,0.6875998973846436,0.5858110785484314,-0.0864364430308342,0.7572765350341797,0.5486024022102356,-0.09658345580101013,0.4957737326622009,0.7793545126914978,-0.030451426282525063,0.5630785226821899,0.7328135371208191,-0.09867919981479645,0.4741493761539459,0.7526500821113586,-0.10579050332307816,0.4051266610622406,0.771186888217926,-0.0896717980504036,0.48748859763145447,0.8524339199066162,-0.04245423898100853,0.49287983775138855,0.8164022564888,-0.1049053892493248,0.4177400767803192,0.816417396068573,-0.11056984961032867,0.3597189784049988,0.8230602741241455,-0.09870393574237823,H
0.26904457807540894,0.840727686882019,4.3918799974562717e-07,0.24855104088783264,0.7296179533004761,-0.04951957240700722,0.31543853878974915,0.6303889751434326,-0.06895244121551514,0.4218722879886627,0.612984836101532,-0.08711783587932587,0.5073529481887817,0.6387792825698853,-0.10011684149503708,0.44343575835227966,0.583555281162262,-0.028838612139225006,0.5552924275398254,0.5254338383674622,-0.07229725271463394,0.626937747001648,0.49536630511283875,-0.09937894344329834,0.6916790008544922,0.4709206223487854,-0.11592719703912735,0.48839858174324036,0.6448400616645813,-0.030029091984033585,0.617756187915802,0.5692530274391174,-0.07404764741659164,0.6991559863090515,0.5191514492034912,-0.09949769079685211,0.7716888189315796,0.47873979806900024,-0.11023441702127457,0.505313515663147,0.7133663892745972,-0.03783063217997551,0.5748215317726135,0.6623060703277588,-0.10658688098192215,0.4818030893802643,0.6809784770011902,-0.11199871450662613,0.41067102551460266,0.700962245464325,-0.09449879825115204,0.49935203790664673,0.7869458198547363,-0.049688395112752914,0.49918752908706665,0.7460390329360962,-0.11218486726284027,0.41976356506347656,0.7452840805053711,-0.1173439547419548,0.35954904556274414,0.7525899410247803,-0.10460007935762405,H
0.2527121305465698,0.728666365146637,6.993590204729117e-07,0.2470715194940567,0.6313697099685669,-0.04734975844621658,0.3155505657196045,0.546614408493042,-0.062001097947359085,0.41139349341392517,0.5313025712966919,-0.07469681650400162,0.4807848632335663,0.5532512068748474,-0.08221662789583206,0.41686707735061646,0.4880558252334595,-0.020019792020320892,0.5151402950286865,0.43416476249694824,-0.05335218459367752,0.5817670822143555,0.4042362570762634,-0.07368707656860352,0.6415729522705078,0.3799886107444763,-0.08583742380142212,0.4548874795436859,0.5456566214561462,-0.02014431729912758,0.5729597210884094,0.4957559406757355,-0.0585247166454792,0.6518514752388,0.4713197648525238,-0.08041030913591385,0.7236230373382568,0.4539022147655487,-0.08734230697154999,0.4662950038909912,0.612339973449707,-0.026760155335068703,0.5271113514900208,0.6025992631912231,-0.09246011078357697,0.447223961353302,0.624484658241272,-0.09615521878004074,0.38539600372314453,0.6425684690475464,-0.07504366338253021,0.4601615369319916,0.6800312995910645,-0.036398995667696,0.49538013339042664,0.6644924879074097,-0.09242739528417587,0.43481090664863586,0.6754642724990845,-0.08942414820194244,0.38508740067481995,0.6881501078605652,-0.07004226744174957,H
0.341361403465271,0.6007250547409058,6.485498715846916e-07,0.34033966064453125,0.5140564441680908,-0.04128429293632507,0.39777642488479614,0.43623092770576477,-0.05339384451508522,0.49195417761802673,0.4235168695449829,-0.06411285698413849,0.5594908595085144,0.4418499171733856,-0.07068964093923569,0.4713611900806427,0.38594985008239746,-0.014235194772481918,0.5607700347900391,0.33101722598075867,-0.04455384984612465,0.6196954250335693,0.30437779426574707,-0.06444679945707321,0.67488694190979,0.2833176255226135,-0.07748501002788544,0.5092737078666687,0.4340549111366272,-0.013674947433173656,0.6122037768363953,0.3827509582042694,-0.05089827626943588,0.6807193160057068,0.355597585439682,-0.0734059289097786,0.743724524974823,0.3349824547767639,-0.08259771019220352,0.5237901210784912,0.48918795585632324,-0.01898782327771187,0.5870429277420044,0.4700547456741333,-0.07924345880746841,0.518821120262146,0.4941021502017975,-0.08251123875379562,0.46568283438682556,0.513681948184967,-0.06422455608844757,0.5223735570907593,0.5469667315483093,-0.027137191966176033,0.5621971487998962,0.5249157547950745,-0.07972322404384613,0.5109246373176575,0.5379248857498169,-0.07920676469802856,0.46726274490356445,0.5517498254776001,-0.06382863968610764,H
0.4844665825366974,0.7310457825660706,-4.3067905153293395e-07,0.4302256107330322,0.6672942638397217,-0.028346195816993713,0.40466928482055664,0.5929641723632812,-0.038335271179676056,0.43311190605163574,0.5227805972099304,-0.05119415745139122,0.48204341530799866,0.4908304214477539,-0.05652053281664848,0.4139745235443115,0.5207343697547913,0.024427076801657677,0.4227709174156189,0.4524408280849457,-0.005252572242170572,0.4314384162425995,0.4978475570678711,-0.022064361721277237,0.4346991777420044,0.5396304130554199,-0.02321879379451275,0.46624553203582764,0.5274805426597595,0.028655091300606728,0.4801689386367798,0.46933045983314514,-0.011265329085290432,0.4805470407009125,0.5289209485054016,-0.03507698327302933,0.47197338938713074,0.5694109201431274,-0.037880513817071915,0.5146037936210632,0.5367668271064758,0.025034742429852486,0.5328783392906189,0.4840533137321472,-0.014067458920180798,0.5191435217857361,0.5418591499328613,-0.024358000606298447,0.500906229019165,0.5863807201385498,-0.014856807887554169,0.5561173558235168,0.5498656034469604,0.019130069762468338,0.578681468963623,0.48675090074539185,0.006203083321452141,0.5961586833000183,0.4449320137500763,0.0018017252441495657,0.6073598265647888,0.40551283955574036,0.0053170220926404,I
0.5093599557876587,0.788880467414856,-1.2022048849757994e-06,0.3816887140274048,0.7332359552383423,-0.0353473424911499,0.29706209897994995,0.6211111545562744,-0.05515813082456589,0.28406885266304016,0.5046354532241821,-0.0825110599398613,0.3352634906768799,0.4307916462421417,-0.09966340661048889,0.3538934588432312,0.5168266296386719,0.01898871921002865,0.35180309414863586,0.4326324462890625,-0.042546603828668594,0.37346261739730835,0.5143914222717285,-0.08007416129112244,0.3891788125038147,0.5909979939460754,-0.09098566323518753,0.42755448818206787,0.5099514722824097,0.016690552234649658,0.4261629581451416,0.4204973876476288,-0.05794684588909149,0.43562954664230347,0.529874324798584,-0.0886320173740387,0.43769627809524536,0.6125284433364868,-0.08805126696825027,0.5025140047073364,0.5085383057594299,0.003099974477663636,0.5066686272621155,0.4229104518890381,-0.06541658937931061,0.49535462260246277,0.5252610445022583,-0.06714516878128052,0.4852258563041687,0.6085585355758667,-0.04221253842115402,0.5786967277526855,0.5188426375389099,-0.014186117798089981,0.593258261680603,0.41567060351371765,-0.043792471289634705,0.5991616249084473,0.3497089147567749,-0.046329181641340256,0.5985612273216248,0.2837582230567932,-0.03746018931269646,I
0.4047766923904419,0.8438349962234497,-1.9668527784233447e-06,0.2606109380722046,0.7773606777191162,-0.08943000435829163,0.17942273616790771,0.5410292744636536,-0.1311119645833969,0.2411189079284668,0.3578900396823883,-0.1753588318824768,0.3810039758682251,0.2914091944694519,-0.19982308149337769,0.267955482006073,0.3708951473236084,-0.019348476082086563,0.22537913918495178,0.21432213485240936,-0.10963406413793564,0.20714828372001648,0.3317480683326721,-0.1450425684452057,0.22071754932403564,0.42957180738449097,-0.14591345191001892,0.3800535798072815,0.3809453845024109,-0.005117041524499655,0.33677583932876587,0.24850177764892578,-0.11374280601739883,0.3188002407550812,0.4232442378997803,-0.13659785687923431,0.33096909523010254,0.5133286118507385,-0.1189550831913948,0.490017294883728,0.40856069326400757,-0.01138343196362257,0.450490802526474,0.2829456329345703,-0.1223333477973938,0.404835045337677,0.4585474729537964,-0.12839694321155548,0.39121562242507935,0.5687294006347656,-0.09313515573740005,0.5970129370689392,0.4476076662540436,-0.02420544996857643,0.6027966737747192,0.25253304839134216,-0.08081645518541336,0.6060137152671814,0.14236865937709808,-0.0964035615324974,0.6123185157775879,0.030241549015045166,-0.0898461639881134,I
0.43088382482528687,0.9255918860435486,-9.7680504040909e-07,0.35640817880630493,0.909183144569397,-0.04026883840560913,0.30025410652160645,0.8243233561515808,-0.059202391654253006,0.3025941848754883,0.7374041080474854,-0.07915801554918289,0.3496190905570984,0.6839051842689514,-0.08834167569875717,0.3321957588195801,0.7311041355133057,-0.017332812771201134,0.27544713020324707,0.6662017107009888,-0.07026388496160507,0.28071078658103943,0.7268676161766052,-0.08623382449150085,0.3063353896141052,0.7721439003944397,-0.08143772184848785,0.3777408301830292,0.7188372015953064,-0.011081360280513763,0.32746684551239014,0.6587373614311218,-0.06418959051370621,0.34280213713645935,0.7455852627754211,-0.06079766899347305,0.36575376987457275,0.7814432382583618,-0.03917686641216278,0.42745646834373474,0.7148719429969788,-0.016299167647957802,0.378196120262146,0.6669422388076782,-0.06916534155607224,0.38666650652885437,0.759181559085846,-0.05802108719944954,0.4036828875541687,0.810064435005188,-0.028736475855112076,0.4792531728744507,0.7154114842414856,-0.025330204516649246,0.46619653701782227,0.6206201314926147,-0.05933788791298866,0.45566269755363464,0.565177857875824,-0.06537806987762451,0.44643425941467285,0.5093978047370911,-0.056878142058849335,I
0.49719709157943726,0.9246804714202881,-8.859437343744503e-07,0.4056509733200073,0.9034920930862427,-0.04809758439660072,0.3334841728210449,0.824490487575531,-0.06993048638105392,0.32338711619377136,0.7254118323326111,-0.09032504260540009,0.35478806495666504,0.6556944251060486,-0.09776673465967178,0.2968694269657135,0.7301720380783081,-0.010183027014136314,0.2696194350719452,0.6539018750190735,-0.051808569580316544,0.3059006333351135,0.7088607549667358,-0.06249406933784485,0.3246541917324066,0.7542225122451782,-0.05646989867091179,0.3612312972545624,0.7029746770858765,0.0010914427693933249,0.33873990178108215,0.6237456202507019,-0.040636416524648666,0.3699389398097992,0.699803352355957,-0.0449797585606575,0.3767273724079132,0.7365349531173706,-0.034232042729854584,0.4242763817310333,0.6895989179611206,0.0026141065172851086,0.41147515177726746,0.6280714273452759,-0.04498978331685066,0.42861539125442505,0.7087032794952393,-0.03802294284105301,0.4326450228691101,0.7606328725814819,-0.016102323308587074,0.4864250421524048,0.686537504196167,0.0007131864549592137,0.47546136379241943,0.6037389636039734,-0.01918727345764637,0.4752262830734253,0.5542196035385132,-0.016759825870394707,0.46603623032569885,0.5046867728233337,-0.007656648755073547,I
0.4804212152957916,0.6305931210517883,-4.3734934251915547e-07,0.44085124135017395,0.5761240124702454,-0.022551102563738823,0.4217754602432251,0.5099901556968689,-0.03394341841340065,0.44785016775131226,0.4537670910358429,-0.04648220166563988,0.4877060651779175,0.432161808013916,-0.052959490567445755,0.41612017154693604,0.4586462676525116,0.0005125997704453766,0.4268746078014374,0.39473292231559753,-0.027382854372262955,0.44687849283218384,0.43551909923553467,-0.04669322073459625,0.4483136236667633,0.47160568833351135,-0.052918870002031326,0.45790398120880127,0.4599883556365967,0.0031845062039792538,0.4713238477706909,0.4024723172187805,-0.02329249307513237,0.4849872589111328,0.4512835741043091,-0.0397443063557148,0.4796532392501831,0.48521891236305237,-0.04422694817185402,0.49739062786102295,0.4654991030693054,0.0007934808963909745,0.51044100522995,0.4216783046722412,-0.020094282925128937,0.5135941505432129,0.4645819365978241,-0.024244632571935654,0.5057089924812317,0.49895820021629333,-0.019444530829787254,0.5309954285621643,0.4757092297077179,-0.004046421963721514,0.5457326769828796,0.4258328676223755,-0.008331073448061943,0.5601859092712402,0.3976319432258606,-0.008178947493433952,0.5660917162895203,0.37259382009506226,-0.005945564713329077,I
0.40994203090667725,0.6703521013259888,-4.7322905061264464e-07,0.3457740843296051,0.6164708137512207,-0.021106991916894913,0.3208271265029907,0.5431655645370483,-0.02928873337805271,0.3471888601779938,0.4735114276409149,-0.042665984481573105,0.3920576572418213,0.44882726669311523,-0.05025315284729004,0.33469632267951965,0.48074576258659363,0.03192656487226486,0.3350541293621063,0.40814295411109924,0.0009962201584130526,0.3441839814186096,0.4385741055011749,-0.01873348467051983,0.3500004708766937,0.4772372543811798,-0.022024262696504593,0.3839590549468994,0.48046568036079407,0.032669078558683395,0.3910861611366272,0.41330045461654663,-0.0057459198869764805,0.39011573791503906,0.46890711784362793,-0.026964442804455757,0.38429364562034607,0.511056125164032,-0.027406278997659683,0.42886704206466675,0.48257842659950256,0.025684967637062073,0.43873196840286255,0.42579731345176697,-0.00942801684141159,0.4239445626735687,0.48067763447761536,-0.015868058428168297,0.41175928711891174,0.5290381908416748,-0.00443916255608201,0.47355782985687256,0.49115636944770813,0.016298674046993256,0.4919796288013458,0.4316646456718445,0.008616212755441666,0.5029127597808838,0.39210623502731323,0.00788343045860529,0.5108765363693237,0.35502374172210693,0.012933257967233658,I
0.5196709632873535,0.7444559335708618,-7.777765063110564e-07,0.41563642024993896,0.6719812154769897,-0.045014627277851105,0.35544878244400024,0.5570306777954102,-0.06012960895895958,0.3692741394042969,0.43704473972320557,-0.07889191061258316,0.43149495124816895,0.3734839856624603,-0.08266274631023407,0.3521556854248047,0.44524022936820984,0.04972819983959198,0.33786851167678833,0.3542453646659851,-0.004352136515080929,0.35988765954971313,0.4301184415817261,-0.030610082671046257,0.376823365688324,0.47429242730140686,-0.03041398525238037,0.4280713200569153,0.4432176947593689,0.06017883121967316,0.4215237498283386,0.3601095974445343,0.00010721403668867424,0.4320991039276123,0.4595940411090851,-0.02010771632194519,0.4321996867656708,0.49454593658447266,-0.010679749771952629,0.4981244206428528,0.447964608669281,0.05518424138426781,0.5016903877258301,0.37642714381217957,-0.007084790151566267,0.4902649223804474,0.4786823093891144,-0.008375672623515129,0.48015493154525757,0.5412740111351013,0.018468819558620453,0.5695263743400574,0.45830467343330383,0.04625023528933525,0.5730239152908325,0.3628193438053131,0.02635059505701065,0.5812622904777527,0.3011334538459778,0.02538815326988697,0.5890994668006897,0.23579925298690796,0.03717835247516632,I
0.5060319304466248,0.6964811682701111,-8.060006848609191e-07,0.3934948742389679,0.6261521577835083,-0.03721191734075546,0.3295177221298218,0.5050246119499207,-0.045456670224666595,0.3445884585380554,0.37911173701286316,-0.05937874689698219,0.4129785895347595,0.3175572156906128,-0.059759315103292465,0.3278135359287262,0.41289347410202026,0.06924489140510559,0.3002336621284485,0.3181037902832031,0.02024415321648121,0.3247916102409363,0.38337990641593933,-0.0030167694203555584,0.3482644557952881,0.42478320002555847,0.0007053445442579687,0.40111568570137024,0.4055967628955841,0.07874640077352524,0.3924717307090759,0.3178020417690277,0.022499380633234978,0.4040880799293518,0.4162083566188812,0.001675737788900733,0.405056893825531,0.4506703317165375,0.012333515100181103,0.46999356150627136,0.4048168659210205,0.07286515086889267,0.4753810465335846,0.3246951699256897,0.011825858615338802,0.4655304551124573,0.4289840757846832,0.007031749468296766,0.4583859145641327,0.4940011501312256,0.03352827951312065,0.5425388813018799,0.40909498929977417,0.06413907557725906,0.5444310903549194,0.309211790561676,0.048773445188999176,0.5504163503646851,0.24399207532405853,0.0476837195456028,0.5563012361526489,0.17702919244766235,0.05987413972616196,I
0.4624163806438446,0.7952826619148254,-1.1703150448738597e-06,0.33629676699638367,0.7416614890098572,-0.03349950164556503,0.25305721163749695,0.6310915946960449,-0.05151229351758957,0.24362173676490784,0.5162539482116699,-0.07725243270397186,0.29291120171546936,0.44261807203292847,-0.09379060566425323,0.3143332004547119,0.5307325720787048,0.02416408061981201,0.31418099999427795,0.45103269815444946,-0.033732544630765915,0.3335579037666321,0.5266568660736084,-0.07152492552995682,0.3491901159286499,0.6005219221115112,-0.08355722576379776,0.384807288646698,0.5230251550674438,0.021680206060409546,0.38413190841674805,0.4378904104232788,-0.04941924661397934,0.3922487795352936,0.5415664911270142,-0.08076412230730057,0.3954688608646393,0.6231843829154968,-0.08136222511529922,0.4568726122379303,0.5203454494476318,0.008127528242766857,0.4622180163860321,0.4362925887107849,-0.05671187490224838,0.45045316219329834,0.533423900604248,-0.05947856605052948,0.44152241945266724,0.6151314973831177,-0.036205217242240906,0.5310439467430115,0.5293903946876526,-0.009088238701224327,0.5441080927848816,0.4278019964694977,-0.03635772317647934,0.5489543080329895,0.3631506860256195,-0.03821944445371628,0.5490388870239258,0.30024755001068115,-0.029285673052072525,I
0.42408525943756104,0.7211960554122925,-1.2427126421243884e-06,0.32971781492233276,0.6518320441246033,-0.02730344794690609,0.269569456577301,0.5370205640792847,-0.049726735800504684,0.2767365574836731,0.4398137927055359,-0.08375006914138794,0.33919209241867065,0.3976096212863922,-0.10883282870054245,0.3316113352775574,0.41853559017181396,0.01055211666971445,0.31712695956230164,0.3284129202365875,-0.05489451065659523,0.3113163709640503,0.4113885462284088,-0.09239527583122253,0.3199409246444702,0.4790855646133423,-0.1038719043135643,0.39862489700317383,0.42074230313301086,8.129688649205491e-05,0.38755959272384644,0.33545297384262085,-0.07273927330970764,0.37210720777511597,0.44170114398002625,-0.09691694378852844,0.36983537673950195,0.5103833675384521,-0.09446824342012405,0.4680465757846832,0.43487223982810974,-0.021223437041044235,0.4593905210494995,0.3485940098762512,-0.08739828318357468,0.4250985085964203,0.4493008255958557,-0.0858563780784607,0.40863871574401855,0.5266126990318298,-0.061825793236494064,0.5369632840156555,0.45963409543037415,-0.0462501160800457,0.5654003024101257,0.3582223057746887,-0.0737496018409729,0.5752494931221008,0.29381346702575684,-0.07567333430051804,0.5813317894935608,0.23139777779579163,-0.06823550909757614,I
0.5949535369873047,0.6822623610496521,-6.042795916982868e-07,0.5454901456832886,0.6347723007202148,-0.004666744731366634,0.5188425779342651,0.5708076357841492,-0.007845832034945488,0.5193370580673218,0.5177549123764038,-0.015095213428139687,0.5212093591690063,0.48169898986816406,-0.018896153196692467,0.5432592630386353,0.5043644905090332,0.010546669363975525,0.5289906859397888,0.45402514934539795,-0.01516047678887844,0.5339973568916321,0.4947870969772339,-0.03219232335686684,0.5436296463012695,0.525741696357727,-0.0374959297478199,0.5842496752738953,0.503650426864624,0.00391252338886261,0.5732019543647766,0.4600337743759155,-0.01956574060022831,0.5727130174636841,0.5039433240890503,-0.030995773151516914,0.5775513648986816,0.5296579599380493,-0.03255365788936615,0.6207982897758484,0.5133752822875977,-0.006682041101157665,0.6168016791343689,0.4709721505641937,-0.026743702590465546,0.6077030301094055,0.5097726583480835,-0.028552072122693062,0.6038296818733215,0.5372228622436523,-0.022579358890652657,0.6532522439956665,0.5302991271018982,-0.017951732501387596,0.6752675175666809,0.46896401047706604,-0.03003612346947193,0.6879022717475891,0.4329514503479004,-0.032552145421504974,0.6999630331993103,0.3995739817619324,-0.03003690205514431,I
0.33119723200798035,0.5647356510162354,-7.02215515957505e-07,0.2652541995048523,0.5035187602043152,-0.02075822278857231,0.2306814193725586,0.4217737317085266,-0.030253831297159195,0.2510581612586975,0.34848445653915405,-0.04620572552084923,0.29690587520599365,0.3149335980415344,-0.0549694187939167,0.2524353265762329,0.3461427688598633,0.025268349796533585,0.2494191825389862,0.2808644771575928,-0.014545563608407974,0.252535879611969,0.3281157612800598,-0.03516089543700218,0.2547169029712677,0.37250271439552307,-0.036427341401576996,0.30476266145706177,0.34781092405319214,0.022778356447815895,0.3093474507331848,0.2897011637687683,-0.02388329617679119,0.3031774163246155,0.3579733073711395,-0.04117554426193237,0.296949565410614,0.4018751084804535,-0.03699733316898346,0.35657235980033875,0.3565380573272705,0.011437805369496346,0.36274412274360657,0.3067761957645416,-0.03609522059559822,0.3450445532798767,0.3743099570274353,-0.039652269333601,0.33006757497787476,0.4236599802970886,-0.022515106946229935,0.40523019433021545,0.37120482325553894,-0.0018610068364068866,0.42820411920547485,0.3039674162864685,-0.02132616564631462,0.4392275810241699,0.2572370767593384,-0.023437833413481712,0.44427889585494995,0.21156330406665802,-0.016242986544966698,I
0.5954043865203857,0.8334810733795166,-9.048237075148791e-07,0.505613386631012,0.7689974308013916,-0.04022638127207756,0.44896915555000305,0.6652486324310303,-0.06567911803722382,0.4555639326572418,0.5546636581420898,-0.09511188417673111,0.5206921696662903,0.49607452750205994,-0.11294309049844742,0.43590009212493896,0.5714555382728577,0.002886123489588499,0.41062426567077637,0.4670164883136749,-0.058092888444662094,0.43233948945999146,0.5280839204788208,-0.08547594398260117,0.4485604763031006,0.5818580389022827,-0.08657602220773697,0.5002257227897644,0.5527708530426025,0.007990492507815361,0.48971155285835266,0.451224684715271,-0.041991837322711945,0.5058571696281433,0.5367956161499023,-0.051148708909749985,0.5079092383384705,0.5734085440635681,-0.04177822545170784,0.5658588409423828,0.5478256940841675,0.0010093667078763247,0.558383584022522,0.4710991680622101,-0.04731350764632225,0.5610436797142029,0.5612961053848267,-0.042629316449165344,0.557470977306366,0.6168437004089355,-0.0212418045848608,0.6296805143356323,0.5551513433456421,-0.009935794398188591,0.630681037902832,0.46295684576034546,-0.022631535306572914,0.6382265686988831,0.40887776017189026,-0.01918247528374195,0.6364455819129944,0.3526230454444885,-0.010174336843192577,I
0.474500447511673,0.6669726967811584,-8.609937367509701e-07,0.36859506368637085,0.5947759747505188,-0.04962113872170448,0.30138757824897766,0.47284984588623047,-0.06975339353084564,0.310516893863678,0.349582701921463,-0.09373653680086136,0.376388818025589,0.2860131859779358,-0.10302115976810455,0.31253063678741455,0.36510297656059265,0.035029906779527664,0.28453999757766724,0.27169403433799744,-0.022422701120376587,0.30039024353027344,0.34277769923210144,-0.043447550386190414,0.3202473819255829,0.39021486043930054,-0.03778652101755142,0.38498055934906006,0.3594883382320404,0.044729653745889664,0.3726319670677185,0.2744308412075043,-0.017049124464392662,0.37463483214378357,0.37523743510246277,-0.02883354015648365,0.38001030683517456,0.4071219861507416,-0.01277533732354641,0.4546387195587158,0.36573493480682373,0.038444772362709045,0.4553971290588379,0.2939174473285675,-0.029221996665000916,0.4368891716003418,0.40033677220344543,-0.02613522671163082,0.4287603497505188,0.4645962715148926,0.005202583968639374,0.5250012278556824,0.3794494569301605,0.027986591681838036,0.527263879776001,0.2767506241798401,0.0038181631825864315,0.5319581031799316,0.20857493579387665,0.0036146575585007668,0.539036750793457,0.1400231271982193,0.01674843207001686,I
0.4825124442577362,0.5551308393478394,-3.780840813760733e-07,0.3763682246208191,0.4909871816635132,-0.06350839138031006,0.30006179213523865,0.38613343238830566,-0.08322781324386597,0.29828256368637085,0.2616467773914337,-0.10201714932918549,0.3476380705833435,0.18420396745204926,-0.10643129050731659,0.27264416217803955,0.2851323187351227,0.04303951933979988,0.23530741035938263,0.19289806485176086,-0.012192386202514172,0.26876306533813477,0.25310763716697693,-0.04286985844373703,0.29545196890830994,0.29562610387802124,-0.04264387488365173,0.347502201795578,0.27615317702293396,0.0663399025797844,0.3373386561870575,0.1921272575855255,-0.002105191582813859,0.36542809009552,0.2858011722564697,-0.03863207623362541,0.36649829149246216,0.3257104754447937,-0.03606242313981056,0.42122626304626465,0.27047261595726013,0.07382601499557495,0.42074504494667053,0.19495898485183716,0.007394568063318729,0.4268415868282318,0.29414811730384827,-0.011131184175610542,0.4165773391723633,0.35295990109443665,0.007570351008325815,0.48646754026412964,0.2661118805408478,0.07733040302991867,0.48100829124450684,0.1636473536491394,0.058870814740657806,0.4829551577568054,0.0935225635766983,0.05056636780500412,0.4786410331726074,0.024251937866210938,0.05868050828576088,I
0.40914076566696167,0.5603960752487183,-5.556044015975203e-07,0.29091399908065796,0.49609827995300293,-0.048755940049886703,0.21514162421226501,0.38740652799606323,-0.059030551463365555,0.2172594517469406,0.2654625177383423,-0.07172339409589767,0.2734863758087158,0.19374649226665497,-0.07046568393707275,0.20944248139858246,0.2840766906738281,0.07032103836536407,0.16867513954639435,0.19839245080947876,0.020672637969255447,0.1907745897769928,0.26002347469329834,-0.010963350534439087,0.21064524352550507,0.2984554171562195,-0.012799276039004326,0.2822350859642029,0.2797628343105316,0.08664251863956451,0.2612501084804535,0.2045065462589264,0.0219391081482172,0.2851722836494446,0.29930171370506287,-0.01711617410182953,0.28937870264053345,0.3355291187763214,-0.017026817426085472,0.35302865505218506,0.27780821919441223,0.08725056797266006,0.3459438979625702,0.20937573909759521,0.0238274447619915,0.3498697280883789,0.30815577507019043,0.0035753657575696707,0.3458113670349121,0.36414891481399536,0.020747710019350052,0.420104056596756,0.2760385274887085,0.08480940759181976,0.41045331954956055,0.17609700560569763,0.06957432627677917,0.4099104106426239,0.10781882703304291,0.06273366510868073,0.406995952129364,0.03615379333496094,0.07131194323301315,I
0.6158989667892456,0.8751236200332642,-9.555027418173268e-07,0.5219168066978455,0.8196324110031128,-0.046488407999277115,0.46143725514411926,0.7168406844139099,-0.06950077414512634,0.46521860361099243,0.6094805002212524,-0.09424162656068802,0.5268167853355408,0.5467145442962646,-0.1072438657283783,0.4402424097061157,0.6227761507034302,0.005036565475165844,0.41101232171058655,0.5320964455604553,-0.046136245131492615,0.435639888048172,0.588064432144165,-0.06932523846626282,0.4531171917915344,0.6368684768676758,-0.07001429796218872,0.5035023093223572,0.601405143737793,0.0138265211135149,0.48834019899368286,0.5100693106651306,-0.0326637402176857,0.5057205557823181,0.5914762616157532,-0.046672698110342026,0.5121050477027893,0.6243509650230408,-0.0423269160091877,0.5673261880874634,0.5933765172958374,0.011035003699362278,0.5618116855621338,0.521793007850647,-0.03804216533899307,0.5626584887504578,0.6093704700469971,-0.03922948241233826,0.5596717596054077,0.6654807925224304,-0.022507362067699432,0.6292631030082703,0.5987146496772766,0.004278644919395447,0.6242506504058838,0.5065004229545593,-0.011915266513824463,0.6240796446800232,0.4500371515750885,-0.012240931391716003,0.617743194103241,0.3941764533519745,-0.006268537603318691,I
0.4778386056423187,0.8589003086090088,-7.386783522633777e-07,0.3923666477203369,0.8173278570175171,-0.055745113641023636,0.3315016031265259,0.7131838798522949,-0.08400093019008636,0.33408692479133606,0.6062197089195251,-0.11054882407188416,0.39163267612457275,0.5436612367630005,-0.1221822202205658,0.3146810531616211,0.6200180649757385,-0.013325943611562252,0.27989745140075684,0.5435742735862732,-0.06299750506877899,0.2986966371536255,0.5994800925254822,-0.07070354372262955,0.3186084032058716,0.6387074589729309,-0.0599374882876873,0.3754524886608124,0.5965312719345093,0.0025843526236712933,0.35440000891685486,0.5224040746688843,-0.03515798971056938,0.36046865582466125,0.5985268950462341,-0.022663351148366928,0.3675655424594879,0.6001768708229065,-3.1807350751478225e-05,0.4359257221221924,0.5902647972106934,0.0050451261922717094,0.4232928156852722,0.5288639068603516,-0.041029445827007294,0.4187985956668854,0.6189463138580322,-0.021828029304742813,0.4222010374069214,0.6696217060089111,0.008974204771220684,0.49838700890541077,0.5945864319801331,0.0019940445199608803,0.4961637258529663,0.5088590979576111,-0.018441542983055115,0.4928376078605652,0.4563019573688507,-0.015485088340938091,0.4863438606262207,0.401553213596344,-0.004759327042847872,I
0.305848628282547,0.7522619962692261,-1.7121143400800065e-06,0.1467428356409073,0.6966814994812012,-0.049883369356393814,0.06244060397148132,0.4865879416465759,-0.06624327600002289,0.11340641975402832,0.314807653427124,-0.09217275679111481,0.23082846403121948,0.2308027148246765,-0.10846412181854248,0.12905453145503998,0.35212311148643494,0.02334585227072239,0.07597681879997253,0.2025640308856964,-0.03483561426401138,0.06757721304893494,0.24659770727157593,-0.058677781373262405,0.07507491111755371,0.31941384077072144,-0.058396827429533005,0.23410151898860931,0.34286531805992126,0.021087514236569405,0.19784016907215118,0.19338902831077576,-0.06664929538965225,0.18179194629192352,0.3151765465736389,-0.09759785234928131,0.1791701316833496,0.41576993465423584,-0.08872474730014801,0.3420531153678894,0.35231778025627136,0.004622254986315966,0.3107452392578125,0.20955908298492432,-0.0948239415884018,0.28276896476745605,0.3691715598106384,-0.10702403634786606,0.28149715065956116,0.5055184364318848,-0.07835111021995544,0.459271639585495,0.3800671100616455,-0.01446776557713747,0.46297094225883484,0.2068997323513031,-0.07057799398899078,0.4627293646335602,0.10146677494049072,-0.08667292445898056,0.46892690658569336,0.006936520338058472,-0.08237989246845245,I
0.23700092732906342,0.6036759614944458,-1.1514864581840811e-06,0.2161952555179596,0.5066801309585571,-0.03583495318889618,0.26086539030075073,0.3955093026161194,-0.05471237748861313,0.34305691719055176,0.337655246257782,-0.07732412219047546,0.4171825647354126,0.3524635136127472,-0.0873389020562172,0.36634665727615356,0.3546679615974426,-0.005642101634293795,0.41776150465011597,0.28914451599121094,-0.06332933902740479,0.35651811957359314,0.34766510128974915,-0.08594369143247604,0.3328423500061035,0.38899335265159607,-0.08949443697929382,0.41254425048828125,0.4037508964538574,-0.0047164964489638805,0.46093976497650146,0.3502469062805176,-0.06116395816206932,0.3808284103870392,0.4074104130268097,-0.06421785056591034,0.3603382706642151,0.4315320551395416,-0.05222925916314125,0.44470730423927307,0.459061861038208,-0.015174174681305885,0.48353612422943115,0.4199042320251465,-0.07581151276826859,0.39627838134765625,0.4584231376647949,-0.06265220046043396,0.3533468544483185,0.48315373063087463,-0.034808915108442307,0.4732256233692169,0.5201342105865479,-0.028956936672329903,0.5512745380401611,0.48266851902008057,-0.058515239506959915,0.5934851169586182,0.4617556035518646,-0.05727959796786308,0.6397686004638672,0.4349347949028015,-0.04801417142152786,J
0.28832218050956726,0.7834970355033875,-1.091350327442342e-06,0.2382814586162567,0.6716026067733765,-0.0412403866648674,0.26943936944007874,0.5365082025527954,-0.06125154346227646,0.3685656785964966,0.4636434018611908,-0.0841471403837204,0.4627319872379303,0.4698442816734314,-0.09443715214729309,0.35805898904800415,0.47256767749786377,0.00496103847399354,0.408420592546463,0.3824136257171631,-0.04397158324718475,0.36758601665496826,0.4387405812740326,-0.058255381882190704,0.34523266553878784,0.4906289279460907,-0.05445355921983719,0.4201221466064453,0.5126044154167175,0.009386276826262474,0.479504257440567,0.4320750832557678,-0.040804941207170486,0.409463107585907,0.5009026527404785,-0.042499642819166183,0.3919312059879303,0.535834014415741,-0.027976499870419502,0.47191861271858215,0.5626986026763916,0.0017289347015321255,0.51851886510849,0.504601240158081,-0.05767735838890076,0.4289394021034241,0.5638128519058228,-0.04758230969309807,0.3825274109840393,0.6077578067779541,-0.019819431006908417,0.5189782977104187,0.6244890093803406,-0.009476832114160061,0.595231831073761,0.5563631057739258,-0.03820900246500969,0.6399183869361877,0.5130715370178223,-0.03969236835837364,0.6892502903938293,0.4666138291358948,-0.03214868903160095,J
0.407748281955719,0.531989574432373,-7.767104648337408e-07,0.38520312309265137,0.4553256034851074,-0.02391296997666359,0.4178917109966278,0.36881163716316223,-0.03109062649309635,0.48020365834236145,0.31691619753837585,-0.0414913073182106,0.5318477749824524,0.3175784945487976,-0.04216548800468445,0.47430089116096497,0.32768523693084717,0.014391555450856686,0.5102238059043884,0.2752191126346588,-0.023521341383457184,0.4770224392414093,0.3260681629180908,-0.03829187527298927,0.46473002433776855,0.36035335063934326,-0.03843457251787186,0.5107902884483337,0.35907289385795593,0.016073552891612053,0.5439882278442383,0.321322500705719,-0.023288356140255928,0.4981485605239868,0.37169161438941956,-0.027141081169247627,0.4861639738082886,0.39310550689697266,-0.017287200316786766,0.5399796962738037,0.3958966135978699,0.008838686160743237,0.5714398622512817,0.3644425570964813,-0.032908421009778976,0.5171311497688293,0.40257832407951355,-0.02327209711074829,0.48937731981277466,0.4269835948944092,-0.0013274033553898335,0.5647816061973572,0.43517395853996277,-0.00095209083519876,0.6139452457427979,0.40277761220932007,-0.0194472074508667,0.6417441368103027,0.38205641508102417,-0.017320236191153526,0.6730353832244873,0.3595762252807617,-0.008365060202777386,J
0.31953632831573486,0.7547940015792847,-1.486810560891172e-06,0.28439608216285706,0.6073472499847412,-0.029646944254636765,0.3185339570045471,0.4618998169898987,-0.052918341010808945,0.4138874411582947,0.3698822855949402,-0.08657654374837875,0.5172523856163025,0.3785708546638489,-0.10597964376211166,0.4546377658843994,0.38372743129730225,0.019088970497250557,0.5192978382110596,0.27586251497268677,-0.06423676013946533,0.45362588763237,0.349924236536026,-0.10620054602622986,0.41640251874923706,0.41884052753448486,-0.11491468548774719,0.526538610458374,0.43897831439971924,0.011308086104691029,0.5937619209289551,0.34521913528442383,-0.06850733608007431,0.49719056487083435,0.43042922019958496,-0.08360792696475983,0.45630425214767456,0.4746290445327759,-0.07121887803077698,0.5833442211151123,0.5063923001289368,-0.010866781696677208,0.6330464482307434,0.43972134590148926,-0.08897094428539276,0.5184438228607178,0.5138704180717468,-0.07323902100324631,0.4530790150165558,0.5730651617050171,-0.03430744260549545,0.6342930793762207,0.5847504138946533,-0.03681844472885132,0.7407885193824768,0.5209923386573792,-0.07130610197782516,0.8052849173545837,0.48130273818969727,-0.0680922120809555,0.8715841770172119,0.43987399339675903,-0.05337618291378021,J
0.3678634762763977,0.8343877196311951,-1.3480109828378772e-06,0.2981472611427307,0.7145232558250427,-0.04533543065190315,0.30034831166267395,0.5688024163246155,-0.07096204161643982,0.35822436213493347,0.4627448618412018,-0.10368024557828903,0.43659520149230957,0.4169047474861145,-0.12546086311340332,0.4320663809776306,0.5157866477966309,-0.008206340484321117,0.47263091802597046,0.44057226181030273,-0.07672575116157532,0.4231047034263611,0.5151895880699158,-0.11063726991415024,0.38564783334732056,0.5839660167694092,-0.116838738322258,0.4958111047744751,0.553836464881897,-0.00971230212599039,0.5385710597038269,0.4743551015853882,-0.09193724393844604,0.46443048119544983,0.5640441179275513,-0.11734837293624878,0.4175874590873718,0.6337512731552124,-0.11171306669712067,0.5584562420845032,0.6046572327613831,-0.023237749934196472,0.5971229672431946,0.53279709815979,-0.09708107262849808,0.5146631598472595,0.6060367822647095,-0.09769508987665176,0.4593103528022766,0.6678285598754883,-0.07114814966917038,0.6134030222892761,0.66358482837677,-0.0416395403444767,0.7000494003295898,0.5835511088371277,-0.07351730763912201,0.74640291929245,0.5310609936714172,-0.07672739028930664,0.7881092429161072,0.4797471761703491,-0.06810448318719864,J
0.3857993483543396,0.8626086115837097,-1.3650402479470358e-06,0.3091669976711273,0.7484942674636841,-0.052569638937711716,0.3019350469112396,0.6121060848236084,-0.08206940442323685,0.35178542137145996,0.4906412363052368,-0.11426925659179688,0.42481178045272827,0.4366561770439148,-0.1343958079814911,0.41872894763946533,0.5479307174682617,-0.0247039757668972,0.4577333927154541,0.47514230012893677,-0.09092304110527039,0.41658592224121094,0.5512851476669312,-0.12153036147356033,0.3765329122543335,0.621964156627655,-0.127261683344841,0.48781704902648926,0.5748290419578552,-0.018846450373530388,0.5266905426979065,0.49119532108306885,-0.09618881344795227,0.45601606369018555,0.5932453870773315,-0.12149441987276077,0.41591012477874756,0.6580588817596436,-0.1198153868317604,0.5544247031211853,0.6154835820198059,-0.02326551079750061,0.5913795828819275,0.5424708127975464,-0.09092093259096146,0.5147724747657776,0.6247704029083252,-0.09062700718641281,0.46052056550979614,0.6883540153503418,-0.0684875100851059,0.6117154359817505,0.670213520526886,-0.03281097114086151,0.691024661064148,0.5849935412406921,-0.06392527371644974,0.7337493300437927,0.5310274958610535,-0.06897000968456268,0.7702470421791077,0.4757961630821228,-0.06436355412006378,J
0.3703489899635315,0.7300969362258911,-1.2030310472255223e-06,0.3593865633010864,0.6160673499107361,-0.04694964736700058,0.43250587582588196,0.4941745698451996,-0.07470164448022842,0.5430899858474731,0.44046977162361145,-0.1015603169798851,0.6320045590400696,0.47327888011932373,-0.11259990930557251,0.5241649150848389,0.45223844051361084,-0.023936733603477478,0.5905039310455322,0.3692212700843811,-0.08515631407499313,0.5265812277793884,0.420133113861084,-0.10493656992912292,0.49800682067871094,0.46611452102661133,-0.10509353131055832,0.5738206505775452,0.5025407671928406,-0.013065817765891552,0.6451616883277893,0.4365234971046448,-0.0550784207880497,0.5531302690505981,0.4858497083187103,-0.040686920285224915,0.5576961040496826,0.4913049638271332,-0.02071787789463997,0.606346607208252,0.5562223792076111,-0.014501342549920082,0.666225790977478,0.5082247853279114,-0.06150142475962639,0.5632336735725403,0.5458410382270813,-0.03150349110364914,0.513424277305603,0.5802598595619202,0.002796269953250885,0.6335260272026062,0.6260114312171936,-0.021427400410175323,0.7332150936126709,0.5823557376861572,-0.04599472135305405,0.7927567958831787,0.5524626970291138,-0.04246966540813446,0.8533276319503784,0.5260671973228455,-0.03391040116548538,J
0.3598780333995819,0.7046223878860474,-1.138396669375652e-06,0.34032198786735535,0.5925008058547974,-0.05318856239318848,0.41431522369384766,0.46717339754104614,-0.08310984820127487,0.5252729058265686,0.40669527649879456,-0.11022478342056274,0.6124256253242493,0.4407050311565399,-0.12099859118461609,0.5062292218208313,0.42254638671875,-0.030771620571613312,0.5703596472740173,0.34039148688316345,-0.09022802114486694,0.5113909840583801,0.39031508564949036,-0.10620508342981339,0.48262664675712585,0.4352206587791443,-0.10395453870296478,0.5583977103233337,0.4699999988079071,-0.015297852456569672,0.6302788257598877,0.4014822542667389,-0.0544288195669651,0.5389847159385681,0.452556312084198,-0.034057918936014175,0.5473074316978455,0.45125678181648254,-0.009816592559218407,0.5926839113235474,0.5241659879684448,-0.0126913171261549,0.6519566774368286,0.4733918607234955,-0.05736444145441055,0.5504752397537231,0.5135645866394043,-0.023556001484394073,0.4992588460445404,0.5499410629272461,0.012820248492062092,0.6223106384277344,0.5958652496337891,-0.0163071621209383,0.7227732539176941,0.5505933165550232,-0.04123498126864433,0.7840548753738403,0.5193355679512024,-0.038708750158548355,0.844611406326294,0.490831196308136,-0.031151538714766502,J
0.3696250915527344,0.8357514142990112,-1.3417609352472937e-06,0.3277547061443329,0.7028093934059143,-0.022348245605826378,0.3666459918022156,0.5727924108505249,-0.03345721960067749,0.43868568539619446,0.4909936189651489,-0.056148044764995575,0.5119231939315796,0.4411371946334839,-0.07156361639499664,0.49219200015068054,0.5670394897460938,0.028823360800743103,0.5446722507476807,0.4957427382469177,-0.027110744267702103,0.486645370721817,0.539486825466156,-0.06238611042499542,0.4327070116996765,0.5912814140319824,-0.07213588058948517,0.5373110175132751,0.6079292893409729,0.018200378865003586,0.5951099395751953,0.5266085267066956,-0.051630157977342606,0.5128653049468994,0.5814948678016663,-0.08324257284402847,0.45160895586013794,0.6396700143814087,-0.08344223350286484,0.5824949145317078,0.6639622449874878,-0.0023100911639630795,0.6331549882888794,0.5906066298484802,-0.06406880170106888,0.5440953969955444,0.6358737349510193,-0.06767985224723816,0.48079201579093933,0.6859379410743713,-0.04577701911330223,0.6252461075782776,0.7294847965240479,-0.02596440352499485,0.7142627835273743,0.6648983359336853,-0.05286230891942978,0.7606000900268555,0.6128422617912292,-0.05466890707612038,0.8005955815315247,0.5656493306159973,-0.04552871361374855,J
0.34769970178604126,0.7945188283920288,-1.3189052197049023e-06,0.30341172218322754,0.6613324284553528,-0.02366943284869194,0.34566158056259155,0.5290108919143677,-0.033041343092918396,0.4205601215362549,0.44751185178756714,-0.053117796778678894,0.4944293797016144,0.4003068804740906,-0.06589024513959885,0.4682261049747467,0.5264174938201904,0.027513591572642326,0.5205374360084534,0.4554787874221802,-0.025321613997220993,0.4619448184967041,0.499220609664917,-0.05842475965619087,0.4095941185951233,0.5497737526893616,-0.06728395074605942,0.513884425163269,0.568466067314148,0.018654072657227516,0.5730447769165039,0.4893558919429779,-0.048702288419008255,0.4894707202911377,0.5443273782730103,-0.07856617867946625,0.4287681579589844,0.6015725135803223,-0.0778866708278656,0.5588297843933105,0.6246346831321716,-2.6355178306403104e-06,0.6094415783882141,0.5538673400878906,-0.05973679572343826,0.5205764770507812,0.5967942476272583,-0.06360476464033127,0.45747601985931396,0.6454546451568604,-0.04234359413385391,0.600921630859375,0.6910719871520996,-0.021896736696362495,0.690995991230011,0.6296482086181641,-0.047678299248218536,0.7405697107315063,0.5797318816184998,-0.049704283475875854,0.7833874225616455,0.5346064567565918,-0.041083186864852905,J
0.3156068027019501,0.9611498713493347,-1.934780357260024e-06,0.2668531537055969,0.8186845779418945,-0.07306177169084549,0.2790481150150299,0.667621910572052,-0.1267135739326477,0.3634929656982422,0.5532450675964355,-0.17345546185970306,0.4790645241737366,0.5444631576538086,-0.19992144405841827,0.42325106263160706,0.538162350654602,-0.08893083781003952,0.47103995084762573,0.42557796835899353,-0.17357878386974335,0.4159150719642639,0.5269256830215454,-0.19649025797843933,0.3741914629936218,0.6030036211013794,-0.19563326239585876,0.5118340253829956,0.5972743630409241,-0.06805615872144699,0.5829208493232727,0.4956488311290741,-0.1267097145318985,0.4596925973892212,0.6302812099456787,-0.10915099084377289,0.4356699585914612,0.6392542123794556,-0.08815403282642365,0.582447350025177,0.6622023582458496,-0.05980716645717621,0.6310979127883911,0.5929739475250244,-0.11436038464307785,0.5104995965957642,0.7001062035560608,-0.08415492624044418,0.4395386874675751,0.7544466257095337,-0.05430350452661514,0.6457411050796509,0.7527119517326355,-0.05788986012339592,0.7662403583526611,0.6591280698776245,-0.10494261980056763,0.8427354097366333,0.620481014251709,-0.12229907512664795,0.9134343266487122,0.5654937028884888,-0.1313997358083725,J
0.22205382585525513,0.8000470399856567,-9.815531711865333e-07,0.16771584749221802,0.6811484694480896,-0.052989084273576736,0.20292165875434875,0.5408887267112732,-0.0748029500246048,0.30495166778564453,0.457638680934906,-0.09821029752492905,0.40776029229164124,0.4602792263031006,-0.106876902282238,0.2954191565513611,0.46495726704597473,0.016972636803984642,0.3547859787940979,0.37199366092681885,-0.04229666292667389,0.30637770891189575,0.44007885456085205,-0.06724777072668076,0.2829797863960266,0.4952777624130249,-0.06774412095546722,0.3621639609336853,0.5094592571258545,0.027553467079997063,0.42800527811050415,0.42235347628593445,-0.03137007728219032,0.3601957857608795,0.4895894527435303,-0.042963702231645584,0.3428311347961426,0.5216324925422668,-0.03175337612628937,0.413613498210907,0.5621188879013062,0.022784944623708725,0.46002471446990967,0.5033365488052368,-0.042130231857299805,0.36708614230155945,0.5603512525558472,-0.03919981047511101,0.31974464654922485,0.6068193912506104,-0.01257921289652586,0.46385884284973145,0.6259719133377075,0.01333349384367466,0.5435619354248047,0.557076096534729,-0.012848532758653164,0.5906293988227844,0.5100372433662415,-0.015995070338249207,0.6406991481781006,0.46322542428970337,-0.008332503959536552,J
0.2768441438674927,0.7870977520942688,-9.107552614295855e-07,0.22579804062843323,0.6757879257202148,-0.05004317685961723,0.26218974590301514,0.539560079574585,-0.06950254738330841,0.36347371339797974,0.46225059032440186,-0.09096935391426086,0.46101605892181396,0.46464240550994873,-0.09863504767417908,0.3486362099647522,0.47295358777046204,0.021192794665694237,0.40424010157585144,0.38484907150268555,-0.03203606233000755,0.36055663228034973,0.4458702802658081,-0.05256778746843338,0.3402944803237915,0.49921056628227234,-0.05124330148100853,0.4096280634403229,0.5150064826011658,0.03179408609867096,0.4697011411190033,0.43655914068222046,-0.023154055699706078,0.40300944447517395,0.5021973848342896,-0.031363874673843384,0.38780707120895386,0.5349807739257812,-0.01833379454910755,0.45823949575424194,0.5649456977844238,0.0272960402071476,0.5046202540397644,0.5077922344207764,-0.034605544060468674,0.4156728982925415,0.5617312788963318,-0.030489765107631683,0.3701455891132355,0.6065067052841187,-0.004022139124572277,0.5054237842559814,0.6255660057067871,0.018340324983000755,0.5801662802696228,0.5623009204864502,-0.008758656680583954,0.6251563429832458,0.5175177454948425,-0.01340670045465231,0.6746653318405151,0.47127604484558105,-0.006901752203702927,J
0.26990580558776855,0.6028656959533691,-9.374504656989302e-07,0.2513205111026764,0.5075777769088745,-0.037623386830091476,0.29800355434417725,0.4034423530101776,-0.055718421936035156,0.3797287940979004,0.35080382227897644,-0.07773827016353607,0.4508567154407501,0.3608383536338806,-0.0884912833571434,0.39621537923812866,0.365958571434021,0.009853544645011425,0.44711390137672424,0.3059743046760559,-0.042102061212062836,0.3948506712913513,0.3487917184829712,-0.06465772539377213,0.366706907749176,0.3887879550457001,-0.06768778711557388,0.4367866516113281,0.41592732071876526,0.012414644472301006,0.48499417304992676,0.36453741788864136,-0.04465918987989426,0.41006922721862793,0.4107261300086975,-0.05608073249459267,0.3820520341396332,0.43977805972099304,-0.04718387871980667,0.46570858359336853,0.4697360694408417,0.003114171326160431,0.5073716044425964,0.42792317271232605,-0.056742168962955475,0.4261496961116791,0.4583222568035126,-0.05255924537777901,0.37778037786483765,0.48616811633110046,-0.02885678969323635,0.49026983976364136,0.5289850234985352,-0.009554249234497547,0.5649638772010803,0.49431198835372925,-0.03800506144762039,0.6104890704154968,0.46852907538414,-0.04180290549993515,0.6567633152008057,0.44131526350975037,-0.03535835072398186,J
0.39963197708129883,0.6441107988357544,-8.1175687682844e-07,0.38454800844192505,0.572830319404602,-0.01991114392876625,0.4167858958244324,0.4914289712905884,-0.028882017359137535,0.48010915517807007,0.4503296911716461,-0.041160158812999725,0.5357069373130798,0.4594062268733978,-0.04451116919517517,0.479230672121048,0.44319820404052734,0.0054567726328969,0.5286805629730225,0.39056044816970825,-0.03751131519675255,0.4982662796974182,0.4323289394378662,-0.05751572549343109,0.47637808322906494,0.4649403989315033,-0.060974184423685074,0.5105538964271545,0.4800662398338318,0.004165557213127613,0.5615957975387573,0.4374743700027466,-0.041453976184129715,0.5144132375717163,0.48445364832878113,-0.04998103156685829,0.48865175247192383,0.5077512264251709,-0.04302653670310974,0.5377182960510254,0.5201958417892456,-0.004709494300186634,0.5858414173126221,0.4867197573184967,-0.04992230236530304,0.5257275104522705,0.5242121815681458,-0.039722271263599396,0.4842199683189392,0.5507709980010986,-0.017122728750109673,0.5626603960990906,0.5634154081344604,-0.01570448838174343,0.6201449632644653,0.5314435362815857,-0.03975112363696098,0.6569971442222595,0.5144332647323608,-0.040450453758239746,0.696081280708313,0.49340349435806274,-0.03365042060613632,J
0.17601782083511353,0.6202279925346375,-1.4002256421008497e-06,0.1514473557472229,0.4911606013774872,-0.04435933008790016,0.20964866876602173,0.3446004390716553,-0.06951629370450974,0.3163257837295532,0.27670204639434814,-0.1015622615814209,0.41905251145362854,0.29296043515205383,-0.11863132566213608,0.3546229898929596,0.2896862328052521,0.0032236205879598856,0.42679595947265625,0.21006476879119873,-0.06795813888311386,0.3547825217247009,0.26805830001831055,-0.09543195366859436,0.3078334927558899,0.3228197693824768,-0.09703835099935532,0.40778619050979614,0.3566543459892273,0.0014114206423982978,0.4703969359397888,0.2903047502040863,-0.08177459239959717,0.36529386043548584,0.36339932680130005,-0.09698264300823212,0.3155338168144226,0.4075953960418701,-0.08289738744497299,0.44701558351516724,0.4329351782798767,-0.014360280707478523,0.5004729628562927,0.3744322657585144,-0.09900923818349838,0.38678693771362305,0.4234588146209717,-0.09099414944648743,0.3172467350959778,0.4607654809951782,-0.05604054033756256,0.48003774881362915,0.5157034397125244,-0.03385536000132561,0.5840349793434143,0.4670718014240265,-0.07526829093694687,0.6428109407424927,0.4376491606235504,-0.07835456728935242,0.7032830715179443,0.4018767476081848,-0.0671769231557846,J
0.2931128740310669,0.6891337633132935,-1.0732155715231784e-06,0.26229286193847656,0.5725813508033752,-0.043185748159885406,0.30556654930114746,0.43844741582870483,-0.06408322602510452,0.3962228000164032,0.36488598585128784,-0.08968155086040497,0.49300023913383484,0.3761393129825592,-0.10092717409133911,0.43753817677497864,0.3866148591041565,0.00956666562706232,0.49778372049331665,0.30013710260391235,-0.0562860406935215,0.4353594481945038,0.36309415102005005,-0.08176862448453903,0.40654677152633667,0.41788285970687866,-0.08285650610923767,0.4911969304084778,0.4432893991470337,0.011255604214966297,0.5507211089134216,0.3677141070365906,-0.06328407675027847,0.4611436128616333,0.4316217005252838,-0.07594140619039536,0.42267924547195435,0.4730490446090698,-0.0614142008125782,0.5329763889312744,0.5095853209495544,-0.0012423890875652432,0.5770747065544128,0.4490293264389038,-0.07784581184387207,0.47274965047836304,0.49337002635002136,-0.07161688059568405,0.4145689308643341,0.5355351567268372,-0.03891230374574661,0.5737300515174866,0.5827643275260925,-0.017595505341887474,0.6718926429748535,0.5347095727920532,-0.05667591094970703,0.7331207394599915,0.499051570892334,-0.06414497643709183,0.7951698303222656,0.46213021874427795,-0.056489408016204834,J
0.3344276547431946,0.8439251184463501,-1.395685103489086e-06,0.2660755515098572,0.7256292700767517,-0.04762529581785202,0.27096694707870483,0.5810142755508423,-0.07616861164569855,0.3306739032268524,0.47532591223716736,-0.11114302277565002,0.4040243923664093,0.42075473070144653,-0.13568653166294098,0.40293657779693604,0.5304468870162964,-0.01629697158932686,0.4455026388168335,0.45518428087234497,-0.08697988092899323,0.39626944065093994,0.5278412103652954,-0.1257380098104477,0.35830560326576233,0.5978466272354126,-0.1361578404903412,0.46302592754364014,0.570026695728302,-0.01735810562968254,0.5071786046028137,0.48667287826538086,-0.10222688317298889,0.4344029426574707,0.5752881765365601,-0.13229142129421234,0.3879481554031372,0.6490458846092224,-0.13060463964939117,0.5243286490440369,0.6214390993118286,-0.02969622239470482,0.5697400569915771,0.5461482405662537,-0.10247796028852463,0.4869084060192108,0.6165040731430054,-0.10359565168619156,0.430677205324173,0.6784722208976746,-0.07883357256650925,0.5787461996078491,0.6818568706512451,-0.047353919595479965,0.6636433601379395,0.6003670692443848,-0.07883515954017639,0.7108734250068665,0.5470256805419922,-0.08276158571243286,0.755001425743103,0.49572238326072693,-0.0755772665143013,J
0.4496005177497864,0.5998833775520325,-5.090483341518848e-07,0.43578875064849854,0.5056296586990356,-0.039244625717401505,0.4767114222049713,0.42292025685310364,-0.05408478155732155,0.5498530864715576,0.3742985725402832,-0.07272497564554214,0.6097990870475769,0.3488689363002777,-0.0815286636352539,0.5493940114974976,0.36885082721710205,0.03441092371940613,0.5967100858688354,0.3180120289325714,-0.009192372672259808,0.5624760389328003,0.35561153292655945,-0.03096320666372776,0.5351999998092651,0.3895285427570343,-0.030200839042663574,0.5877121686935425,0.41230738162994385,0.04117782041430473,0.6327661871910095,0.36885368824005127,-0.008891337551176548,0.575870931148529,0.4140171706676483,-0.028746480122208595,0.5471146106719971,0.4398277997970581,-0.02227529138326645,0.6182699799537659,0.457241028547287,0.03548702597618103,0.653613805770874,0.4274804890155792,-0.014633332379162312,0.5902278423309326,0.46002569794654846,-0.01970565877854824,0.5493196249008179,0.48576852679252625,-0.0007116458145901561,0.6451151371002197,0.5032595992088318,0.02634545974433422,0.7087050676345825,0.46865400671958923,0.01135975494980812,0.7492197155952454,0.443143367767334,0.011760078370571136,0.7885217070579529,0.418111652135849,0.021981772035360336,J
0.3705308437347412,0.7909349799156189,-9.688009185992996e-07,0.38006800413131714,0.6977046728134155,-0.03504277765750885,0.44058096408843994,0.6150980591773987,-0.05704480782151222,0.5235556960105896,0.5685735940933228,-0.07667852938175201,0.5921199321746826,0.5805477499961853,-0.08218681067228317,0.5173245072364807,0.5735690593719482,-0.02654648758471012,0.5742920637130737,0.5155444741249084,-0.07584775239229202,0.5309766530990601,0.5555528402328491,-0.08759771287441254,0.5023959875106812,0.5871880054473877,-0.0847821831703186,0.5562043786048889,0.6162348389625549,-0.013917343690991402,0.6135680675506592,0.5712485909461975,-0.0411226823925972,0.5353899598121643,0.6143155097961426,-0.020760728046298027,0.5505549311637878,0.5990320444107056,-0.0015351055189967155,0.5814605951309204,0.6624834537506104,-0.010502238757908344,0.6271217465400696,0.6314572691917419,-0.03880713880062103,0.5484181642532349,0.6595402359962463,-0.006440826691687107,0.5048784017562866,0.6778963804244995,0.021950168535113335,0.6023194789886475,0.7188111543655396,-0.01182460691779852,0.6841264367103577,0.6915742754936218,-0.0385667085647583,0.7345065474510193,0.6724651455879211,-0.042214229702949524,0.7810884118080139,0.6510429382324219,-0.04029383137822151,J
0.34481582045555115,0.7136389017105103,-9.018069135890983e-07,0.33590155839920044,0.616775393486023,-0.032790303230285645,0.3897177577018738,0.520178496837616,-0.048930004239082336,0.471866637468338,0.4755845367908478,-0.07008828967809677,0.5424321889877319,0.49924224615097046,-0.08139945566654205,0.49740535020828247,0.4917359948158264,0.01097708661109209,0.5595344305038452,0.4380148649215698,-0.042046234011650085,0.5142178535461426,0.46650493144989014,-0.06432851403951645,0.4795283079147339,0.49978360533714294,-0.06605438143014908,0.5337144136428833,0.5447936654090881,0.01057976670563221,0.5947892665863037,0.49770936369895935,-0.05336516723036766,0.5178338289260864,0.5349747538566589,-0.06870189309120178,0.47554275393486023,0.5628104209899902,-0.05885501950979233,0.5608084797859192,0.6044870018959045,-0.0006562097696587443,0.6069786548614502,0.5658757090568542,-0.06728362292051315,0.5188166499137878,0.5899544358253479,-0.06656184047460556,0.4598906338214874,0.6147651076316833,-0.040949296206235886,0.5841832756996155,0.6673749685287476,-0.014476168900728226,0.6701176166534424,0.6448401212692261,-0.05099543184041977,0.7277200222015381,0.626741349697113,-0.05974512919783592,0.7847990989685059,0.6059443950653076,-0.0543319471180439,J
0.29482603073120117,0.574603259563446,-7.695759336456831e-07,0.27514058351516724,0.48681727051734924,-0.036328017711639404,0.32156166434288025,0.3889418840408325,-0.05573934316635132,0.3974168300628662,0.3371807932853699,-0.07891671359539032,0.4732201397418976,0.34451478719711304,-0.09302149713039398,0.42387494444847107,0.3471603989601135,0.005891118198633194,0.4820837676525116,0.2911582589149475,-0.04638848453760147,0.4428640305995941,0.3186301589012146,-0.06982523947954178,0.4119001030921936,0.35495525598526,-0.07311392575502396,0.46444278955459595,0.39783602952957153,0.0065746307373046875,0.5226497054100037,0.34829580783843994,-0.055848896503448486,0.4489278495311737,0.38536369800567627,-0.0724920704960823,0.4066096544265747,0.41921311616897583,-0.06405775249004364,0.49346110224723816,0.4544070363044739,-0.003408637596294284,0.5379772186279297,0.4150889217853546,-0.06707212328910828,0.4533395767211914,0.4355117678642273,-0.06809292733669281,0.3984662890434265,0.46116524934768677,-0.04547218978404999,0.5190187692642212,0.5132577419281006,-0.01618277281522751,0.5978085994720459,0.4842662811279297,-0.048931561410427094,0.6485953330993652,0.4607480466365814,-0.05648845061659813,0.6996034979820251,0.437529593706131,-0.05152513086795807,J
0.2594519555568695,0.6938107013702393,-1.138032757808105e-06,0.235323965549469,0.5784164667129517,-0.05104967951774597,0.2811009883880615,0.444869726896286,-0.07873968034982681,0.37290799617767334,0.3738263249397278,-0.11102182418107986,0.4712863564491272,0.38503462076187134,-0.12855340540409088,0.4147537350654602,0.379186749458313,0.0009764668066054583,0.4836890399456024,0.3008267283439636,-0.07449328154325485,0.4198274612426758,0.36368516087532043,-0.10853373259305954,0.37726110219955444,0.42039740085601807,-0.1139899417757988,0.4675939083099365,0.4417511522769928,0.003752009943127632,0.535248875617981,0.37500160932540894,-0.08162795752286911,0.4390750229358673,0.4456239938735962,-0.1031690239906311,0.3870921730995178,0.49046000838279724,-0.09262245893478394,0.5075995326042175,0.5125250220298767,-0.008374987170100212,0.5600744485855103,0.464248389005661,-0.09390155971050262,0.4533129632472992,0.507058322429657,-0.0918780267238617,0.3849923312664032,0.5426739454269409,-0.05939951166510582,0.5431979298591614,0.5917494297027588,-0.02474733255803585,0.6429481506347656,0.5473511219024658,-0.06817540526390076,0.7048313021659851,0.5185595154762268,-0.07591351866722107,0.7651341557502747,0.48535221815109253,-0.06714783608913422,J
0.16953134536743164,0.604202926158905,-9.82406390903634e-07,0.1530512571334839,0.5154879093170166,-0.059399355202913284,0.1982215791940689,0.41868847608566284,-0.09259399026632309,0.28891053795814514,0.38346022367477417,-0.12333101779222488,0.3669739067554474,0.4105527997016907,-0.13961531221866608,0.3182137906551361,0.33765923976898193,-0.04424416273832321,0.3989015221595764,0.28849759697914124,-0.1012396514415741,0.33786386251449585,0.3568764626979828,-0.12070951610803604,0.30046358704566956,0.38813188672065735,-0.1224789097905159,0.3702026903629303,0.40195536613464355,-0.03639519214630127,0.4470178186893463,0.36034777760505676,-0.09620311111211777,0.36505192518234253,0.4242246747016907,-0.10555654019117355,0.3251239061355591,0.4400981366634369,-0.09700153023004532,0.4034040868282318,0.46979400515556335,-0.038682721555233,0.4495623707771301,0.4492815434932709,-0.1058005690574646,0.35856521129608154,0.4926547110080719,-0.10027731955051422,0.3055267035961151,0.5048360228538513,-0.07518524676561356,0.42777153849601746,0.5373970866203308,-0.04468768835067749,0.519997239112854,0.5061754584312439,-0.08037017285823822,0.5789079666137695,0.49764710664749146,-0.08177356421947479,0.6362008452415466,0.47550126910209656,-0.07310851663351059,J
0.057508260011672974,0.7199719548225403,-1.4987452914283494e-06,0.060785919427871704,0.5874506831169128,-0.062493808567523956,0.13099515438079834,0.4550728499889374,-0.10401204973459244,0.24261194467544556,0.3949171304702759,-0.14584386348724365,0.33995118737220764,0.4362107217311859,-0.166990727186203,0.3107975721359253,0.4149336814880371,-0.05215352028608322,0.3980901837348938,0.3285738229751587,-0.14184625446796417,0.29681962728500366,0.3984377980232239,-0.16749408841133118,0.24378177523612976,0.45202726125717163,-0.16587962210178375,0.3615182638168335,0.49833667278289795,-0.0456693209707737,0.43988579511642456,0.42675450444221497,-0.13107165694236755,0.3027251958847046,0.49409255385398865,-0.12630008161067963,0.2649405896663666,0.52046799659729,-0.1014813631772995,0.39064010977745056,0.5867701768875122,-0.05433565005660057,0.4409240782260895,0.5378821492195129,-0.14328771829605103,0.3077623248100281,0.5749532580375671,-0.11830268055200577,0.24234794080257416,0.6016464233398438,-0.07345055043697357,0.41105449199676514,0.6823359131813049,-0.0682649239897728,0.5359025001525879,0.6533400416374207,-0.12388379126787186,0.6115347743034363,0.6400800347328186,-0.12915608286857605,0.6890904903411865,0.6181474924087524,-0.11791718751192093,J
0.25902795791625977,0.9380648136138916,-1.3400155012277537e-06,0.16270270943641663,0.7940387725830078,-0.10511629283428192,0.13923224806785583,0.6081336140632629,-0.16891175508499146,0.21194684505462646,0.4723851978778839,-0.23702234029769897,0.3352930545806885,0.46538156270980835,-0.2828325629234314,0.3040964603424072,0.45352527499198914,-0.026619479060173035,0.34497302770614624,0.3288935124874115,-0.16002923250198364,0.2811432480812073,0.4507073163986206,-0.22005949914455414,0.2540200352668762,0.5480448007583618,-0.22973521053791046,0.4022573232650757,0.5161142349243164,-0.016024978831410408,0.4512520432472229,0.3962801694869995,-0.17087650299072266,0.3528321385383606,0.5461522340774536,-0.21385297179222107,0.3026379346847534,0.6289426684379578,-0.19714216887950897,0.49038922786712646,0.5909438133239746,-0.03194134309887886,0.5219625234603882,0.5013548731803894,-0.17888155579566956,0.41163522005081177,0.6250889301300049,-0.19345960021018982,0.3462497293949127,0.70289146900177,-0.14993855357170105,0.5761018991470337,0.6755877137184143,-0.05611651763319969,0.6747916340827942,0.5645500421524048,-0.12368728965520859,0.7414226531982422,0.49980291724205017,-0.14485864341259003,0.804557204246521,0.4230797588825226,-0.13700950145721436,J
0.24810686707496643,0.7017959952354431,-8.974479897005949e-07,0.21754688024520874,0.5900604724884033,-0.054586220532655716,0.28310784697532654,0.4592820703983307,-0.07878421247005463,0.39489105343818665,0.403369665145874,-0.1044493243098259,0.4893537759780884,0.43253105878829956,-0.11666454374790192,0.40573418140411377,0.40259426832199097,-0.0004240797134116292,0.48220011591911316,0.33450061082839966,-0.05872518941760063,0.4203760325908661,0.38409873843193054,-0.08087601512670517,0.3854999542236328,0.42911654710769653,-0.08177928626537323,0.45734450221061707,0.4625578224658966,0.007249242626130581,0.5386175513267517,0.402028352022171,-0.057149488478899,0.4594781994819641,0.4438926577568054,-0.07062222808599472,0.4294489920139313,0.47071951627731323,-0.060318272560834885,0.49274906516075134,0.5314605236053467,0.000750417064409703,0.5514432191848755,0.48756834864616394,-0.07109056413173676,0.44498443603515625,0.5115686058998108,-0.07234848290681839,0.3824567198753357,0.5346755385398865,-0.0476430207490921,0.5251103043556213,0.6078934669494629,-0.009911492466926575,0.6243643164634705,0.5666001439094543,-0.04670785740017891,0.6880612969398499,0.5374055504798889,-0.057438235729932785,0.75471031665802,0.5067060589790344,-0.05447930470108986,J
0.3305341303348541,0.7037844657897949,-1.046264628712379e-06,0.3061383068561554,0.5868897438049316,-0.057927947491407394,0.36917781829833984,0.45360761880874634,-0.087489053606987,0.48423343896865845,0.39422354102134705,-0.11577766388654709,0.5769315958023071,0.419768363237381,-0.12837691605091095,0.4708269238471985,0.40088027715682983,-0.021579623222351074,0.5409817099571228,0.31479090452194214,-0.08215893059968948,0.48404067754745483,0.36923426389694214,-0.09865789115428925,0.4508156478404999,0.41840046644210815,-0.09454801678657532,0.5245096683502197,0.45466938614845276,-0.0074869366362690926,0.5936257243156433,0.3910408318042755,-0.059227071702480316,0.5073268413543701,0.4465160667896271,-0.05202142521739006,0.4960026741027832,0.46642571687698364,-0.032756928354501724,0.562423825263977,0.5158141851425171,-0.007494945544749498,0.6217015385627747,0.4661772847175598,-0.06713100522756577,0.5195472836494446,0.5030977725982666,-0.04922463372349739,0.4676094949245453,0.5331998467445374,-0.017931049689650536,0.5943009257316589,0.5887069702148438,-0.012805045582354069,0.6871060729026794,0.5375004410743713,-0.04347028583288193,0.7436658143997192,0.5045099258422852,-0.04631940647959709,0.8037553429603577,0.4696999192237854,-0.04004416614770889,J
0.3478873372077942,0.8068512678146362,-1.3437473853628035e-06,0.3044540584087372,0.6796032190322876,-0.020035922527313232,0.34182751178741455,0.5464521646499634,-0.028604716062545776,0.4126465916633606,0.4642004370689392,-0.048688240349292755,0.48374563455581665,0.41667813062667847,-0.061839357018470764,0.464881032705307,0.5375665426254272,0.030584556981921196,0.5141491293907166,0.46718984842300415,-0.020260555669665337,0.4580695629119873,0.5112677812576294,-0.0523991584777832,0.4074258804321289,0.5613476634025574,-0.06089959293603897,0.5122640132904053,0.5789708495140076,0.020368661731481552,0.5662767887115479,0.5013943314552307,-0.044638264924287796,0.4850948452949524,0.5579820871353149,-0.07393822818994522,0.425773024559021,0.6144664883613586,-0.07338463515043259,0.5590378046035767,0.6348243951797485,0.0006731466273777187,0.6040253639221191,0.5639600157737732,-0.057482071220874786,0.5166115164756775,0.6101611256599426,-0.0625830888748169,0.45419827103614807,0.6596085429191589,-0.04243268445134163,0.6023565530776978,0.7009819746017456,-0.021915191784501076,0.6893684267997742,0.6373820304870605,-0.04732855409383774,0.7363654375076294,0.5865589380264282,-0.05021950602531433,0.776452898979187,0.5399150252342224,-0.04220901429653168,J
0.3709866404533386,0.7247698307037354,-1.2036434782203287e-06,0.3647077679634094,0.6109734773635864,-0.04562341794371605,0.43444588780403137,0.49259451031684875,-0.0755862444639206,0.5446590781211853,0.43768343329429626,-0.10538828372955322,0.6351861357688904,0.4707377254962921,-0.11960552632808685,0.5292122960090637,0.4524947702884674,-0.026165254414081573,0.590522289276123,0.369659960269928,-0.08531934022903442,0.5317204594612122,0.41940680146217346,-0.09974712878465652,0.5047011375427246,0.46553367376327515,-0.09584915637969971,0.5785607695579529,0.5036850571632385,-0.015790749341249466,0.6479173898696899,0.43727758526802063,-0.055384572595357895,0.5563787221908569,0.48675790429115295,-0.037254683673381805,0.5637525320053101,0.4923080503940582,-0.015228332951664925,0.6125316023826599,0.5582470297813416,-0.017318570986390114,0.6715144515037537,0.5105853080749512,-0.06206447258591652,0.5677486658096313,0.5468345880508423,-0.03165797144174576,0.5173600912094116,0.5785608887672424,0.0019175440538674593,0.6394912004470825,0.6272184252738953,-0.024195518344640732,0.7392832636833191,0.5824823975563049,-0.04801130294799805,0.80009526014328,0.5534349679946899,-0.04564638435840607,0.8607189059257507,0.5267121195793152,-0.03858320042490959,J
0.45131736993789673,1.0393351316452026,1.666370962993824e-06,0.3633403778076172,0.9717205166816711,-0.10413267463445663,0.36577504873275757,0.8329547047615051,-0.16032597422599792,0.4488227367401123,0.7136272192001343,-0.2068658173084259,0.49099016189575195,0.593510091304779,-0.24311378598213196,0.40923503041267395,0.6763722896575928,-0.14324672520160675,0.41176098585128784,0.4819669723510742,-0.241974338889122,0.41686415672302246,0.36034148931503296,-0.2892884314060211,0.43510133028030396,0.2524110674858093,-0.3137778341770172,0.53719562292099,0.7021327018737793,-0.13733887672424316,0.6384060978889465,0.5566144585609436,-0.25852668285369873,0.7133516073226929,0.4455451965332031,-0.3151457607746124,0.7921802997589111,0.361020565032959,-0.3321995735168457,0.6343719363212585,0.7737174034118652,-0.1370382159948349,0.6631036996841431,0.8308965563774109,-0.2746337950229645,0.55629962682724,0.9684227705001831,-0.2656404674053192,0.48704802989959717,1.0664820671081543,-0.21473939716815948,0.7131721377372742,0.8742885589599609,-0.14416271448135376,0.7064958214759827,0.9422414302825928,-0.26024821400642395,0.625666081905365,1.0486516952514648,-0.25214922428131104,0.5654948353767395,1.1206763982772827,-0.21016161143779755,K
0.3875032961368561,0.8961915969848633,4.5692658545704035e-07,0.29353466629981995,0.815093994140625,-0.05975989252328873,0.2636013329029083,0.6861729621887207,-0.07450821995735168,0.3008159399032593,0.5800489187240601,-0.08810251206159592,0.330513060092926,0.49474501609802246,-0.09497898817062378,0.3025446832180023,0.5731118321418762,-0.024561768397688866,0.2772441506385803,0.4342322051525116,-0.06730202585458755,0.2658986747264862,0.3501192033290863,-0.09031382948160172,0.2663705348968506,0.27353668212890625,-0.10203909873962402,0.3853986859321594,0.5833567380905151,-0.020907312631607056,0.4163147509098053,0.45413047075271606,-0.0785788893699646,0.4501095414161682,0.3673499822616577,-0.1119568943977356,0.48408010601997375,0.293773353099823,-0.1241418644785881,0.4553891122341156,0.6179247498512268,-0.02590348571538925,0.46957382559776306,0.6079431176185608,-0.11306537687778473,0.41963014006614685,0.702847421169281,-0.12620680034160614,0.38097894191741943,0.7721889615058899,-0.10557012259960175,0.517348051071167,0.6673607230186462,-0.035389963537454605,0.5164708495140076,0.6711207628250122,-0.10635821521282196,0.47251954674720764,0.7374840974807739,-0.11134540289640427,0.4355946481227875,0.7892838716506958,-0.09471935033798218,K
0.3961367607116699,0.9468592405319214,1.8150626601709519e-07,0.328041136264801,0.8511335849761963,-0.07804989069700241,0.31757062673568726,0.7040079236030579,-0.09983763843774796,0.36593958735466003,0.5830717086791992,-0.11862290650606155,0.41205286979675293,0.48412343859672546,-0.13057135045528412,0.36037546396255493,0.5661154389381409,-0.04875044897198677,0.34739017486572266,0.3915224075317383,-0.10261666774749756,0.3436221778392792,0.2893409729003906,-0.12813907861709595,0.3539351522922516,0.19775322079658508,-0.13910101354122162,0.46805238723754883,0.5830361247062683,-0.0430770106613636,0.5172986388206482,0.41760188341140747,-0.1085536852478981,0.5679792165756226,0.3151904046535492,-0.1449236422777176,0.6178058385848999,0.2283627986907959,-0.15695804357528687,0.5526978969573975,0.6334059238433838,-0.047741640359163284,0.569720447063446,0.6360684037208557,-0.15892530977725983,0.5110285878181458,0.7612282633781433,-0.18910320103168488,0.4631127119064331,0.8497669100761414,-0.17274761199951172,0.6208909749984741,0.6974993944168091,-0.056503113359212875,0.6102752089500427,0.7280354499816895,-0.14851972460746765,0.55629563331604,0.8077096939086914,-0.1647803634405136,0.5082324743270874,0.8653422594070435,-0.15200945734977722,K
0.6759490370750427,0.9431573748588562,3.6084080079490377e-07,0.587772011756897,0.8954365253448486,-0.04134587571024895,0.5366380214691162,0.7685937285423279,-0.05333710089325905,0.5768880844116211,0.6600584983825684,-0.06524636596441269,0.6244453191757202,0.5926276445388794,-0.07423490285873413,0.5420081615447998,0.6764921545982361,-0.025265784934163094,0.5014602541923523,0.565172553062439,-0.05883823707699776,0.4680655598640442,0.4980311691761017,-0.07820843160152435,0.4514259099960327,0.43592655658721924,-0.09127562493085861,0.6204143762588501,0.6716123819351196,-0.03020814061164856,0.6279727220535278,0.5361957550048828,-0.07751276344060898,0.6394034028053284,0.4410479664802551,-0.10668366402387619,0.6523977518081665,0.36263877153396606,-0.12017305940389633,0.6945151686668396,0.6944506764411926,-0.039617665112018585,0.7041961550712585,0.6420547366142273,-0.11624713242053986,0.6714171767234802,0.7385166883468628,-0.127442866563797,0.6508554220199585,0.8134897947311401,-0.11167802661657333,0.7667455673217773,0.7332356572151184,-0.05043860897421837,0.7569584250450134,0.698015034198761,-0.1202450543642044,0.7245052456855774,0.7694569826126099,-0.12203583866357803,0.7063706517219543,0.8300870656967163,-0.10587863624095917,K
0.7218139171600342,0.9218281507492065,7.725645900791278e-07,0.6211668252944946,0.8827317357063293,-0.0454828105866909,0.5639318227767944,0.7647615671157837,-0.060224395245313644,0.594237744808197,0.6506800651550293,-0.07330437004566193,0.636471688747406,0.5790318250656128,-0.08167930692434311,0.5509830713272095,0.6649833917617798,-0.029548639431595802,0.5057333111763,0.5446396470069885,-0.06732684373855591,0.4781906008720398,0.4664653539657593,-0.08756168186664581,0.4622400999069214,0.39965716004371643,-0.099628746509552,0.6315010786056519,0.6553956270217896,-0.0320855937898159,0.6360376477241516,0.5169099569320679,-0.08141490817070007,0.6476650238037109,0.4197068214416504,-0.10938917845487595,0.6653627157211304,0.337887167930603,-0.12033166736364365,0.7074974179267883,0.6746729612350464,-0.03957904875278473,0.7101945281028748,0.6133615970611572,-0.11597209423780441,0.6850112080574036,0.7101033329963684,-0.11812052130699158,0.673697829246521,0.7830049395561218,-0.09405800700187683,0.7803147435188293,0.7090663313865662,-0.04913594573736191,0.767088770866394,0.665454089641571,-0.11646758019924164,0.7417821288108826,0.7368582487106323,-0.11221526563167572,0.7319209575653076,0.7953388690948486,-0.08982991427183151,K
0.6056920289993286,0.6663362383842468,4.891672347184794e-07,0.5254382491111755,0.6070130467414856,-0.04460381716489792,0.4820970594882965,0.5115447640419006,-0.05627701058983803,0.4992435574531555,0.4181918501853943,-0.0682629942893982,0.5312926769256592,0.3577718734741211,-0.07512712478637695,0.4941556751728058,0.4354179799556732,-0.005251816939562559,0.46266114711761475,0.3274673521518707,-0.035272471606731415,0.4485740065574646,0.2614997625350952,-0.052979882806539536,0.4458785057067871,0.19974243640899658,-0.06345618516206741,0.5586538910865784,0.4342552423477173,-0.002717930357903242,0.571739137172699,0.32365119457244873,-0.04434400796890259,0.5936975479125977,0.24828538298606873,-0.07104936987161636,0.6176635026931763,0.18198764324188232,-0.08281359076499939,0.616087019443512,0.45347172021865845,-0.00756822619587183,0.6274613738059998,0.41580909490585327,-0.07485345751047134,0.60417240858078,0.4931199550628662,-0.08633056282997131,0.5857054591178894,0.5523692965507507,-0.07123731076717377,0.6693028211593628,0.4825652241706848,-0.01536177471280098,0.6698801517486572,0.462585985660553,-0.07053861767053604,0.649813711643219,0.5143417716026306,-0.07526446133852005,0.6324185729026794,0.5591236352920532,-0.06329992413520813,K
0.4158482253551483,0.8900047540664673,6.336248929983412e-07,0.3209899365901947,0.8234190344810486,-0.05430830270051956,0.2746948003768921,0.7263227701187134,-0.06758029758930206,0.30140799283981323,0.6312793493270874,-0.07792046666145325,0.327643483877182,0.5551083087921143,-0.08161970227956772,0.2828255891799927,0.6265568733215332,-0.01588490977883339,0.25198179483413696,0.5128637552261353,-0.04637886956334114,0.23972530663013458,0.44156962633132935,-0.06515971571207047,0.2373969554901123,0.3732113242149353,-0.07577566057443619,0.35454028844833374,0.62345290184021,-0.009122383780777454,0.37202540040016174,0.5070630311965942,-0.05010397732257843,0.39335739612579346,0.4245935380458832,-0.07593853026628494,0.415449857711792,0.3523866832256317,-0.0870184674859047,0.4196281433105469,0.6427096128463745,-0.010655311867594719,0.43001165986061096,0.6104660630226135,-0.08121758699417114,0.4079684317111969,0.689150333404541,-0.09798887372016907,0.39286383986473083,0.7526910901069641,-0.0852086991071701,0.4800308048725128,0.6707640290260315,-0.015841295942664146,0.47984981536865234,0.6535525321960449,-0.07496447116136551,0.4606064558029175,0.7069488763809204,-0.0836491659283638,0.44776761531829834,0.7543970346450806,-0.07334835082292557,K
0.5500253438949585,0.8831584453582764,3.612510397488222e-07,0.44966280460357666,0.8306570053100586,-0.050774943083524704,0.39130014181137085,0.7167101502418518,-0.06463904678821564,0.418067991733551,0.6095986366271973,-0.07757137715816498,0.4572586119174957,0.5365234613418579,-0.08599552512168884,0.3884955048561096,0.6310374140739441,-0.02136441506445408,0.32894468307495117,0.5205433368682861,-0.05897248163819313,0.29154059290885925,0.4485313296318054,-0.08069923520088196,0.2703000009059906,0.38133859634399414,-0.0934232771396637,0.46426311135292053,0.6145433187484741,-0.020762765780091286,0.4572007954120636,0.48037731647491455,-0.06941139698028564,0.45868122577667236,0.38526320457458496,-0.0974535346031189,0.46663975715637207,0.307494580745697,-0.10931669175624847,0.5373367071151733,0.6263541579246521,-0.027349121868610382,0.5261663794517517,0.5760570764541626,-0.1036066934466362,0.5009565949440002,0.6705665588378906,-0.11216934770345688,0.49027103185653687,0.742293655872345,-0.09324027597904205,0.6095582842826843,0.6550811529159546,-0.03718193247914314,0.5866155028343201,0.6194130182266235,-0.09638369828462601,0.5577155947685242,0.6859996914863586,-0.09331764280796051,0.5456992387771606,0.7406299710273743,-0.07523094117641449,K
0.6093590259552002,0.9247030019760132,6.346435270643269e-07,0.49685952067375183,0.8820719718933105,-0.047379449009895325,0.43503040075302124,0.7689127922058105,-0.06720269471406937,0.4554271697998047,0.6552944183349609,-0.08561155200004578,0.48015066981315613,0.5727418661117554,-0.09857349842786789,0.4298124313354492,0.6672547459602356,-0.03513669967651367,0.36933332681655884,0.5498328804969788,-0.0807325541973114,0.33095282316207886,0.4759112596511841,-0.1054108515381813,0.3054278790950775,0.41048622131347656,-0.1173100695014,0.5060986876487732,0.6491608619689941,-0.03779056295752525,0.5012046098709106,0.5077515840530396,-0.09051654487848282,0.501262903213501,0.4082210063934326,-0.11825340986251831,0.5081604719161987,0.3268390893936157,-0.12729638814926147,0.5804340839385986,0.660162627696991,-0.04567592218518257,0.561296284198761,0.6164349317550659,-0.11817639321088791,0.5364989638328552,0.711455762386322,-0.11833807080984116,0.5256268382072449,0.7852673530578613,-0.09325616806745529,0.6522436141967773,0.6888024806976318,-0.05684502050280571,0.6238851547241211,0.6626964211463928,-0.11171470582485199,0.5958669781684875,0.734948992729187,-0.10107872635126114,0.5836984515190125,0.7945228815078735,-0.07565270364284515,K
0.4527478516101837,0.7477190494537354,8.255854027083842e-07,0.3587101101875305,0.6700385808944702,-0.058665454387664795,0.3195617198944092,0.5527932047843933,-0.07868226617574692,0.3534961938858032,0.44602206349372864,-0.09610408544540405,0.3849528133869171,0.36442387104034424,-0.10648056119680405,0.33314943313598633,0.450814813375473,-0.030588621273636818,0.3053143620491028,0.3194907009601593,-0.06792156398296356,0.2959945797920227,0.240430548787117,-0.08811056613922119,0.2961523234844208,0.16751626133918762,-0.09832096844911575,0.4067591428756714,0.4515449106693268,-0.025819910690188408,0.4390290379524231,0.31738895177841187,-0.07366336137056351,0.46773940324783325,0.22744350135326385,-0.09908271580934525,0.4940124750137329,0.15585023164749146,-0.10777994990348816,0.4728996157646179,0.48007240891456604,-0.028934165835380554,0.49583667516708374,0.43699878454208374,-0.10402534902095795,0.4664619565010071,0.5163212418556213,-0.11532577872276306,0.44322314858436584,0.5846260786056519,-0.09689194709062576,0.5348632335662842,0.5201452970504761,-0.03609925135970116,0.5481441020965576,0.48374831676483154,-0.09623698145151138,0.5241175293922424,0.536489725112915,-0.098565973341465,0.5040770769119263,0.5883874297142029,-0.08263083547353745,K
0.6341351866722107,0.9489356875419617,1.2236598649906227e-06,0.5375611782073975,0.8611621856689453,-0.07816347479820251,0.5042158365249634,0.7426044940948486,-0.10492860525846481,0.5481417179107666,0.6296003460884094,-0.1262395828962326,0.5847764611244202,0.5429516434669495,-0.13921017944812775,0.5125918388366699,0.6381896734237671,-0.030632270500063896,0.5024380683898926,0.49955278635025024,-0.07642550766468048,0.5020697116851807,0.41382306814193726,-0.10616595298051834,0.5140705108642578,0.3363504707813263,-0.12534070014953613,0.5974338054656982,0.6429449319839478,-0.0181580800563097,0.6336929798126221,0.5149556398391724,-0.08072438091039658,0.6761220693588257,0.4210730195045471,-0.11873495578765869,0.7181251049041748,0.34396082162857056,-0.1357334405183792,0.6671648621559143,0.6756333112716675,-0.016894327476620674,0.700674295425415,0.625385582447052,-0.10955547541379929,0.6669542193412781,0.718172013759613,-0.1246408224105835,0.6378389596939087,0.7961665391921997,-0.10463268309831619,0.7329866290092468,0.7177128791809082,-0.021317102015018463,0.7518531084060669,0.6878412365913391,-0.10474946349859238,0.7310566902160645,0.7479200959205627,-0.11855655163526535,0.7092554569244385,0.8008292317390442,-0.10599531978368759,K
0.6294052004814148,0.6665972471237183,5.085622092337871e-07,0.5555667877197266,0.6139112710952759,-0.04640119522809982,0.5084412097930908,0.5192984938621521,-0.06412644684314728,0.523659884929657,0.4290425181388855,-0.08071545511484146,0.5582083463668823,0.3688357174396515,-0.09194846451282501,0.523556649684906,0.44291219115257263,-0.02180832251906395,0.4961583614349365,0.3364250361919403,-0.05565645918250084,0.4851289391517639,0.2734872102737427,-0.0739017128944397,0.4840972423553467,0.21532881259918213,-0.08377326279878616,0.5858861207962036,0.4413074851036072,-0.018944449722766876,0.6053962707519531,0.3326854109764099,-0.062035445123910904,0.627884030342102,0.2606140971183777,-0.08569230884313583,0.6503646969795227,0.19752222299575806,-0.09475188702344894,0.6423887610435486,0.4598214328289032,-0.022452961653470993,0.6544216275215149,0.41871166229248047,-0.08819062262773514,0.6284425854682922,0.4930487871170044,-0.09504000842571259,0.6091734766960144,0.5500999689102173,-0.07761909812688828,0.6965410709381104,0.4905817210674286,-0.028828179463744164,0.6969322562217712,0.46289607882499695,-0.08117155730724335,0.6722891926765442,0.5127736330032349,-0.08138691633939743,0.6526967287063599,0.5563380718231201,-0.06660202145576477,K
0.5860773921012878,0.7347863912582397,4.853876021115866e-07,0.5044825077056885,0.6728901863098145,-0.047579869627952576,0.45975950360298157,0.5749018788337708,-0.06310106068849564,0.4784071147441864,0.48648592829704285,-0.07714612782001495,0.5051279664039612,0.42087602615356445,-0.08545687794685364,0.47658348083496094,0.49535512924194336,-0.022491268813610077,0.44735559821128845,0.3908382058143616,-0.05818143114447594,0.43493691086769104,0.32580044865608215,-0.07952271401882172,0.4321184754371643,0.2650279402732849,-0.09182217717170715,0.5413417220115662,0.49505677819252014,-0.01923627406358719,0.559263288974762,0.39236366748809814,-0.06492279469966888,0.5793794393539429,0.3195396065711975,-0.09234564006328583,0.5990675687789917,0.2551003098487854,-0.10463559627532959,0.5989125967025757,0.5143253207206726,-0.0225358959287405,0.6070860624313354,0.48252350091934204,-0.0894092246890068,0.580268144607544,0.5563681125640869,-0.09809379279613495,0.5604455471038818,0.6117473244667053,-0.08213672041893005,0.6526010632514954,0.5459789037704468,-0.02913685142993927,0.6491857171058655,0.5268267393112183,-0.08187314867973328,0.6226762533187866,0.577000617980957,-0.08320440351963043,0.6019354462623596,0.6192390322685242,-0.06933002173900604,K
0.2956819236278534,0.9841204881668091,1.973744474526029e-07,0.20467518270015717,0.8812755346298218,-0.06534752994775772,0.18670907616615295,0.7361880540847778,-0.07992678135633469,0.23289348185062408,0.6175531148910522,-0.09391225874423981,0.25753718614578247,0.5190695524215698,-0.10211904346942902,0.22800271213054657,0.6003075242042542,-0.024864569306373596,0.20733971893787384,0.4400755763053894,-0.07561648637056351,0.19304649531841278,0.3462158441543579,-0.10240359604358673,0.18953262269496918,0.2606470584869385,-0.11305096000432968,0.3281560242176056,0.6121698617935181,-0.020982563495635986,0.3643495738506317,0.46907472610473633,-0.08416019380092621,0.40094900131225586,0.3746432662010193,-0.11793125420808792,0.43856775760650635,0.2931186258792877,-0.12637518346309662,0.4137498736381531,0.6504369974136353,-0.02772357501089573,0.4159747362136841,0.6691153049468994,-0.1304798275232315,0.35220468044281006,0.7805055379867554,-0.1512112021446228,0.2993985712528229,0.8620610237121582,-0.1282190978527069,0.48569560050964355,0.7054584622383118,-0.039038270711898804,0.46842098236083984,0.7369719743728638,-0.1194138303399086,0.40881121158599854,0.8191928863525391,-0.12592333555221558,0.35611218214035034,0.8847267031669617,-0.10587558150291443,K
0.3454812169075012,0.9568681716918945,2.718160487802379e-07,0.25186941027641296,0.8663694858551025,-0.07213010638952255,0.2274644821882248,0.7233198881149292,-0.09207718819379807,0.27097755670547485,0.6033626794815063,-0.1102757453918457,0.3019404411315918,0.5044586062431335,-0.1214558482170105,0.27093327045440674,0.5899284482002258,-0.0337786003947258,0.25086548924446106,0.4285000264644623,-0.08560536801815033,0.2382996380329132,0.33579957485198975,-0.11133701354265213,0.23788897693157196,0.25099262595176697,-0.1222774013876915,0.37120816111564636,0.6023725867271423,-0.028055183589458466,0.40579405426979065,0.4549933075904846,-0.09683456271886826,0.44473326206207275,0.35959315299987793,-0.13384877145290375,0.4868023097515106,0.27950847148895264,-0.14473757147789001,0.45506760478019714,0.6415369510650635,-0.03258917108178139,0.45931723713874817,0.6493881344795227,-0.13873326778411865,0.39371228218078613,0.7627089023590088,-0.15546461939811707,0.34412050247192383,0.8437049388885498,-0.12985652685165405,0.5266602039337158,0.6971900463104248,-0.04219280555844307,0.5131326913833618,0.7229509353637695,-0.126180961728096,0.4510749280452728,0.807878851890564,-0.13146552443504333,0.3993181586265564,0.8721567392349243,-0.11046288907527924,K
0.7421274781227112,0.6873927116394043,5.642414748763258e-07,0.7037596702575684,0.6303249001502991,-0.02660946175456047,0.691032350063324,0.5592702031135559,-0.038172051310539246,0.7120260000228882,0.4982167184352875,-0.047991469502449036,0.7349794507026672,0.4560730457305908,-0.05453716591000557,0.6902544498443604,0.5227586627006531,-0.039436690509319305,0.6901869177818298,0.4240579903125763,-0.06493435055017471,0.6986956596374512,0.36762726306915283,-0.07503438740968704,0.7123578190803528,0.3247028589248657,-0.07855100929737091,0.7384447455406189,0.529442310333252,-0.03771565109491348,0.7686671614646912,0.4344351887702942,-0.06415282189846039,0.8026431798934937,0.3793511390686035,-0.07412001490592957,0.8346218466758728,0.3378869891166687,-0.07661545276641846,0.7799314856529236,0.5481256246566772,-0.0383627712726593,0.8182300329208374,0.49710091948509216,-0.07944535464048386,0.8146008849143982,0.5382313132286072,-0.08676061034202576,0.8046584725379944,0.5786991715431213,-0.0774483010172844,0.8134117126464844,0.5705163478851318,-0.03973006457090378,0.8451768755912781,0.543430507183075,-0.07631271332502365,0.8580787181854248,0.5615398287773132,-0.08399966359138489,0.8626294732093811,0.5826849937438965,-0.07901265472173691,K
0.5412794351577759,0.7632362842559814,8.590700417698827e-07,0.4833899438381195,0.7140902876853943,-0.04792742803692818,0.4636973738670349,0.6345473527908325,-0.06308229267597198,0.49647092819213867,0.5640652775764465,-0.07233201712369919,0.5197713375091553,0.5104737877845764,-0.07599721103906631,0.4618028998374939,0.5687075853347778,-0.03939749300479889,0.45952463150024414,0.473646879196167,-0.06518007814884186,0.46404197812080383,0.4161810874938965,-0.07914520055055618,0.4751395583152771,0.36895617842674255,-0.08729510009288788,0.5222064256668091,0.572868824005127,-0.029989369213581085,0.5538319945335388,0.48501458764076233,-0.06280843913555145,0.5887303352355957,0.4253540337085724,-0.08339322358369827,0.6228355169296265,0.37813448905944824,-0.09283149987459183,0.5699353814125061,0.5968326330184937,-0.024793412536382675,0.6008034944534302,0.563421368598938,-0.07491157203912735,0.5888572335243225,0.6192318797111511,-0.08353980630636215,0.5729699730873108,0.666887640953064,-0.07277914136648178,0.6078329086303711,0.6293416619300842,-0.022540360689163208,0.6292206048965454,0.6054550409317017,-0.07133186608552933,0.6388692259788513,0.6348382234573364,-0.07907753437757492,0.6382525563240051,0.6655324697494507,-0.0708637535572052,K
0.5032066106796265,0.8691188097000122,7.902839342932566e-07,0.44648897647857666,0.7735676765441895,-0.05141468718647957,0.4270237982273102,0.6676020622253418,-0.07184482365846634,0.47547051310539246,0.5848029851913452,-0.09176499396562576,0.5251999497413635,0.5215569138526917,-0.10590631514787674,0.4561535120010376,0.5763837695121765,-0.025541728362441063,0.45908188819885254,0.4514006972312927,-0.062204476445913315,0.4725865423679352,0.37751370668411255,-0.08271747082471848,0.496258020401001,0.31406542658805847,-0.0931914821267128,0.5279207229614258,0.5986687541007996,-0.023210732266306877,0.5822194814682007,0.4877733588218689,-0.07067064940929413,0.6336462497711182,0.41672348976135254,-0.0972701907157898,0.6812122464179993,0.3588869273662567,-0.10768033564090729,0.585112452507019,0.6396887898445129,-0.028371265158057213,0.622209370136261,0.6060073375701904,-0.10254732519388199,0.5868673920631409,0.6801558136940002,-0.11485233902931213,0.5548801422119141,0.7393483519554138,-0.09777000546455383,0.6323448419570923,0.6892873644828796,-0.03650078922510147,0.6563308238983154,0.6632426381111145,-0.09501270204782486,0.6364149451255798,0.7105125784873962,-0.09798163920640945,0.613018274307251,0.7540071606636047,-0.08291748911142349,K
0.5037848353385925,0.7983380556106567,8.631339483144984e-07,0.4412235915660858,0.7106144428253174,-0.06362583488225937,0.4227997958660126,0.6079251170158386,-0.08682756870985031,0.46946772933006287,0.5188599824905396,-0.10664345324039459,0.5058080554008484,0.4452036917209625,-0.12029258161783218,0.43743640184402466,0.5183812379837036,-0.03804260119795799,0.43082255125045776,0.39993318915367126,-0.08544281870126724,0.43704062700271606,0.32610952854156494,-0.11654174327850342,0.4535957872867584,0.2584852874279022,-0.1357324719429016,0.507051408290863,0.5306461453437805,-0.03174326568841934,0.5529900193214417,0.41940218210220337,-0.09263031929731369,0.5997843742370605,0.34548071026802063,-0.1279168277978897,0.6423856019973755,0.28487563133239746,-0.14464277029037476,0.5650930404663086,0.5647667050361633,-0.03418490290641785,0.6057621836662292,0.5319876074790955,-0.11985775083303452,0.5718744993209839,0.6049362421035767,-0.13466060161590576,0.5396067500114441,0.6672099828720093,-0.11848048120737076,0.615494966506958,0.6080507636070251,-0.04127758368849754,0.6417792439460754,0.5830819010734558,-0.11446963250637054,0.617905855178833,0.6323749423027039,-0.12450047582387924,0.5911403298377991,0.6800572276115417,-0.11296603083610535,K
0.5215153098106384,0.7590301036834717,4.110357565423328e-07,0.44512590765953064,0.6986680030822754,-0.04263259842991829,0.39801207184791565,0.604932963848114,-0.06046551465988159,0.4145246744155884,0.5175150632858276,-0.07771255820989609,0.4499495029449463,0.4557516276836395,-0.08992138504981995,0.41276049613952637,0.5219156742095947,-0.02233731746673584,0.3837255835533142,0.42029696702957153,-0.05821945145726204,0.37242287397384644,0.35666391253471375,-0.07945680618286133,0.372069776058197,0.2983091175556183,-0.0910717099905014,0.4774046540260315,0.5241169929504395,-0.022071361541748047,0.49368488788604736,0.42010974884033203,-0.06382475793361664,0.5147162675857544,0.3491440713405609,-0.08670316636562347,0.5371153950691223,0.28835529088974,-0.0956563726067543,0.5382522344589233,0.5468736290931702,-0.027867738157510757,0.5410046577453613,0.5115925073623657,-0.09243953973054886,0.5113959312438965,0.5846619009971619,-0.09759650379419327,0.4920801818370819,0.6441583037376404,-0.07937366515398026,0.5933974385261536,0.5839521288871765,-0.03625410050153732,0.5843905806541443,0.5542553663253784,-0.08606800436973572,0.5520427227020264,0.6056815385818481,-0.08172646164894104,0.5290578007698059,0.6548232436180115,-0.06380851566791534,K
0.5447472929954529,0.7712798118591309,3.617416268753004e-07,0.46185997128486633,0.7099445462226868,-0.03768322616815567,0.410649836063385,0.6080114841461182,-0.0527208186686039,0.43014007806777954,0.518074095249176,-0.06893403083086014,0.4741678237915039,0.4646414816379547,-0.08088584244251251,0.4344368577003479,0.5339521765708923,-0.012407302856445312,0.39648640155792236,0.42553576827049255,-0.046829208731651306,0.37303459644317627,0.36030131578445435,-0.06598392128944397,0.36254364252090454,0.3019304871559143,-0.07549493759870529,0.4994961619377136,0.5302950739860535,-0.014515540562570095,0.5075947642326355,0.42014530301094055,-0.05681687593460083,0.5192970633506775,0.34400421380996704,-0.07972725480794907,0.5345243215560913,0.2824426591396332,-0.08718746155500412,0.5621232390403748,0.5458954572677612,-0.022566266357898712,0.5567978024482727,0.517875075340271,-0.08513447642326355,0.5239438414573669,0.5977889895439148,-0.08861006051301956,0.5040889382362366,0.6610897779464722,-0.06859040260314941,0.6243997812271118,0.5775359869003296,-0.03335414081811905,0.6087732911109924,0.5565928816795349,-0.07944329082965851,0.57435142993927,0.6153956651687622,-0.07252106070518494,0.5533434748649597,0.6670752763748169,-0.05265984311699867,K
0.5133895874023438,0.6881029605865479,1.4674365900191333e-07,0.4816635251045227,0.7955574989318848,-0.14832696318626404,0.4945339262485504,0.858313262462616,-0.2554043233394623,0.5413941740989685,0.8729267120361328,-0.33767855167388916,0.5877959132194519,0.8516349792480469,-0.4239809513092041,0.6301823258399963,0.6479716300964355,-0.3045498728752136,0.6131501197814941,0.5423024892807007,-0.42951327562332153,0.5860744714736938,0.5067022442817688,-0.5177357792854309,0.5730770826339722,0.4877224266529083,-0.5737478733062744,0.6577590703964233,0.6208471059799194,-0.2808084487915039,0.713512659072876,0.6673837900161743,-0.4023784101009369,0.6640899777412415,0.7893219590187073,-0.4704827070236206,0.6028722524642944,0.8810078501701355,-0.5141972899436951,0.6644325852394104,0.6075661778450012,-0.2582486569881439,0.6972360014915466,0.6804970502853394,-0.37222281098365784,0.6476260423660278,0.7975469827651978,-0.41824814677238464,0.5979421138763428,0.8796916604042053,-0.43821629881858826,0.6594697833061218,0.6046299338340759,-0.24163009226322174,0.707139790058136,0.5993164777755737,-0.31161779165267944,0.6930317878723145,0.625273585319519,-0.33103808760643005,0.6707131266593933,0.648875892162323,-0.3431439995765686,K
0.38886353373527527,1.03983736038208,8.485032765292999e-08,0.3221082091331482,0.8944942355155945,-0.12404866516590118,0.33700212836265564,0.7021950483322144,-0.26244765520095825,0.37669000029563904,0.562093198299408,-0.38631656765937805,0.39104604721069336,0.46396520733833313,-0.5111561417579651,0.36389973759651184,0.7707380056381226,-0.36812660098075867,0.4062255024909973,0.646550178527832,-0.522337019443512,0.41910016536712646,0.5710287094116211,-0.6074228286743164,0.4203483462333679,0.520872175693512,-0.6527588963508606,0.4569835066795349,0.8465134501457214,-0.36258378624916077,0.5835428237915039,0.7286750674247742,-0.4918220043182373,0.5528315305709839,0.771475076675415,-0.5293578505516052,0.5042339563369751,0.840362548828125,-0.5669382214546204,0.5465230345726013,0.918525755405426,-0.35404014587402344,0.6559373140335083,0.7990185618400574,-0.4567951560020447,0.6050159931182861,0.8394101858139038,-0.4690898060798645,0.5431046485900879,0.8987390995025635,-0.4802514314651489,0.6113901138305664,0.9843308925628662,-0.35486921668052673,0.6873077750205994,0.8941829204559326,-0.4108068346977234,0.6564779877662659,0.9083781242370605,-0.41178691387176514,0.6165472865104675,0.9433149695396423,-0.4206107556819916,K
0.5864279866218567,0.6131972670555115,7.829921742086299e-07,0.5128121972084045,0.5356229543685913,-0.03378439322113991,0.47980767488479614,0.4418945610523224,-0.045274119824171066,0.50250244140625,0.3534854054450989,-0.057088229805231094,0.5157521367073059,0.2915107309818268,-0.06388453394174576,0.47091352939605713,0.3747510313987732,-0.017730558291077614,0.4543711543083191,0.2591594159603119,-0.050160497426986694,0.45028015971183777,0.1890869140625,-0.0693959966301918,0.4533040523529053,0.12782412767410278,-0.07926536351442337,0.5378508567810059,0.3770989179611206,-0.020380167290568352,0.5629516243934631,0.2579086124897003,-0.056230075657367706,0.5898791551589966,0.18022748827934265,-0.07680076360702515,0.6155867576599121,0.11207643151283264,-0.08474463224411011,0.5997236371040344,0.39886271953582764,-0.028246015310287476,0.6268439888954163,0.3465065360069275,-0.08158991485834122,0.6121712327003479,0.40534812211990356,-0.08512511849403381,0.5945410132408142,0.4570559561252594,-0.06766597926616669,0.6557726263999939,0.4300706386566162,-0.03861140459775925,0.6729090213775635,0.3867306709289551,-0.07592050731182098,0.6622856259346008,0.41811704635620117,-0.06951063126325607,0.6481832265853882,0.45228469371795654,-0.051808882504701614,K
0.4207187294960022,0.8120294213294983,7.014769494162465e-07,0.33119338750839233,0.7018940448760986,-0.046208351850509644,0.29267287254333496,0.5744367241859436,-0.06565473228693008,0.32922619581222534,0.46815621852874756,-0.0848756656050682,0.36396127939224243,0.38903993368148804,-0.0979032889008522,0.3266480565071106,0.4815801680088043,-0.027752352878451347,0.30733054876327515,0.3424193263053894,-0.07059620320796967,0.3023321032524109,0.2569514513015747,-0.09433012455701828,0.30734920501708984,0.18331608176231384,-0.10575046390295029,0.4085785746574402,0.49303221702575684,-0.030499938875436783,0.45044276118278503,0.3550485074520111,-0.08147582411766052,0.48315420746803284,0.2582223117351532,-0.10984769463539124,0.5171027183532715,0.18118500709533691,-0.12019485235214233,0.4800724685192108,0.5293983221054077,-0.03952520713210106,0.48654070496559143,0.4910687804222107,-0.11030909419059753,0.4397101402282715,0.5515234470367432,-0.11931150406599045,0.40751132369041443,0.6068198084831238,-0.10074658691883087,0.5405625104904175,0.5821559429168701,-0.05172143876552582,0.5306088924407959,0.5505825281143188,-0.10133759677410126,0.4979807138442993,0.596435010433197,-0.09577177464962006,0.4762515723705292,0.6448295712471008,-0.07558510452508926,K
0.42965203523635864,0.9152905941009521,4.309697487769881e-07,0.34322553873062134,0.8331283926963806,-0.06355082988739014,0.3181496262550354,0.7049049735069275,-0.07982677221298218,0.3575713634490967,0.5980528593063354,-0.0941629409790039,0.3857286870479584,0.5130077600479126,-0.10220173001289368,0.3555256128311157,0.5917065739631653,-0.026510613039135933,0.33913591504096985,0.45398038625717163,-0.06673131138086319,0.3317714333534241,0.37205398082733154,-0.08823158591985703,0.33368247747421265,0.2973330020904541,-0.09994116425514221,0.438279926776886,0.6040399670600891,-0.021341539919376373,0.47291868925094604,0.4734560251235962,-0.0752839669585228,0.5082930326461792,0.39156579971313477,-0.10644394904375076,0.5417441129684448,0.3216361403465271,-0.1184655949473381,0.5074257254600525,0.6418171525001526,-0.025352749973535538,0.5287947058677673,0.6277561783790588,-0.1111050695180893,0.4781110882759094,0.7200019955635071,-0.12464205175638199,0.43668025732040405,0.7869457602500916,-0.10562092810869217,0.5677800178527832,0.6939989328384399,-0.034047555178403854,0.5689520835876465,0.697371244430542,-0.10687392950057983,0.5251380801200867,0.7626583576202393,-0.1144445389509201,0.4872080087661743,0.8141059279441833,-0.10034205764532089,K
0.6832758784294128,0.9454622268676758,3.141826425689942e-07,0.5764681100845337,0.8896815776824951,-0.043981097638607025,0.5190063714981079,0.7614357471466064,-0.06036539003252983,0.5581940412521362,0.6474471688270569,-0.07818029075860977,0.6102296113967896,0.5744350552558899,-0.09346476942300797,0.5353286266326904,0.672815203666687,-0.026864511892199516,0.47431880235671997,0.5551337599754333,-0.06862097978591919,0.4347883462905884,0.4817599058151245,-0.0913849025964737,0.414108544588089,0.4149773120880127,-0.10436425358057022,0.615598738193512,0.6627734303474426,-0.033420924097299576,0.6148160696029663,0.5117124319076538,-0.08589406311511993,0.6145095229148865,0.41017478704452515,-0.11225777864456177,0.6192074418067932,0.3326908349990845,-0.12148487567901611,0.6925893425941467,0.6819812655448914,-0.045904602855443954,0.6748383045196533,0.6152743101119995,-0.12704966962337494,0.6349505186080933,0.7162272930145264,-0.13192996382713318,0.6172962188720703,0.7997989058494568,-0.10906881839036942,0.7686793208122253,0.718701958656311,-0.06067861616611481,0.7343920469284058,0.6683573722839355,-0.12514925003051758,0.6965004205703735,0.739912748336792,-0.11869829148054123,0.6820586919784546,0.8049964308738708,-0.09668102115392685,K
0.633259117603302,0.8326418399810791,1.6604678876319667e-07,0.5164769291877747,0.7832301259040833,-0.0552484467625618,0.4188849925994873,0.7279927730560303,-0.0914236530661583,0.32471853494644165,0.6806653141975403,-0.12580832839012146,0.24978885054588318,0.660780131816864,-0.1592763513326645,0.4712275564670563,0.5598188638687134,-0.03589098900556564,0.4394725561141968,0.4487047791481018,-0.07258068025112152,0.42963773012161255,0.3789212703704834,-0.09663747996091843,0.4262099266052246,0.3154328465461731,-0.11490751057863235,0.539946436882019,0.5527119636535645,-0.030280813574790955,0.5596495866775513,0.468561589717865,-0.07525185495615005,0.5655350089073181,0.5651930570602417,-0.07624504715204239,0.5583245754241943,0.6160628199577332,-0.06282015144824982,0.6107754707336426,0.5728031396865845,-0.03281211107969284,0.6319435238838196,0.5100444555282593,-0.0806078389286995,0.6236404776573181,0.6019718050956726,-0.061865486204624176,0.6036950945854187,0.6453845500946045,-0.034552738070487976,0.6699519753456116,0.6101762056350708,-0.04052161052823067,0.691320538520813,0.5515497922897339,-0.07231837511062622,0.6705746650695801,0.6135169267654419,-0.0551314651966095,0.6497470736503601,0.649858832359314,-0.0336553156375885,L
0.6062185764312744,0.8338276743888855,1.6542318803658418e-07,0.4838207960128784,0.7961316108703613,-0.06603280454874039,0.37764960527420044,0.7358816266059875,-0.10907335579395294,0.28082799911499023,0.687393844127655,-0.14928610622882843,0.20723950862884521,0.6603565216064453,-0.1884397566318512,0.4377153515815735,0.5440288186073303,-0.04960212484002113,0.40572217106819153,0.42398881912231445,-0.09398101270198822,0.3934405446052551,0.3480801284313202,-0.12018730491399765,0.3887215256690979,0.2792147696018219,-0.1392018049955368,0.5142108798027039,0.5416551232337952,-0.04507806897163391,0.5380527377128601,0.44528231024742126,-0.10324603319168091,0.5388636589050293,0.5512396693229675,-0.10629606246948242,0.5311390161514282,0.6071808934211731,-0.09046727418899536,0.5901889801025391,0.5635398626327515,-0.049915071576833725,0.6172277331352234,0.4923774302005768,-0.11046331375837326,0.6009297370910645,0.592871367931366,-0.08855529874563217,0.5796566605567932,0.6397116780281067,-0.05536003038287163,0.6556826233863831,0.6020796298980713,-0.060862947255373,0.6795133352279663,0.5408015251159668,-0.09988965839147568,0.6543821096420288,0.6085801124572754,-0.08050213754177094,0.6304367780685425,0.6464332342147827,-0.05562124028801918,L
0.660145103931427,0.8439874649047852,4.684746102157078e-07,0.5595108270645142,0.7993646860122681,-0.10034855455160141,0.46370917558670044,0.7334410548210144,-0.16510671377182007,0.3709281086921692,0.6581017971038818,-0.22209833562374115,0.2872958183288574,0.6159820556640625,-0.27526766061782837,0.5145686268806458,0.5342711210250854,-0.07594665139913559,0.5045937299728394,0.4053475856781006,-0.1288377195596695,0.5105822086334229,0.32559943199157715,-0.1590510457754135,0.5201119780540466,0.25616419315338135,-0.1793985813856125,0.5882418751716614,0.5358603596687317,-0.056729644536972046,0.6433859467506409,0.4631381630897522,-0.13142073154449463,0.6388533711433411,0.5732027292251587,-0.1395968645811081,0.6108111143112183,0.6243575811386108,-0.1225314810872078,0.6607482433319092,0.5595982670783997,-0.049569133669137955,0.7123845219612122,0.518939197063446,-0.12598486244678497,0.6906680464744568,0.620219349861145,-0.11178222298622131,0.6494031548500061,0.6616930961608887,-0.07901269197463989,0.7209598422050476,0.5949304103851318,-0.0508245974779129,0.7659154534339905,0.5641676783561707,-0.10012639313936234,0.7412473559379578,0.6335744857788086,-0.08790727704763412,0.7034345865249634,0.6676346659660339,-0.06481271982192993,L
0.6794254779815674,0.9037008881568909,1.1601238725233998e-07,0.560400128364563,0.8740655183792114,-0.06378673762083054,0.45968568325042725,0.8120703101158142,-0.10713247954845428,0.36014923453330994,0.7562223076820374,-0.14757730066776276,0.28327471017837524,0.7291530966758728,-0.18715184926986694,0.5041487216949463,0.6500591039657593,-0.05410432815551758,0.4880853295326233,0.5330029726028442,-0.10552120208740234,0.48759862780570984,0.4612646698951721,-0.1374189406633377,0.4889778792858124,0.39564967155456543,-0.15915483236312866,0.5722128748893738,0.6449326276779175,-0.047213781625032425,0.5899253487586975,0.5959038734436035,-0.10935379564762115,0.5980201363563538,0.7032985091209412,-0.11216051876544952,0.592162549495697,0.7465296387672424,-0.0981128141283989,0.6451618075370789,0.6612538695335388,-0.04897479712963104,0.6629272103309631,0.6301026940345764,-0.11199189722537994,0.6534368991851807,0.7328320145606995,-0.08800942450761795,0.6332500576972961,0.7689663171768188,-0.05533928796648979,0.7084518074989319,0.6902445554733276,-0.05650683119893074,0.7252969741821289,0.6650917530059814,-0.09658502787351608,0.7033162713050842,0.7410136461257935,-0.07474753260612488,0.6797550320625305,0.7722223997116089,-0.04829314351081848,L
0.6488872170448303,0.8882642984390259,5.232384410192026e-07,0.5493795275688171,0.8185733556747437,-0.10870881378650665,0.4534686505794525,0.7368395328521729,-0.18054501712322235,0.3591444790363312,0.6450752019882202,-0.24320834875106812,0.26559871435165405,0.5936332941055298,-0.30164599418640137,0.5313414335250854,0.5241621136665344,-0.09459821879863739,0.5390445590019226,0.3755452632904053,-0.15440352261066437,0.5605250597000122,0.2863098382949829,-0.18781186640262604,0.5809996128082275,0.21069124341011047,-0.20928412675857544,0.6118553876876831,0.5342170000076294,-0.07107765227556229,0.6852729916572571,0.4787403643131256,-0.1463269293308258,0.6630254983901978,0.6001766324043274,-0.14796938002109528,0.620751142501831,0.646414041519165,-0.12708474695682526,0.6898777484893799,0.5704125165939331,-0.060347605496644974,0.7540237903594971,0.5376514792442322,-0.13962645828723907,0.7170214056968689,0.6485312581062317,-0.11938824504613876,0.6629621982574463,0.6836332082748413,-0.08247075229883194,0.7509526014328003,0.6156978011131287,-0.05852063000202179,0.8076559901237488,0.5886823534965515,-0.10706287622451782,0.7693231105804443,0.6638903617858887,-0.08851826936006546,0.721980631351471,0.6945289969444275,-0.061233844608068466,L
0.7136452198028564,0.930128812789917,-1.2395750559335283e-07,0.583229124546051,0.9245894551277161,-0.11792057752609253,0.4557214379310608,0.8712986707687378,-0.23178520798683167,0.35148656368255615,0.8643704652786255,-0.3387008309364319,0.2598281502723694,0.8639244437217712,-0.45184850692749023,0.5452585220336914,0.6583852767944336,-0.29225701093673706,0.5392206311225891,0.40422192215919495,-0.44162243604660034,0.5781599283218384,0.2640092074871063,-0.5197581052780151,0.5947195887565613,0.14829197525978088,-0.5728338360786438,0.6890153288841248,0.6896837949752808,-0.29347681999206543,0.7570191025733948,0.630163848400116,-0.4562288224697113,0.6955307722091675,0.8573720455169678,-0.4444418251514435,0.6396157741546631,0.9129513502120972,-0.41034430265426636,0.811803936958313,0.7647296190261841,-0.3022359013557434,0.9029818177223206,0.7309128046035767,-0.46731463074684143,0.8317762613296509,0.9138154983520508,-0.405962735414505,0.7475302815437317,0.9577724933624268,-0.3345024883747101,0.907091498374939,0.8394201397895813,-0.31720778346061707,1.0276542901992798,0.8223438858985901,-0.4580262303352356,1.0640352964401245,0.9080944061279297,-0.4417010545730591,1.0770076513290405,0.9168578386306763,-0.40682253241539,L
0.4666651487350464,0.9845418334007263,-5.612056952486455e-07,0.3428371250629425,0.9286576509475708,-0.04654429480433464,0.24037277698516846,0.8200657367706299,-0.08398576825857162,0.15364307165145874,0.7318490743637085,-0.1255801022052765,0.0880456268787384,0.6841541528701782,-0.16606464982032776,0.34021955728530884,0.635990560054779,-0.034324388951063156,0.3144073784351349,0.4876461923122406,-0.08250635117292404,0.29695212841033936,0.3990953862667084,-0.10416316986083984,0.28414595127105713,0.32557907700538635,-0.12182391434907913,0.4190688729286194,0.6316084265708923,-0.044630229473114014,0.3413178324699402,0.5682882070541382,-0.11576779186725616,0.3290168344974518,0.6969558596611023,-0.11602312326431274,0.3598502278327942,0.7517727017402649,-0.0972643718123436,0.49667248129844666,0.6522424221038818,-0.06419755518436432,0.41346487402915955,0.6374529004096985,-0.13020391762256622,0.40284883975982666,0.7565836310386658,-0.10186907649040222,0.438579261302948,0.7869271039962769,-0.06775469332933426,0.568551778793335,0.6910468339920044,-0.0899641364812851,0.48690924048423767,0.686833381652832,-0.12787263095378876,0.46397146582603455,0.7728526592254639,-0.10770075023174286,0.4943986237049103,0.7984524965286255,-0.0843202993273735,L
0.5144459009170532,0.7277510166168213,-3.956647987024553e-08,0.4220719337463379,0.68780916929245,-0.0445527620613575,0.3466925024986267,0.6372627019882202,-0.07554128766059875,0.2828638553619385,0.5823696255683899,-0.10578353703022003,0.2268269807100296,0.5525881052017212,-0.1353905349969864,0.39939257502555847,0.5027021765708923,-0.027866180986166,0.3904811143875122,0.4133060574531555,-0.05766933411359787,0.3892298638820648,0.3595190644264221,-0.07646843791007996,0.3894340693950653,0.3103873133659363,-0.09062923491001129,0.4542892575263977,0.5044237971305847,-0.025612417608499527,0.4598766267299652,0.4527525305747986,-0.06739712506532669,0.457022100687027,0.5324342250823975,-0.07093378156423569,0.45293164253234863,0.5720778703689575,-0.0613505095243454,0.5097243189811707,0.5234909057617188,-0.029639238491654396,0.5151832103729248,0.48562899231910706,-0.07396364957094193,0.5028621554374695,0.5659841895103455,-0.05759734287858009,0.4905399978160858,0.6006361246109009,-0.03432183340191841,0.5602021813392639,0.5528362989425659,-0.03783664107322693,0.5621309280395508,0.5204212665557861,-0.0668918788433075,0.5401086807250977,0.5792985558509827,-0.05142243951559067,0.528062641620636,0.6094056367874146,-0.03250874951481819,L
0.6401458382606506,0.8319201469421387,2.985767935115291e-07,0.5244972705841064,0.7841052412986755,-0.09874994307756424,0.4232674241065979,0.6881155967712402,-0.1607486605644226,0.32906633615493774,0.6017070412635803,-0.2150549590587616,0.24525782465934753,0.5472257137298584,-0.2655407190322876,0.5040311813354492,0.49100637435913086,-0.08880192041397095,0.5101386308670044,0.3427981734275818,-0.15152336657047272,0.528400719165802,0.25097453594207764,-0.18452943861484528,0.5429911613464355,0.17207282781600952,-0.2059686779975891,0.5824261903762817,0.49765101075172424,-0.07500780373811722,0.6503864526748657,0.4282241761684418,-0.16597209870815277,0.6399703621864319,0.55535489320755,-0.172997385263443,0.6036190986633301,0.6075181365013123,-0.15103916823863983,0.6613494753837585,0.5268241167068481,-0.0730220377445221,0.7219212651252747,0.4969199001789093,-0.16521693766117096,0.6930323243141174,0.6119229793548584,-0.14436636865139008,0.645650327205658,0.6477305293083191,-0.10381775349378586,0.72967529296875,0.5686858892440796,-0.07884693145751953,0.776435136795044,0.5434890389442444,-0.13750845193862915,0.7422385811805725,0.6260708570480347,-0.11898761987686157,0.6950522661209106,0.6560963988304138,-0.0892401784658432,L
0.6265840530395508,0.798386812210083,3.5808142229143414e-07,0.5224528312683105,0.7420258522033691,-0.10059458017349243,0.4413711428642273,0.6580569744110107,-0.15427468717098236,0.37085917592048645,0.5811597108840942,-0.19900275766849518,0.2957403361797333,0.5288511514663696,-0.24028849601745605,0.5232680439949036,0.48368051648139954,-0.07393970340490341,0.536126971244812,0.35044753551483154,-0.12192769348621368,0.5546928644180298,0.2729564905166626,-0.15036532282829285,0.570991039276123,0.20502597093582153,-0.17030075192451477,0.6018863320350647,0.5000006556510925,-0.054523762315511703,0.6682029962539673,0.44149819016456604,-0.13947908580303192,0.6564350128173828,0.5500856637954712,-0.1593550145626068,0.6236830353736877,0.6100695133209229,-0.14839211106300354,0.6699690818786621,0.53339684009552,-0.04636573791503906,0.7246884107589722,0.5053789019584656,-0.1340189129114151,0.695248007774353,0.6055681705474854,-0.1292445808649063,0.6536985039710999,0.6496167778968811,-0.09958232194185257,0.7226325273513794,0.5720179080963135,-0.04594098776578903,0.7672451138496399,0.552916944026947,-0.10434833914041519,0.7373682856559753,0.6245763301849365,-0.09807441383600235,0.701019287109375,0.6606893539428711,-0.07761933654546738,L
0.7134819626808167,0.7738460898399353,3.720424501807429e-08,0.6160070300102234,0.7340856790542603,-0.060684774070978165,0.5268010497093201,0.6738801002502441,-0.1016547828912735,0.4404258131980896,0.6144566535949707,-0.138456791639328,0.371473491191864,0.5767661333084106,-0.17343111336231232,0.5618395209312439,0.521521270275116,-0.05661729723215103,0.5496683716773987,0.41362717747688293,-0.10474856197834015,0.5506160855293274,0.3456476926803589,-0.13120587170124054,0.5506049990653992,0.28614091873168945,-0.14729321002960205,0.6213861107826233,0.5186509490013123,-0.047036316245794296,0.640848696231842,0.4623768925666809,-0.09737509489059448,0.6433408856391907,0.5615027546882629,-0.09171530604362488,0.6314634680747986,0.5970152616500854,-0.07344745844602585,0.6882538795471191,0.5352376699447632,-0.04603474587202072,0.7068158388137817,0.4928610920906067,-0.10477542132139206,0.6949658989906311,0.587594211101532,-0.08023212105035782,0.6719011068344116,0.619947075843811,-0.04738922044634819,0.7461110949516296,0.5626303553581238,-0.04966820403933525,0.7603244781494141,0.5280624628067017,-0.08900856971740723,0.739910364151001,0.5981829762458801,-0.06845439225435257,0.7199000716209412,0.6286354064941406,-0.0430731438100338,L
0.8415841460227966,0.6610299348831177,1.060130685459626e-07,0.7679519057273865,0.6361506581306458,-0.04731656238436699,0.6996060013771057,0.5844866633415222,-0.07727406173944473,0.643151581287384,0.5351410508155823,-0.10303809493780136,0.5903284549713135,0.5047404766082764,-0.12782169878482819,0.7175791263580322,0.46192702651023865,-0.0511254221200943,0.7061729431152344,0.37125539779663086,-0.08520281314849854,0.7098903656005859,0.3173369765281677,-0.1069401279091835,0.7146050930023193,0.2682155966758728,-0.12278201431035995,0.7707914710044861,0.45895296335220337,-0.04646122083067894,0.8037316203117371,0.4101663827896118,-0.08964185416698456,0.8070873022079468,0.486161470413208,-0.09478847682476044,0.7904754281044006,0.5256579518318176,-0.08785593509674072,0.8248958587646484,0.47071632742881775,-0.04679453372955322,0.8527570962905884,0.43623897433280945,-0.09238980710506439,0.8432192206382751,0.5097142457962036,-0.07901190221309662,0.8196396231651306,0.541038453578949,-0.05876636132597923,0.8702590465545654,0.49033594131469727,-0.05069822072982788,0.8927976489067078,0.46073538064956665,-0.08196817338466644,0.8783717751502991,0.5157626867294312,-0.0683794841170311,0.8570113182067871,0.5439357161521912,-0.05135200172662735,L
0.79258131980896,0.8014531135559082,-7.449569494610842e-08,0.6921750903129578,0.7357915639877319,-0.05052940547466278,0.6119004487991333,0.6652077436447144,-0.09104034304618835,0.5451089143753052,0.5891764760017395,-0.13210201263427734,0.48651620745658875,0.5418792366981506,-0.17253823578357697,0.6918038129806519,0.5071634650230408,-0.03468174859881401,0.6966150403022766,0.4002281725406647,-0.07978502660989761,0.7056411504745483,0.33233174681663513,-0.10490734875202179,0.7135565876960754,0.27528053522109985,-0.12077639997005463,0.7589934468269348,0.5207270979881287,-0.033323876559734344,0.772483766078949,0.46482419967651367,-0.08361556380987167,0.7527503967285156,0.5703985691070557,-0.07815553992986679,0.7429548501968384,0.6067705154418945,-0.05892912670969963,0.8277229070663452,0.5537473559379578,-0.040912333875894547,0.838997483253479,0.5094637274742126,-0.09693774580955505,0.8072795271873474,0.6064473390579224,-0.06822462379932404,0.7872267365455627,0.638717532157898,-0.03296337649226189,0.8876997828483582,0.5987303853034973,-0.0533076748251915,0.8953171968460083,0.562364935874939,-0.08908633887767792,0.8550232648849487,0.6293231844902039,-0.06529320031404495,0.8335791826248169,0.6574917435646057,-0.037912458181381226,L
0.775077223777771,0.5820139050483704,1.1680463529728513e-07,0.7398413419723511,0.5396082401275635,-0.03774883598089218,0.7091723084449768,0.4933883547782898,-0.05879564955830574,0.6792497634887695,0.4435742497444153,-0.07520715892314911,0.6408677697181702,0.4154466390609741,-0.08925245702266693,0.7201176881790161,0.4009009897708893,-0.03555452078580856,0.721263587474823,0.32384926080703735,-0.060337506234645844,0.7313699126243591,0.28167134523391724,-0.0756397545337677,0.7425379157066345,0.245741069316864,-0.08589719980955124,0.7585898041725159,0.40549173951148987,-0.028958968818187714,0.7988566160202026,0.3679119646549225,-0.05609574913978577,0.7923083901405334,0.42475003004074097,-0.055971309542655945,0.7740073800086975,0.44828104972839355,-0.048109911382198334,0.7949013710021973,0.4212113916873932,-0.026899054646492004,0.829921305179596,0.3991585373878479,-0.05602351948618889,0.8136192560195923,0.45024073123931885,-0.04538456350564957,0.7862485647201538,0.4664705991744995,-0.030021823942661285,0.818352222442627,0.4428625702857971,-0.02815939113497734,0.8452472686767578,0.4287749230861664,-0.04685094207525253,0.8317334055900574,0.4639318287372589,-0.036211416125297546,0.8078534007072449,0.4791993200778961,-0.023233547806739807,L
0.6530519127845764,0.8489066362380981,1.583517104108978e-07,0.5337785482406616,0.8041383028030396,-0.05784386023879051,0.43432921171188354,0.7427849173545837,-0.0951547771692276,0.343650758266449,0.693289041519165,-0.13033367693424225,0.2719506621360779,0.6686723232269287,-0.16481216251850128,0.492956280708313,0.5695921182632446,-0.03977297991514206,0.46358442306518555,0.45904475450515747,-0.07871461659669876,0.4539608359336853,0.38898128271102905,-0.10207543522119522,0.4501696825027466,0.3248898983001709,-0.11945880204439163,0.5655394792556763,0.5655512809753418,-0.03607272356748581,0.5884369015693665,0.47853565216064453,-0.08669973164796829,0.5923499464988708,0.5809442400932312,-0.08781960606575012,0.5838621854782104,0.6309165954589844,-0.07245968282222748,0.6388868093490601,0.5873401165008545,-0.04096897318959236,0.663642168045044,0.522469162940979,-0.09651612490415573,0.652132511138916,0.6180033683776855,-0.0769551694393158,0.6309589743614197,0.6605234742164612,-0.046860065311193466,0.7021644115447998,0.6267533302307129,-0.05089625343680382,0.7245937585830688,0.5678958296775818,-0.08787649869918823,0.7028201818466187,0.6318696737289429,-0.07023900747299194,0.6792463064193726,0.6665383577346802,-0.04726635664701462,L
0.738195538520813,0.8975367546081543,1.686825754632082e-07,0.5978647470474243,0.8542085886001587,-0.07766994833946228,0.47683650255203247,0.7830770015716553,-0.12438160181045532,0.3680998980998993,0.7224804162979126,-0.16657380759716034,0.28390073776245117,0.6856726408004761,-0.20712289214134216,0.5461950898170471,0.5715524554252625,-0.057025328278541565,0.5137374997138977,0.44015535712242126,-0.10517692565917969,0.5032463669776917,0.35498619079589844,-0.13279452919960022,0.49860209226608276,0.27874597907066345,-0.15260128676891327,0.6321694254875183,0.5645354986190796,-0.0482654795050621,0.6622772216796875,0.4613005220890045,-0.10997958481311798,0.6641663312911987,0.5783320665359497,-0.11162353307008743,0.6535430550575256,0.6377099752426147,-0.09289434552192688,0.7182592749595642,0.5875692367553711,-0.050235018134117126,0.7500060796737671,0.5183586478233337,-0.11879940330982208,0.7332935333251953,0.6314306855201721,-0.09741178154945374,0.7065219879150391,0.679831862449646,-0.06199343129992485,0.7925108075141907,0.6311364769935608,-0.05887402594089508,0.8185251951217651,0.5697641372680664,-0.10554232448339462,0.7921088337898254,0.6482542753219604,-0.0867103710770607,0.7647569179534912,0.6893921494483948,-0.06006226688623428,L
0.7370797395706177,0.8038613200187683,1.9231981696066214e-07,0.5974025726318359,0.7316410541534424,-0.07159934192895889,0.4941612482070923,0.6574530601501465,-0.11089196801185608,0.3959728479385376,0.5663157105445862,-0.1475900113582611,0.31594955921173096,0.5103883743286133,-0.18098381161689758,0.5547109246253967,0.4738544821739197,-0.014630631543695927,0.5504646301269531,0.33903712034225464,-0.06306596100330353,0.5555778741836548,0.25755611062049866,-0.09500821679830551,0.5632780194282532,0.18146753311157227,-0.11585033684968948,0.631193220615387,0.4773869514465332,0.0008851909078657627,0.65465247631073,0.3901924788951874,-0.05999404564499855,0.6523363590240479,0.5107631087303162,-0.06342221051454544,0.639249861240387,0.5581717491149902,-0.045310258865356445,0.7130333185195923,0.5052281618118286,0.0036339375656098127,0.7348147630691528,0.43788450956344604,-0.06745442748069763,0.7142737507820129,0.5561853647232056,-0.045218124985694885,0.686856746673584,0.5998880863189697,-0.006793178617954254,0.7834340929985046,0.54369056224823,0.0004042518266942352,0.8039199113845825,0.49602580070495605,-0.0438506193459034,0.7697603702545166,0.5810366272926331,-0.022816907614469528,0.7448896169662476,0.6189780831336975,0.006326225120574236,L
0.7557443976402283,0.779973030090332,-7.390308098820242e-08,0.5711475610733032,0.7438030242919922,-0.07670971006155014,0.4142184555530548,0.6613149642944336,-0.12935197353363037,0.2787463665008545,0.5770047903060913,-0.1772461235523224,0.17452660202980042,0.514639675617218,-0.22317685186862946,0.467898428440094,0.413566917181015,-0.06614229828119278,0.4278353452682495,0.25147607922554016,-0.14070971310138702,0.41194355487823486,0.1390564739704132,-0.18527792394161224,0.3967682123184204,0.04236611723899841,-0.21256083250045776,0.564508855342865,0.4021816849708557,-0.05437071993947029,0.5448353886604309,0.28793472051620483,-0.1169370487332344,0.5686184167861938,0.4543028473854065,-0.09712649136781693,0.5809540748596191,0.5224530100822449,-0.06156490743160248,0.6758209466934204,0.4177432954311371,-0.0560639351606369,0.6638906002044678,0.32427722215652466,-0.1288304626941681,0.6665791273117065,0.49077704548835754,-0.08086181432008743,0.6614462733268738,0.5512043237686157,-0.026637904345989227,0.7785710096359253,0.4513738751411438,-0.06446798145771027,0.7644954323768616,0.38074061274528503,-0.11532428860664368,0.7390879392623901,0.5032873749732971,-0.0799158588051796,0.7297601699829102,0.5563449859619141,-0.03994148224592209,L
0.8891651034355164,0.7290201187133789,-8.970073395175859e-08,0.7134355306625366,0.6617138981819153,-0.06355151534080505,0.5798678994178772,0.6096974611282349,-0.10557090491056442,0.4609241485595703,0.5228778123855591,-0.14284688234329224,0.36642396450042725,0.46119940280914307,-0.1724928766489029,0.6199871897697449,0.3754921853542328,-0.02920679561793804,0.5886541604995728,0.23173591494560242,-0.10011443495750427,0.5802170038223267,0.13698802888393402,-0.1441497653722763,0.5762631893157959,0.04713788628578186,-0.16942568123340607,0.7103326320648193,0.3617376387119293,-0.017886970192193985,0.7145630717277527,0.26634544134140015,-0.07569640129804611,0.73157799243927,0.41805168986320496,-0.060678765177726746,0.7322418093681335,0.48021748661994934,-0.031202204525470734,0.8106364607810974,0.3810942471027374,-0.020258206874132156,0.8199467658996582,0.30035287141799927,-0.08955015242099762,0.8137022852897644,0.44986653327941895,-0.04395940899848938,0.7938372492790222,0.49878084659576416,0.007983050309121609,0.9015353322029114,0.4245378077030182,-0.028030822053551674,0.9118595123291016,0.3519430458545685,-0.06846072524785995,0.8832707405090332,0.46462249755859375,-0.027358153834939003,0.8589732050895691,0.510701596736908,0.014798338524997234,L
0.739800214767456,0.6910617351531982,1.1698714530439247e-07,0.6483529806137085,0.6689673662185669,-0.04991336911916733,0.5760786533355713,0.6111074090003967,-0.08183569461107254,0.5175029635429382,0.5578570365905762,-0.1103057712316513,0.4616994261741638,0.5250540971755981,-0.13809730112552643,0.6169637441635132,0.4788806438446045,-0.04926683008670807,0.6111497282981873,0.38142648339271545,-0.08845105767250061,0.6154136657714844,0.32217973470687866,-0.11080117523670197,0.6199756860733032,0.2694326937198639,-0.125993549823761,0.6783120632171631,0.48094290494918823,-0.04777345806360245,0.7117652893066406,0.42684537172317505,-0.102898970246315,0.7082235217094421,0.5122348666191101,-0.10831869393587112,0.6918338537216187,0.5538890361785889,-0.09661951661109924,0.7374897599220276,0.4998222589492798,-0.0522688627243042,0.7698532342910767,0.46372249722480774,-0.11160049587488174,0.7496572732925415,0.5455009937286377,-0.09509879350662231,0.7214528322219849,0.5780187249183655,-0.06761892139911652,0.7869143486022949,0.5288287997245789,-0.06015470623970032,0.809298038482666,0.5025482773780823,-0.10007216781377792,0.7881450057029724,0.5624387264251709,-0.08396325260400772,0.7626835107803345,0.588903546333313,-0.06180000677704811,L
0.68669593334198,0.8153625726699829,-1.1170656222247999e-07,0.5607114434242249,0.7661599516868591,-0.06100515276193619,0.45517486333847046,0.7000085711479187,-0.10296772420406342,0.3465616703033447,0.6374621391296387,-0.142392098903656,0.26650896668434143,0.5987622141838074,-0.17792028188705444,0.49430280923843384,0.516693651676178,-0.04811596870422363,0.4671342372894287,0.3986431956291199,-0.11318907886743546,0.45575302839279175,0.3209397792816162,-0.14696316421031952,0.4516565501689911,0.25183504819869995,-0.16477720439434052,0.5670801997184753,0.5122256875038147,-0.03974723443388939,0.5615355968475342,0.44625645875930786,-0.09864188730716705,0.5736043453216553,0.5710315704345703,-0.08193222433328629,0.5814778208732605,0.6070196628570557,-0.051502857357263565,0.6492491960525513,0.5286797881126404,-0.043807726353406906,0.64570552110672,0.48330065608024597,-0.11026432365179062,0.6402031183242798,0.5996347665786743,-0.07263140380382538,0.6360496282577515,0.6274759769439697,-0.02734307199716568,0.7215341925621033,0.5594956874847412,-0.053410571068525314,0.7189247608184814,0.5224667191505432,-0.0934109091758728,0.6950279474258423,0.607388973236084,-0.06395723670721054,0.6861123442649841,0.6373063325881958,-0.030167231336236,L
0.4617175757884979,0.6353249549865723,-5.133729885642424e-09,0.4125500023365021,0.6060277223587036,-0.02520817704498768,0.37064260244369507,0.5588010549545288,-0.0435146763920784,0.34144920110702515,0.520228385925293,-0.06178762763738632,0.30849456787109375,0.4999673366546631,-0.08044803887605667,0.4068572521209717,0.48018595576286316,-0.027566147968173027,0.4018882215023041,0.418201208114624,-0.04811696708202362,0.40709948539733887,0.3805578351020813,-0.06138966977596283,0.4143298268318176,0.3480161428451538,-0.07179494947195053,0.449889600276947,0.484306275844574,-0.03010583110153675,0.476669579744339,0.45474186539649963,-0.06095106899738312,0.47091734409332275,0.5027124285697937,-0.068358413875103,0.4561549127101898,0.5309625864028931,-0.06645805388689041,0.4864734709262848,0.4997435510158539,-0.035080816596746445,0.5076000094413757,0.4806620180606842,-0.06525196135044098,0.4946645498275757,0.5255210995674133,-0.059340156614780426,0.4748416244983673,0.5491840839385986,-0.048154279589653015,0.514872133731842,0.5214222073554993,-0.04217411205172539,0.5285720229148865,0.5042248368263245,-0.06097946688532829,0.5155134201049805,0.5355761647224426,-0.05269512161612511,0.49828609824180603,0.5552685856819153,-0.04238581284880638,L
0.5809131264686584,0.7613492012023926,2.8346531166789646e-07,0.4845067262649536,0.7126303911209106,-0.0722355991601944,0.40252768993377686,0.6420919299125671,-0.12293162196874619,0.33174997568130493,0.5685555934906006,-0.16881780326366425,0.26456114649772644,0.5225421190261841,-0.2127741277217865,0.47205013036727905,0.4779065251350403,-0.06353961676359177,0.47272536158561707,0.36458903551101685,-0.1060400903224945,0.4846775531768799,0.2921786904335022,-0.12855155766010284,0.49541667103767395,0.23215323686599731,-0.14354465901851654,0.5396741032600403,0.4855664372444153,-0.05365138500928879,0.5843990445137024,0.4326285719871521,-0.10952174663543701,0.5686760544776917,0.5331333875656128,-0.10906164348125458,0.545106828212738,0.5753186941146851,-0.09143061190843582,0.6032616496086121,0.5138134360313416,-0.05242723226547241,0.6439884901046753,0.4813295006752014,-0.1121889054775238,0.6160373687744141,0.5683287382125854,-0.09406327456235886,0.5813876390457153,0.6007533073425293,-0.06456557661294937,0.655394434928894,0.5515138506889343,-0.056911323219537735,0.6828337907791138,0.5234761238098145,-0.09511782228946686,0.6551532745361328,0.5837480425834656,-0.0783589780330658,0.6263040900230408,0.6114776134490967,-0.05530824139714241,L
0.571911096572876,0.8472139835357666,1.0750900969469512e-07,0.4349448084831238,0.7995033264160156,-0.06973110139369965,0.31651443243026733,0.7257253527641296,-0.1158553808927536,0.20516806840896606,0.6674549579620361,-0.15898416936397552,0.1176721453666687,0.6400375366210938,-0.20107005536556244,0.3905055522918701,0.5216343998908997,-0.058468181639909744,0.3596532344818115,0.3851645886898041,-0.11043492704629898,0.3487143814563751,0.2987322211265564,-0.14012619853019714,0.3440340757369995,0.2206542193889618,-0.16081012785434723,0.47501203417778015,0.5187879800796509,-0.05383219197392464,0.5039450526237488,0.41744691133499146,-0.11714387685060501,0.5017716288566589,0.5343253016471863,-0.1174888089299202,0.4914863705635071,0.5909808278083801,-0.09874352812767029,0.5595977306365967,0.543776273727417,-0.059121690690517426,0.5909374356269836,0.47547557950019836,-0.12680156528949738,0.5696287751197815,0.5839937925338745,-0.10284696519374847,0.5443475246429443,0.6283879280090332,-0.06698295474052429,0.6320610046386719,0.5859862565994263,-0.07053305208683014,0.6584049463272095,0.5268453359603882,-0.11354760825634003,0.627856969833374,0.6028333306312561,-0.09123080968856812,0.6006737351417542,0.6416720747947693,-0.06357698142528534,L
0.70574951171875,0.9100090861320496,1.9835069142715156e-09,0.575002133846283,0.8750312924385071,-0.06423856317996979,0.4679979085922241,0.805824875831604,-0.1090659350156784,0.36716482043266296,0.7421247363090515,-0.15152607858181,0.2881139814853668,0.712057888507843,-0.1929825097322464,0.5215959548950195,0.630844235420227,-0.05844508111476898,0.5089735984802246,0.5005877614021301,-0.1097777783870697,0.5110123753547668,0.4256129264831543,-0.1385650336742401,0.5099235773086548,0.3558425307273865,-0.15772750973701477,0.5928872227668762,0.6297896504402161,-0.05296897515654564,0.6169803142547607,0.5786698460578918,-0.11498754471540451,0.6225690841674805,0.6947172284126282,-0.1138530820608139,0.6104752421379089,0.7355645298957825,-0.09704284369945526,0.6689093112945557,0.6497753858566284,-0.056371890008449554,0.6916264891624451,0.6147403120994568,-0.12514866888523102,0.6793528199195862,0.7271215319633484,-0.10001304745674133,0.6542918682098389,0.764855146408081,-0.06529805064201355,0.7367194890975952,0.6816942095756531,-0.06496730446815491,0.7554734945297241,0.6500958204269409,-0.10855235904455185,0.7332038283348083,0.7335425019264221,-0.08499428629875183,0.7062495350837708,0.7700784206390381,-0.05674615502357483,L
0.7467749118804932,0.9067085981369019,2.2605689764532144e-08,0.6115778088569641,0.8902003765106201,-0.06855820119380951,0.48958349227905273,0.8056851029396057,-0.1139281839132309,0.3835783302783966,0.7440750598907471,-0.15687979757785797,0.29831376671791077,0.7122992277145386,-0.19941408932209015,0.5520012378692627,0.6216796636581421,-0.06494179368019104,0.5336427688598633,0.48254111409187317,-0.12218693643808365,0.5331012010574341,0.40021151304244995,-0.1536557972431183,0.5336993932723999,0.32432329654693604,-0.17544029653072357,0.6310032606124878,0.6217775344848633,-0.06445544958114624,0.6580884456634521,0.5657268166542053,-0.14502225816249847,0.6636880040168762,0.690543532371521,-0.1508023589849472,0.6544363498687744,0.7369416952133179,-0.13411903381347656,0.7126912474632263,0.642522394657135,-0.07328366488218307,0.7400660514831543,0.6053196787834167,-0.15542052686214447,0.7266377210617065,0.7236879467964172,-0.12840962409973145,0.7040114998817444,0.7612306475639343,-0.08944960683584213,0.7899460792541504,0.677192747592926,-0.08789797127246857,0.8096542358398438,0.6430100202560425,-0.14091864228248596,0.788222074508667,0.7318375706672668,-0.11615125834941864,0.7619993686676025,0.7667819261550903,-0.08489910513162613,L
0.5894912481307983,0.8742284178733826,-3.9585778210948774e-08,0.4713311791419983,0.8515385985374451,-0.06753718852996826,0.3551194667816162,0.7687028646469116,-0.11266641318798065,0.2507673501968384,0.7034943103790283,-0.15495845675468445,0.16929200291633606,0.6643661856651306,-0.19492806494235992,0.41183552145957947,0.5872302651405334,-0.05858767032623291,0.38574790954589844,0.4634201228618622,-0.11765347421169281,0.3691464066505432,0.37812578678131104,-0.1458677351474762,0.3612566590309143,0.3087615966796875,-0.16312465071678162,0.4858408272266388,0.5776050686836243,-0.053102534264326096,0.4646107852458954,0.5174473524093628,-0.11605258285999298,0.46920615434646606,0.6446586847305298,-0.10059595853090286,0.4846478998661041,0.6790327429771423,-0.07028946280479431,0.565937876701355,0.5920686721801758,-0.05922872573137283,0.5495724081993103,0.5619083642959595,-0.12472127377986908,0.540795087814331,0.674350917339325,-0.08442553877830505,0.5476028919219971,0.6978636980056763,-0.03868306800723076,0.6432766318321228,0.6256328821182251,-0.07228199392557144,0.6197201609611511,0.6064633727073669,-0.11049336194992065,0.5981982946395874,0.6861140727996826,-0.08053222298622131,0.5984768867492676,0.7086175680160522,-0.047436125576496124,L
0.540584921836853,0.6997160911560059,1.0583994480839465e-07,0.4587228000164032,0.6903193593025208,-0.04917975887656212,0.38279959559440613,0.6530364751815796,-0.08243270218372345,0.313822865486145,0.6142591834068298,-0.11144508421421051,0.2591091990470886,0.5878772139549255,-0.1389724165201187,0.40209054946899414,0.5324544310569763,-0.04740333557128906,0.3810955882072449,0.45253786444664,-0.08698506653308868,0.3737740218639374,0.39956673979759216,-0.10926970094442368,0.3654056489467621,0.35049545764923096,-0.12298395484685898,0.44960030913352966,0.5254200100898743,-0.03910541534423828,0.44935229420661926,0.4753143787384033,-0.0777050107717514,0.4620182514190674,0.5536960363388062,-0.07143299281597137,0.4631953239440918,0.5818015933036804,-0.05550612136721611,0.5019211173057556,0.5315871834754944,-0.0378631129860878,0.5033810138702393,0.49503567814826965,-0.08082935214042664,0.503811776638031,0.5709241628646851,-0.060037944465875626,0.4963887929916382,0.5950556993484497,-0.03396792709827423,0.5511575937271118,0.5452179312705994,-0.04062512144446373,0.5529892444610596,0.5174562335014343,-0.06864731013774872,0.5426527261734009,0.5732032060623169,-0.052516352385282516,0.5334674119949341,0.5956653356552124,-0.033324550837278366,L
0.7199474573135376,0.9402930736541748,4.873191983278957e-07,0.6041715741157532,0.8878263831138611,-0.10441551357507706,0.4980925917625427,0.8166242241859436,-0.16459891200065613,0.3943808376789093,0.7402871251106262,-0.2151849865913391,0.30247926712036133,0.6897942423820496,-0.260776549577713,0.5483829975128174,0.6091266870498657,-0.07213501632213593,0.5350868701934814,0.4698566794395447,-0.1196945384144783,0.5386955142021179,0.3856605589389801,-0.14466458559036255,0.5430641174316406,0.3101373016834259,-0.16168929636478424,0.6258251667022705,0.6102944612503052,-0.04700891301035881,0.6731282472610474,0.5311511158943176,-0.11320245265960693,0.6725601553916931,0.6481581926345825,-0.115274578332901,0.6475723385810852,0.697405219078064,-0.09598808735609055,0.7038748264312744,0.6359800100326538,-0.03484330326318741,0.7501594424247742,0.5834101438522339,-0.10989779978990555,0.7333453893661499,0.693693220615387,-0.09222502261400223,0.6943722367286682,0.7348645925521851,-0.05761092156171799,0.7669099569320679,0.6713199615478516,-0.030970735475420952,0.806199312210083,0.6287845969200134,-0.08106653392314911,0.7844304442405701,0.7043379545211792,-0.06676977127790451,0.7522244453430176,0.7405587434768677,-0.04246538504958153,L
0.6604933738708496,0.7849693298339844,3.1621758012079226e-07,0.564751386642456,0.7335991859436035,-0.09427650272846222,0.48743557929992676,0.6510082483291626,-0.15156500041484833,0.42089927196502686,0.5703036189079285,-0.20182301104068756,0.35068365931510925,0.518595814704895,-0.24864552915096283,0.5685384273529053,0.47489485144615173,-0.07666613906621933,0.5851253867149353,0.34210535883903503,-0.12925507128238678,0.6069185733795166,0.262607216835022,-0.1577010452747345,0.6281566023826599,0.19620031118392944,-0.17669087648391724,0.6402410864830017,0.48856157064437866,-0.06111670657992363,0.7115420699119568,0.4346412420272827,-0.14524920284748077,0.6963750720024109,0.5446971654891968,-0.1568320393562317,0.66136634349823,0.5975754857063293,-0.13983386754989624,0.7063403129577637,0.5203852653503418,-0.056561533361673355,0.7667424082756042,0.5001057982444763,-0.13999217748641968,0.7343525290489197,0.5974942445755005,-0.12555907666683197,0.6888710260391235,0.6354877352714539,-0.09076309949159622,0.7598031759262085,0.5614322423934937,-0.05991923436522484,0.8073734045028687,0.544704794883728,-0.11459875851869583,0.7747179865837097,0.6127187013626099,-0.10295393317937851,0.7328124642372131,0.6417682766914368,-0.07895630598068237,L
0.5312846302986145,0.6310931444168091,-9.217092724611575e-07,0.45921170711517334,0.5768345594406128,-0.06587713956832886,0.42216384410858154,0.5147149562835693,-0.11949504911899567,0.4464449882507324,0.4954550266265869,-0.163129985332489,0.48330867290496826,0.5009232759475708,-0.1980389803647995,0.47045475244522095,0.3159712553024292,-0.10604340583086014,0.495167076587677,0.39010998606681824,-0.16884064674377441,0.4819487929344177,0.4951236844062805,-0.20193631947040558,0.4565921127796173,0.5788941979408264,-0.2177964150905609,0.5640490651130676,0.3217390179634094,-0.10076939314603806,0.5933660268783569,0.4023301601409912,-0.16154704988002777,0.5559956431388855,0.5186160802841187,-0.17405001819133759,0.5148953795433044,0.602766215801239,-0.17236796021461487,0.6422028541564941,0.36287787556648254,-0.09959464520215988,0.6566969156265259,0.45318126678466797,-0.15457361936569214,0.6101424098014832,0.5517423152923584,-0.14342834055423737,0.5652309656143188,0.6141400337219238,-0.12517262995243073,0.7003641724586487,0.42512452602386475,-0.10466040670871735,0.6891679763793945,0.5071463584899902,-0.14351896941661835,0.6407811641693115,0.5767800807952881,-0.1356274038553238,0.6036392450332642,0.6134763956069946,-0.11999166011810303,M
0.6377233862876892,0.8362456560134888,-1.3672168961420539e-06,0.48549774289131165,0.8297830820083618,-0.1259758174419403,0.3685581684112549,0.7440012693405151,-0.21424174308776855,0.342710018157959,0.6868382096290588,-0.28606176376342773,0.33065345883369446,0.641330897808075,-0.35317742824554443,0.3567781150341034,0.4855688512325287,-0.2174394577741623,0.3081268072128296,0.46536949276924133,-0.35103631019592285,0.3282906711101532,0.640384316444397,-0.41903629899024963,0.347423791885376,0.7710094451904297,-0.451097697019577,0.49675390124320984,0.4460814595222473,-0.21405446529388428,0.44724297523498535,0.3907899558544159,-0.3659727871417999,0.45798248052597046,0.602716326713562,-0.4073944389820099,0.47608816623687744,0.754650354385376,-0.40979042649269104,0.6285015344619751,0.4523123502731323,-0.2212546318769455,0.6057985424995422,0.38461917638778687,-0.36484500765800476,0.5903116464614868,0.572846531867981,-0.3654097318649292,0.5784699320793152,0.7180415391921997,-0.3402453064918518,0.7449215054512024,0.4883987009525299,-0.23571766912937164,0.7217047214508057,0.5068066120147705,-0.35748806595802307,0.6837058067321777,0.6484671235084534,-0.3696030080318451,0.6565749645233154,0.7419863939285278,-0.35686323046684265,M
0.5146597027778625,0.6345964670181274,-6.474367069131404e-07,0.42073744535446167,0.6211993098258972,-0.0967734307050705,0.3721902072429657,0.6158024072647095,-0.17521531879901886,0.39181631803512573,0.6569669246673584,-0.2387661337852478,0.42525696754455566,0.6867563724517822,-0.2957165241241455,0.45284903049468994,0.4368342161178589,-0.1911896914243698,0.47200143337249756,0.5531582832336426,-0.270760715007782,0.4573790431022644,0.6700462698936462,-0.30515170097351074,0.4298836588859558,0.7488996386528015,-0.3211553394794464,0.5616309642791748,0.4443046748638153,-0.17564333975315094,0.570913553237915,0.5779291391372681,-0.250141441822052,0.5308512449264526,0.7069143056869507,-0.2639322578907013,0.48476994037628174,0.7871695160865784,-0.2683449983596802,0.6423608660697937,0.4827977120876312,-0.16166605055332184,0.6437305808067322,0.6074174046516418,-0.23881566524505615,0.5821427702903748,0.7277664542198181,-0.22785943746566772,0.5262141823768616,0.796430230140686,-0.20872138440608978,0.6953217387199402,0.5366504192352295,-0.15471267700195312,0.6824442148208618,0.6421144604682922,-0.2122553586959839,0.6266762614250183,0.7210041284561157,-0.20567381381988525,0.5801535248756409,0.7613328695297241,-0.19070100784301758,M
0.39688587188720703,0.5288444757461548,-7.456091566382383e-07,0.333859384059906,0.4775247275829315,-0.07750076800584793,0.3031976819038391,0.40773630142211914,-0.1271444857120514,0.3206561505794525,0.37252891063690186,-0.1629178524017334,0.34153997898101807,0.3499513864517212,-0.18765215575695038,0.362243115901947,0.2249658703804016,-0.11308709532022476,0.38691025972366333,0.29228562116622925,-0.17261725664138794,0.37909626960754395,0.3932017683982849,-0.19920597970485687,0.3625171482563019,0.4645680785179138,-0.2107458859682083,0.45311057567596436,0.23238039016723633,-0.0984901562333107,0.47045397758483887,0.3005414307117462,-0.16038669645786285,0.44101962447166443,0.4137802720069885,-0.16977645456790924,0.40911146998405457,0.4918110966682434,-0.1649535596370697,0.5223344564437866,0.2720217704772949,-0.08880727738142014,0.5241869688034058,0.35757672786712646,-0.14458391070365906,0.4871392846107483,0.44855964183807373,-0.13414619863033295,0.4514441192150116,0.5013659000396729,-0.11520588397979736,0.570181131362915,0.3276659846305847,-0.08657369017601013,0.5558261871337891,0.40893733501434326,-0.12398882955312729,0.5149191617965698,0.47097429633140564,-0.11849915981292725,0.48158442974090576,0.4998249411582947,-0.10501188039779663,M
0.42357850074768066,0.3768739402294159,-5.197366590437014e-07,0.34579771757125854,0.39150869846343994,-0.08044619858264923,0.3105100691318512,0.39950740337371826,-0.14904245734214783,0.3348153829574585,0.45549023151397705,-0.20751169323921204,0.38195592164993286,0.5117087364196777,-0.26588374376296997,0.383400559425354,0.2542988061904907,-0.159470796585083,0.3964463472366333,0.34209689497947693,-0.23222662508487701,0.3817704916000366,0.44839853048324585,-0.2711130678653717,0.3632427155971527,0.526942253112793,-0.29133927822113037,0.48132699728012085,0.2543718218803406,-0.1522759050130844,0.5068843364715576,0.3521879017353058,-0.22242267429828644,0.47387102246284485,0.4762405753135681,-0.24586042761802673,0.4335861802101135,0.5622159242630005,-0.25548723340034485,0.5544833540916443,0.2857113480567932,-0.14629057049751282,0.5833386182785034,0.3762396275997162,-0.22743752598762512,0.5373170971870422,0.49882516264915466,-0.23590469360351562,0.49006351828575134,0.5781241655349731,-0.2278239130973816,0.6046887040138245,0.33664268255233765,-0.14420641958713531,0.6113298535346985,0.4344056248664856,-0.21174116432666779,0.5637847185134888,0.5199798345565796,-0.21779105067253113,0.5187941193580627,0.5737768411636353,-0.21055816113948822,M
0.4162725806236267,0.397737979888916,-6.057900918676751e-07,0.35437363386154175,0.38701432943344116,-0.046958137303590775,0.3402216136455536,0.3819575309753418,-0.08621378988027573,0.378212034702301,0.42184609174728394,-0.12180905789136887,0.42500510811805725,0.46707937121391296,-0.1538064330816269,0.3964911997318268,0.26842617988586426,-0.07295607775449753,0.4021156430244446,0.3362857401371002,-0.12125435471534729,0.38855522871017456,0.4179992377758026,-0.15253818035125732,0.37943917512893677,0.47667187452316284,-0.169920414686203,0.4599299728870392,0.27169907093048096,-0.07263659685850143,0.4729683995246887,0.33698248863220215,-0.12317623943090439,0.45358169078826904,0.43588924407958984,-0.14258703589439392,0.434550404548645,0.5056014060974121,-0.15009036660194397,0.5106791853904724,0.29712429642677307,-0.07519210875034332,0.5308610200881958,0.34787097573280334,-0.1301160752773285,0.506019115447998,0.442233145236969,-0.1331409215927124,0.48269662261009216,0.5101879835128784,-0.12455233931541443,0.5482472777366638,0.33991700410842896,-0.08130036294460297,0.5586001873016357,0.3948845863342285,-0.12173010408878326,0.5377840399742126,0.457122266292572,-0.12192676216363907,0.5205655097961426,0.5014430284500122,-0.11433935165405273,M
0.48309850692749023,0.3146609961986542,-8.148919619088701e-07,0.3971956670284271,0.3394692838191986,-0.06312599778175354,0.34192171692848206,0.35535138845443726,-0.12799324095249176,0.3361917734146118,0.39287322759628296,-0.18897774815559387,0.3544200658798218,0.4267456829547882,-0.2503925859928131,0.39592689275741577,0.2219374030828476,-0.14191089570522308,0.4008164405822754,0.3197532296180725,-0.20562179386615753,0.3964572548866272,0.4263523817062378,-0.24023045599460602,0.3916880488395691,0.5032514929771423,-0.25919046998023987,0.4870459735393524,0.21424464881420135,-0.14411312341690063,0.49968475103378296,0.32252925634384155,-0.21009230613708496,0.4854680597782135,0.4527294635772705,-0.23369625210762024,0.46212661266326904,0.5438408851623535,-0.24526071548461914,0.5641801357269287,0.23379993438720703,-0.14537879824638367,0.5833492875099182,0.31443703174591064,-0.22519198060035706,0.5564446449279785,0.4486377239227295,-0.23046709597110748,0.5262633562088013,0.5441438555717468,-0.22072157263755798,0.6212148666381836,0.27582797408103943,-0.14948612451553345,0.6397495865821838,0.366590678691864,-0.21398454904556274,0.6178416013717651,0.4573366641998291,-0.21599633991718292,0.5932953953742981,0.5184899568557739,-0.20707052946090698,M
0.43978989124298096,0.38564860820770264,-8.828263844407047e-07,0.3452678322792053,0.41128963232040405,-0.08620599657297134,0.2708798944950104,0.42842456698417664,-0.17129501700401306,0.2669813930988312,0.47378164529800415,-0.24728801846504211,0.28766173124313354,0.5195103883743286,-0.322051465511322,0.32228565216064453,0.25841549038887024,-0.19089490175247192,0.31592118740081787,0.36024028062820435,-0.2747785151004791,0.31951114535331726,0.48710542917251587,-0.31849396228790283,0.32150697708129883,0.5825628638267517,-0.34217602014541626,0.4308284521102905,0.24301820993423462,-0.18893179297447205,0.43720629811286926,0.36652690172195435,-0.2723260223865509,0.420478492975235,0.509860634803772,-0.294973760843277,0.39111658930778503,0.6182856559753418,-0.30371204018592834,0.5238861441612244,0.26694172620773315,-0.18677766621112823,0.5321924090385437,0.3846900463104248,-0.27747657895088196,0.4955342710018158,0.5257654190063477,-0.27537575364112854,0.45470818877220154,0.6243233680725098,-0.2598695158958435,0.6010889410972595,0.3191266357898712,-0.19035279750823975,0.6049258708953857,0.45173001289367676,-0.2661093771457672,0.5581242442131042,0.5587520599365234,-0.26622113585472107,0.5113190412521362,0.6278764605522156,-0.2530548870563507,M
0.5870103240013123,0.6144036054611206,-2.1569469765836402e-07,0.6757211089134216,0.5996768474578857,-0.0259139072149992,0.7396753430366516,0.5635144114494324,-0.04649907350540161,0.7837529182434082,0.5369462370872498,-0.07085084915161133,0.8050569295883179,0.5254223942756653,-0.09051233530044556,0.7437989711761475,0.4162425994873047,-0.012013792060315609,0.8005924224853516,0.4442056119441986,-0.06234697625041008,0.7776509523391724,0.5187076330184937,-0.09752245247364044,0.7534651756286621,0.576245903968811,-0.11356612294912338,0.7119464874267578,0.3906078040599823,-0.019092388451099396,0.76473468542099,0.43753647804260254,-0.07316175848245621,0.7416453957557678,0.5244710445404053,-0.09420967847108841,0.7149893641471863,0.587382972240448,-0.09659892320632935,0.6719770431518555,0.3837912976741791,-0.033436987549066544,0.7257763147354126,0.4204370677471161,-0.08863043040037155,0.7111572623252869,0.5068621039390564,-0.09555235505104065,0.6888332366943359,0.5728822350502014,-0.08407279849052429,0.6257805228233337,0.39368993043899536,-0.05005870386958122,0.673491358757019,0.41591182351112366,-0.08918317407369614,0.6780747771263123,0.48287177085876465,-0.09227526187896729,0.6721627116203308,0.5424384474754333,-0.08307619392871857,M
0.5015435814857483,0.5706801414489746,-4.6611785364802927e-07,0.46186214685440063,0.5114973783493042,-0.053862374275922775,0.45690086483955383,0.4485090374946594,-0.08684685081243515,0.4995558261871338,0.4301113486289978,-0.11421572417020798,0.5368930101394653,0.4432796537876129,-0.1335822343826294,0.514701247215271,0.34427130222320557,-0.05011572688817978,0.5498645305633545,0.3622923791408539,-0.09477251023054123,0.5375748872756958,0.43278175592422485,-0.1203521117568016,0.525370180606842,0.4917219281196594,-0.13117602467536926,0.5767741799354553,0.3586331605911255,-0.042295925319194794,0.6049113869667053,0.37626969814300537,-0.0973237082362175,0.5825580358505249,0.45808038115501404,-0.1184963583946228,0.5586757063865662,0.5217137336730957,-0.12049882113933563,0.6241013407707214,0.3892028033733368,-0.04075276106595993,0.6512373685836792,0.38952088356018066,-0.09268017113208771,0.6276609897613525,0.4644552767276764,-0.10106119513511658,0.6016032695770264,0.5243698358535767,-0.09243643283843994,0.658159077167511,0.4292236864566803,-0.04354485124349594,0.6831960678100586,0.42241328954696655,-0.07787247747182846,0.6695454716682434,0.46303677558898926,-0.08101916313171387,0.6535474061965942,0.5004870295524597,-0.0739888921380043,M
0.6412871479988098,0.8270655274391174,1.4378841797224595e-06,0.5147380232810974,0.7966504693031311,-0.15349219739437103,0.39295509457588196,0.6901968717575073,-0.30751845240592957,0.32355090975761414,0.6374581456184387,-0.43125709891319275,0.30761489272117615,0.6500644683837891,-0.5597020387649536,0.4179764986038208,0.592047929763794,-0.48573651909828186,0.3558746576309204,0.4898073375225067,-0.6541720628738403,0.35716143250465393,0.6035179495811462,-0.7479251623153687,0.36855003237724304,0.7244388461112976,-0.8119557499885559,0.5382052659988403,0.5631062388420105,-0.4707464277744293,0.4990730583667755,0.45155584812164307,-0.6279146075248718,0.47944527864456177,0.5889818668365479,-0.6789663434028625,0.4748690128326416,0.7238461971282959,-0.7324143648147583,0.6641741991043091,0.5517784953117371,-0.4468148648738861,0.6324492692947388,0.4367589056491852,-0.584495484828949,0.5882812738418579,0.5734050869941711,-0.6158592700958252,0.5530668497085571,0.6900575160980225,-0.6414853930473328,0.7650903463363647,0.5583227872848511,-0.431209921836853,0.735279381275177,0.4874073565006256,-0.539007842540741,0.6919926404953003,0.568388044834137,-0.5799509286880493,0.6630638837814331,0.6523077487945557,-0.6172930598258972,M
0.7551078796386719,0.5856380462646484,-3.2628565804770915e-07,0.5589247941970825,0.6171495318412781,-0.08331847935914993,0.43266358971595764,0.6428924798965454,-0.16006964445114136,0.4014918804168701,0.6673088073730469,-0.22618380188941956,0.4437132179737091,0.6608881950378418,-0.29120972752571106,0.4450829327106476,0.5007629990577698,-0.20855867862701416,0.37320369482040405,0.5228034853935242,-0.29310041666030884,0.4025423228740692,0.5801449418067932,-0.33707931637763977,0.4316803216934204,0.6255794763565063,-0.36320093274116516,0.5819752812385559,0.5015899538993835,-0.20263032615184784,0.5323586463928223,0.530146062374115,-0.26710572838783264,0.5292938947677612,0.5899666547775269,-0.2793537974357605,0.5475093126296997,0.6265453696250916,-0.2996657192707062,0.7265515327453613,0.5283216238021851,-0.19666384160518646,0.6795608401298523,0.565316915512085,-0.25494644045829773,0.6542676687240601,0.6012395024299622,-0.2514926791191101,0.6542986631393433,0.6121641397476196,-0.2552366852760315,0.8594974875450134,0.5706102848052979,-0.1977277249097824,0.8155195713043213,0.598937451839447,-0.2392512559890747,0.7803469300270081,0.6129523515701294,-0.23663127422332764,0.7713090181350708,0.6084535121917725,-0.23876920342445374,M
0.4004119634628296,0.5172216296195984,-9.415799127054925e-07,0.31737545132637024,0.4616609811782837,-0.06867971271276474,0.27791035175323486,0.38548043370246887,-0.12348239123821259,0.299386203289032,0.3498424291610718,-0.16968701779842377,0.3368006944656372,0.3411485552787781,-0.2080790102481842,0.3206782937049866,0.22608664631843567,-0.11612642556428909,0.3326719403266907,0.2861977815628052,-0.18568846583366394,0.3257286548614502,0.39795801043510437,-0.21848303079605103,0.3114467263221741,0.4813753366470337,-0.23333550989627838,0.41466444730758667,0.2306535542011261,-0.11110204458236694,0.4332597851753235,0.2945694029331207,-0.1830853670835495,0.40604159235954285,0.42168092727661133,-0.19763325154781342,0.3751031458377838,0.5100259780883789,-0.19692090153694153,0.49523040652275085,0.2661937177181244,-0.11030411720275879,0.508133053779602,0.32181400060653687,-0.18386860191822052,0.46655866503715515,0.4411187767982483,-0.1730923056602478,0.42642155289649963,0.5199164152145386,-0.15135671198368073,0.5543107390403748,0.31882819533348083,-0.11507486552000046,0.5495404005050659,0.37983694672584534,-0.1747785061597824,0.5075833797454834,0.46046170592308044,-0.1717253178358078,0.473566472530365,0.508491039276123,-0.15652719140052795,M
0.5656495690345764,0.555296778678894,-4.999578777642455e-07,0.6663113832473755,0.5271179676055908,-0.04074155539274216,0.7320380210876465,0.47827064990997314,-0.07468317449092865,0.756901741027832,0.4374583959579468,-0.10904258489608765,0.7518146634101868,0.41755765676498413,-0.13768813014030457,0.7223699688911438,0.3093462288379669,-0.04676287621259689,0.7617456316947937,0.37774932384490967,-0.1165047362446785,0.7280483841896057,0.472469687461853,-0.16005414724349976,0.6952491402626038,0.5410605072975159,-0.17812839150428772,0.6609851121902466,0.2773498296737671,-0.05151396617293358,0.7045196294784546,0.35200586915016174,-0.12550553679466248,0.6776188611984253,0.45872747898101807,-0.14613044261932373,0.6506489515304565,0.5366973876953125,-0.1440037339925766,0.5958254337310791,0.27281224727630615,-0.06410283595323563,0.637514591217041,0.34384652972221375,-0.13610129058361053,0.622808575630188,0.44831472635269165,-0.1366424858570099,0.6056696176528931,0.5223000049591064,-0.1160024106502533,0.5330232381820679,0.28882938623428345,-0.08021373301744461,0.5752449035644531,0.3285796046257019,-0.1272956132888794,0.5826708078384399,0.399801641702652,-0.12628193199634552,0.5821574926376343,0.45306432247161865,-0.11138861626386642,M
0.5774266719818115,0.5158116221427917,-1.0100463896378642e-06,0.49078527092933655,0.46411240100860596,-0.0634002834558487,0.43943658471107483,0.3910805583000183,-0.11464020609855652,0.43287190794944763,0.37893956899642944,-0.16072002053260803,0.44422227144241333,0.3910139203071594,-0.20169733464717865,0.5250049829483032,0.1920505166053772,-0.08396485447883606,0.5424680709838867,0.26522737741470337,-0.1464240849018097,0.5298973321914673,0.38589227199554443,-0.187587171792984,0.5059729218482971,0.4764181077480316,-0.2086673378944397,0.6258781552314758,0.2058844268321991,-0.0823867917060852,0.6404833197593689,0.28386247158050537,-0.14319483935832977,0.6091805696487427,0.41343092918395996,-0.168329656124115,0.5699445605278015,0.5081523656845093,-0.17530831694602966,0.7042750716209412,0.25444263219833374,-0.08561170846223831,0.7254942655563354,0.31052783131599426,-0.1500607430934906,0.6871153116226196,0.42562171816825867,-0.15410828590393066,0.6429980993270874,0.5081341862678528,-0.14196202158927917,0.7578141689300537,0.3240925073623657,-0.09404310584068298,0.756407618522644,0.38477522134780884,-0.1481074094772339,0.7138599157333374,0.4647706151008606,-0.1487594097852707,0.672359049320221,0.517899751663208,-0.13560296595096588,M
0.6282945275306702,0.5673283934593201,-6.781173738090729e-07,0.5607348084449768,0.5063650608062744,-0.05307541787624359,0.5272151827812195,0.4341265559196472,-0.09702226519584656,0.5371708869934082,0.41603779792785645,-0.1366843283176422,0.570210874080658,0.4177536368370056,-0.17205631732940674,0.6051452159881592,0.2678700387477875,-0.07475553452968597,0.6060387492179871,0.30701956152915955,-0.12688732147216797,0.598759651184082,0.40596312284469604,-0.1578705757856369,0.5833344459533691,0.4842907786369324,-0.1746768206357956,0.6950341463088989,0.2819419205188751,-0.07496259361505508,0.6978915333747864,0.3297260105609894,-0.13563640415668488,0.6724715828895569,0.4447954297065735,-0.16209448873996735,0.6371298432350159,0.5337993502616882,-0.1700945347547531,0.765097975730896,0.3234449625015259,-0.07848957926034927,0.7704502940177917,0.3571626842021942,-0.14454923570156097,0.73593670129776,0.4639242887496948,-0.15196219086647034,0.6935556530952454,0.5451846122741699,-0.14248046278953552,0.8134918808937073,0.37987270951271057,-0.08568417280912399,0.8038637638092041,0.43198174238204956,-0.14691415429115295,0.7651522159576416,0.5114626288414001,-0.15359853208065033,0.7272425889968872,0.5683610439300537,-0.14406323432922363,M
0.4350633919239044,0.653388500213623,-1.5900537846391671e-06,0.3261594772338867,0.6057235598564148,-0.0757550522685051,0.25425294041633606,0.5180597305297852,-0.1318211853504181,0.2542330324649811,0.45352116227149963,-0.17972341179847717,0.2801973819732666,0.4221997857093811,-0.22079052031040192,0.3240359425544739,0.2954518795013428,-0.10424100607633591,0.28178051114082336,0.3745079040527344,-0.19571970403194427,0.26765355467796326,0.5026676058769226,-0.2576674520969391,0.2603025734424591,0.5978853702545166,-0.2891722321510315,0.4359319508075714,0.2944413721561432,-0.10230637341737747,0.3903355002403259,0.3621521294116974,-0.18661987781524658,0.3563734292984009,0.5028868317604065,-0.21354606747627258,0.3346658945083618,0.6080979108810425,-0.21741987764835358,0.5290126800537109,0.3332791328430176,-0.10824321955442429,0.49115678668022156,0.4069310426712036,-0.19102585315704346,0.44199907779693604,0.5317561626434326,-0.18336011469364166,0.40372276306152344,0.6172171831130981,-0.16012457013130188,0.5985706448554993,0.3953411877155304,-0.12125776708126068,0.5649669766426086,0.4739028215408325,-0.18218107521533966,0.5152938365936279,0.5611183047294617,-0.17591330409049988,0.4809894561767578,0.612073540687561,-0.15556029975414276,M
0.5159617066383362,0.7147189974784851,-1.3690171272173757e-06,0.3910635709762573,0.6629552841186523,-0.10829351097345352,0.2985887825489044,0.602060854434967,-0.1985398530960083,0.2878071367740631,0.5689289569854736,-0.27288106083869934,0.3076663315296173,0.5761356353759766,-0.33884280920028687,0.36349186301231384,0.3021402657032013,-0.18632569909095764,0.3266168534755707,0.41457676887512207,-0.29623347520828247,0.3256111145019531,0.5648662447929382,-0.360084593296051,0.3188741207122803,0.6750684380531311,-0.3905487358570099,0.5115827322006226,0.3024439215660095,-0.17628377676010132,0.4843875467777252,0.4197012186050415,-0.28204426169395447,0.448417067527771,0.5876952409744263,-0.3120081126689911,0.4142764210700989,0.710420548915863,-0.31498709321022034,0.635433554649353,0.3531436324119568,-0.1711273193359375,0.6056004762649536,0.5097362399101257,-0.26807311177253723,0.5500984191894531,0.6478419899940491,-0.258927583694458,0.5004648566246033,0.7358336448669434,-0.23232212662696838,0.726637601852417,0.4327622354030609,-0.17512734234333038,0.6918177008628845,0.5667895674705505,-0.235708087682724,0.624394953250885,0.672754168510437,-0.22102919220924377,0.5714594125747681,0.7311753034591675,-0.19402898848056793,M
0.3759129047393799,0.5424050688743591,-6.717503993058926e-07,0.4152149558067322,0.4963131546974182,-0.04291265457868576,0.44576215744018555,0.43730899691581726,-0.0757046490907669,0.4722385108470917,0.38942694664001465,-0.1055024191737175,0.4869597554206848,0.36524584889411926,-0.12726542353630066,0.4389728009700775,0.27621954679489136,-0.04648073762655258,0.48729103803634644,0.3624221086502075,-0.10361366719007492,0.46790260076522827,0.4504657983779907,-0.13720452785491943,0.4423014521598816,0.5041735768318176,-0.15129035711288452,0.4349769949913025,0.2602393329143524,-0.04543827846646309,0.49211370944976807,0.3588392436504364,-0.1070401668548584,0.46914395689964294,0.4570532441139221,-0.12284224480390549,0.4410344064235687,0.5253081321716309,-0.12045733630657196,0.4280766546726227,0.27156609296798706,-0.050946276634931564,0.4775925278663635,0.36102333664894104,-0.11435811966657639,0.45947080850601196,0.45481857657432556,-0.1144043505191803,0.4373030960559845,0.5228332877159119,-0.09656794369220734,0.4150056838989258,0.3013383150100708,-0.0599302276968956,0.45864811539649963,0.36477071046829224,-0.10527133196592331,0.45336729288101196,0.433380663394928,-0.10544507950544357,0.4420871436595917,0.48335516452789307,-0.09218021482229233,M
0.46889230608940125,0.5796918272972107,-1.4686178246847703e-06,0.36142680048942566,0.5827537178993225,-0.13536903262138367,0.26961469650268555,0.5847024321556091,-0.2660539150238037,0.2576289176940918,0.651786208152771,-0.37941014766693115,0.2782396972179413,0.7222473621368408,-0.49106699228286743,0.3322662115097046,0.3230650722980499,-0.2964854836463928,0.28886884450912476,0.44060584902763367,-0.43492254614830017,0.25691720843315125,0.6111577749252319,-0.5088558197021484,0.2189624011516571,0.7379823923110962,-0.547749400138855,0.4698779582977295,0.33301442861557007,-0.29416385293006897,0.440463662147522,0.45662739872932434,-0.4403184950351715,0.3720664381980896,0.6585665941238403,-0.48185643553733826,0.30305832624435425,0.7963806390762329,-0.4963879883289337,0.5853268504142761,0.39047765731811523,-0.29359495639801025,0.5684289336204529,0.5051767230033875,-0.4407329857349396,0.47777312994003296,0.6983656883239746,-0.43801936507225037,0.3912397027015686,0.8183819055557251,-0.41503411531448364,0.6727831363677979,0.4752185046672821,-0.3008439242839813,0.6454745531082153,0.6164763569831848,-0.4190768003463745,0.5451076030731201,0.7586997747421265,-0.4199642241001129,0.4603789448738098,0.8316020965576172,-0.4034460186958313,M
0.5436000227928162,0.6365206837654114,-5.577687716140645e-07,0.48189765214920044,0.5964451432228088,-0.05438011512160301,0.4449525475502014,0.5552354454994202,-0.10019110143184662,0.44690653681755066,0.5605073571205139,-0.1389862596988678,0.45468997955322266,0.5741799473762512,-0.1740751564502716,0.5045100450515747,0.41701802611351013,-0.09442634135484695,0.5100823044776917,0.4678390324115753,-0.1413894146680832,0.5060449838638306,0.5455833673477173,-0.16617849469184875,0.4902269244194031,0.6077255010604858,-0.17886914312839508,0.5804100036621094,0.43192538619041443,-0.09088840335607529,0.5843764543533325,0.48120638728141785,-0.13974212110042572,0.5663432478904724,0.5684754848480225,-0.15603449940681458,0.5392761826515198,0.6356050372123718,-0.16128364205360413,0.6384033560752869,0.46814078092575073,-0.08915195614099503,0.643135666847229,0.5174720883369446,-0.13760553300380707,0.6168988347053528,0.5952532291412354,-0.1388670653104782,0.5867143869400024,0.6515486836433411,-0.13136829435825348,0.6790947914123535,0.51628178358078,-0.09155900031328201,0.667704701423645,0.5673977732658386,-0.1302880495786667,0.6364309191703796,0.6223153471946716,-0.13051268458366394,0.6097008585929871,0.6581112146377563,-0.12296701967716217,M
0.8077985644340515,0.39168959856033325,-4.0132729850483884e-07,0.7528172731399536,0.3586384654045105,-0.06807899475097656,0.7293082475662231,0.3259003758430481,-0.1163346990942955,0.7597805857658386,0.3345746397972107,-0.15650823712348938,0.7932685613632202,0.3535192012786865,-0.1921093761920929,0.8072137832641602,0.1973579227924347,-0.10642362385988235,0.8379632830619812,0.23228862881660461,-0.15705479681491852,0.8300890922546387,0.303451269865036,-0.18474310636520386,0.8114979863166809,0.36002662777900696,-0.19992828369140625,0.8885466456413269,0.213114395737648,-0.09780267626047134,0.9173620343208313,0.24060362577438354,-0.15488095581531525,0.8972520232200623,0.32878249883651733,-0.18120375275611877,0.8654507398605347,0.3977988362312317,-0.1926492601633072,0.9460418820381165,0.24694861471652985,-0.09219320118427277,0.9810050129890442,0.2649795413017273,-0.1518675535917282,0.958493709564209,0.34801071882247925,-0.16842977702617645,0.9274358153343201,0.4118458032608032,-0.16891439259052277,0.9831647872924805,0.2862754762172699,-0.09025418758392334,1.0102567672729492,0.30131852626800537,-0.13789628446102142,0.9976038336753845,0.34945476055145264,-0.14913399517536163,0.9799802899360657,0.3894086480140686,-0.1489911824464798,M
0.6156514883041382,0.542890191078186,-7.074188488331856e-07,0.5418092608451843,0.48885512351989746,-0.08670690655708313,0.502539873123169,0.4107213318347931,-0.14817263185977936,0.5249091386795044,0.36829617619514465,-0.19638776779174805,0.5611921548843384,0.3451462984085083,-0.23380444943904877,0.5443322658538818,0.23016104102134705,-0.13263781368732452,0.5814290046691895,0.2595396339893341,-0.2082386016845703,0.576829195022583,0.37051308155059814,-0.2439279854297638,0.554577648639679,0.45776063203811646,-0.25969061255455017,0.640072762966156,0.22870534658432007,-0.12039053440093994,0.6766424775123596,0.265241801738739,-0.19953426718711853,0.6578782200813293,0.39460572600364685,-0.21694542467594147,0.6266219615936279,0.4865461587905884,-0.21586847305297852,0.7193483114242554,0.2607063949108124,-0.11430300772190094,0.743567943572998,0.30439022183418274,-0.18985341489315033,0.7098981142044067,0.42134737968444824,-0.18082138895988464,0.6707662343978882,0.49851587414741516,-0.16015484929084778,0.7787290811538696,0.31364190578460693,-0.11554525047540665,0.780698835849762,0.3706556260585785,-0.17689485847949982,0.7390231490135193,0.4533950984477997,-0.17565467953681946,0.7007831931114197,0.5040131211280823,-0.1616102159023285,M
0.4554870128631592,0.578201949596405,-1.3891278740629787e-06,0.3581753373146057,0.5166481137275696,-0.04612351953983307,0.28768283128738403,0.4086016118526459,-0.07571054250001907,0.24091000854969025,0.31780311465263367,-0.10044784098863602,0.18410265445709229,0.25190699100494385,-0.11977653205394745,0.3427278995513916,0.26087650656700134,-0.05235680192708969,0.31931519508361816,0.34026697278022766,-0.12012510746717453,0.3188093304634094,0.4431939423084259,-0.16735878586769104,0.31901004910469055,0.5201668739318848,-0.18958090245723724,0.43356853723526,0.26180168986320496,-0.05390900373458862,0.40323376655578613,0.3336721658706665,-0.11701124161481857,0.3871382474899292,0.4476845860481262,-0.1389387547969818,0.376212477684021,0.5362378358840942,-0.14087215065956116,0.5159519910812378,0.291786789894104,-0.061697810888290405,0.4856397807598114,0.36931711435317993,-0.12251364439725876,0.45828232169151306,0.4640824496746063,-0.11612796783447266,0.4363613724708557,0.5345597267150879,-0.0960337221622467,0.5837843418121338,0.33747637271881104,-0.07415048032999039,0.5557997822761536,0.39763936400413513,-0.11370784044265747,0.5218788385391235,0.4710232615470886,-0.1033288761973381,0.5003625154495239,0.5191968083381653,-0.0829438716173172,M
0.7123334407806396,0.6253056526184082,1.5319926660595229e-06,0.7441846132278442,0.6180416941642761,-0.09578099101781845,0.7656322121620178,0.5807379484176636,-0.19030645489692688,0.7438825368881226,0.5803525447845459,-0.2663314938545227,0.7207918167114258,0.6030310988426208,-0.34256553649902344,0.6428825259208679,0.40811586380004883,-0.2895343601703644,0.6003185510635376,0.499761700630188,-0.3842661678791046,0.6194431185722351,0.6364686489105225,-0.4228156805038452,0.6283700466156006,0.7286968231201172,-0.44536593556404114,0.5687583684921265,0.42881709337234497,-0.2885032594203949,0.5528160333633423,0.5079907178878784,-0.3799162209033966,0.581877589225769,0.6575028896331787,-0.38851287961006165,0.6046677827835083,0.7571550607681274,-0.4029993712902069,0.5302110910415649,0.4814513623714447,-0.28534746170043945,0.5250389575958252,0.5526019334793091,-0.3745443522930145,0.5435187220573425,0.6880887746810913,-0.3722241520881653,0.5587540864944458,0.77707839012146,-0.3684353828430176,0.5134353637695312,0.5557660460472107,-0.28795257210731506,0.5080057978630066,0.6168137192726135,-0.35313037037849426,0.5190433859825134,0.7154855728149414,-0.35606077313423157,0.5364810824394226,0.7866291999816895,-0.3605334758758545,M
0.526902437210083,0.6155076026916504,-1.1274423172835668e-07,0.6127551198005676,0.602141261100769,-0.02694481983780861,0.6736002564430237,0.575779914855957,-0.05357687547802925,0.7151805758476257,0.5583552122116089,-0.08483906090259552,0.7334702014923096,0.5612204670906067,-0.11280982941389084,0.7039510607719421,0.4308229386806488,-0.018725352361798286,0.7408849596977234,0.4830448627471924,-0.07449862360954285,0.711220920085907,0.5579816102981567,-0.1165669709444046,0.6841655373573303,0.6159862875938416,-0.1384108066558838,0.6689839363098145,0.40410348773002625,-0.029343467205762863,0.7071503400802612,0.46958643198013306,-0.08984869718551636,0.6792441010475159,0.5587109923362732,-0.11649507284164429,0.6495097875595093,0.6250848174095154,-0.12352681159973145,0.6240137219429016,0.39710479974746704,-0.04687679931521416,0.6668596267700195,0.4497225880622864,-0.10873988270759583,0.6446173191070557,0.5415315628051758,-0.11838787794113159,0.618780791759491,0.6118461489677429,-0.10856148600578308,0.5719202160835266,0.4071785807609558,-0.06665704399347305,0.6076974868774414,0.45289430022239685,-0.10868138819932938,0.6066974997520447,0.5224204063415527,-0.112733855843544,0.5994703769683838,0.5804653763771057,-0.10485474020242691,M
0.5118969678878784,0.5367766618728638,-4.66231284690366e-07,0.42631909251213074,0.5056080222129822,-0.06878077983856201,0.3790467083454132,0.46075668931007385,-0.12167319655418396,0.39236950874328613,0.4624875783920288,-0.16600637137889862,0.4233473539352417,0.4801885187625885,-0.20553423464298248,0.4511391222476959,0.3082600235939026,-0.10479605197906494,0.4806835353374481,0.3790144920349121,-0.16845238208770752,0.47831639647483826,0.47314971685409546,-0.2066098302602768,0.46966344118118286,0.5449790954589844,-0.22580593824386597,0.5382254123687744,0.31357845664024353,-0.09668546169996262,0.565434455871582,0.382598340511322,-0.157808318734169,0.5486012697219849,0.4863126873970032,-0.1792743057012558,0.5275823473930359,0.5665590763092041,-0.1858282834291458,0.6037013530731201,0.34395337104797363,-0.09294819086790085,0.6309102177619934,0.3943697214126587,-0.15812192857265472,0.6022946834564209,0.49639439582824707,-0.16187088191509247,0.5720407366752625,0.5734859704971313,-0.15076957643032074,0.6497780680656433,0.39166826009750366,-0.09449069947004318,0.6555194854736328,0.4502444267272949,-0.14889878034591675,0.6263139843940735,0.5203595161437988,-0.15402086079120636,0.5973683595657349,0.5687917470932007,-0.14584997296333313,M
0.5456122159957886,0.41528773307800293,-4.426877353580494e-07,0.46915411949157715,0.3818289041519165,-0.08784238994121552,0.4315890073776245,0.3419910967350006,-0.15353302657604218,0.45889878273010254,0.3557400405406952,-0.20346233248710632,0.4938758909702301,0.3854559659957886,-0.24558672308921814,0.48378056287765503,0.16864605247974396,-0.15382899343967438,0.5025663375854492,0.25307950377464294,-0.22568672895431519,0.5026901364326477,0.34740686416625977,-0.259769469499588,0.4934605360031128,0.4195489287376404,-0.27695751190185547,0.5750691890716553,0.1720433533191681,-0.1394774168729782,0.6062189340591431,0.2671924829483032,-0.21268460154533386,0.5799300074577332,0.36825668811798096,-0.22760020196437836,0.5504946708679199,0.43270617723464966,-0.2290177047252655,0.6471660733222961,0.20633162558078766,-0.12877611815929413,0.6687010526657104,0.3181326985359192,-0.19120940566062927,0.6226776242256165,0.3983117341995239,-0.1802232265472412,0.5831111669540405,0.4333486557006836,-0.16318997740745544,0.697732150554657,0.2536734938621521,-0.12580689787864685,0.7006845474243164,0.3483685851097107,-0.16387994587421417,0.6552581787109375,0.4047233760356903,-0.1550590693950653,0.624345064163208,0.42019957304000854,-0.14182408154010773,N
0.6097702980041504,0.4298022389411926,-5.158529603477291e-08,0.569726288318634,0.39800041913986206,-0.058553993701934814,0.5520648956298828,0.35348373651504517,-0.09769900888204575,0.5539393424987793,0.332170307636261,-0.12773318588733673,0.5507798194885254,0.3242751657962799,-0.15306727588176727,0.6059498190879822,0.25143858790397644,-0.08380066603422165,0.6210094690322876,0.3001984655857086,-0.13270710408687592,0.6199967265129089,0.35727277398109436,-0.16073909401893616,0.6125525236129761,0.40070152282714844,-0.17491987347602844,0.6572023630142212,0.2638774812221527,-0.07411658018827438,0.6764565110206604,0.303551584482193,-0.12609568238258362,0.6638972759246826,0.36908167600631714,-0.1428736001253128,0.6469191908836365,0.41800493001937866,-0.14557883143424988,0.69537752866745,0.2902950942516327,-0.06855025887489319,0.7036199569702148,0.33609864115715027,-0.11577699333429337,0.6774718761444092,0.3924896717071533,-0.11597097665071487,0.6537033319473267,0.4254915118217468,-0.10538018494844437,0.7219989895820618,0.32372239232063293,-0.06766176968812943,0.7255736589431763,0.3596665859222412,-0.09627143293619156,0.7031240463256836,0.3957294821739197,-0.09301352500915527,0.6855428218841553,0.41281694173812866,-0.08366867899894714,N
0.4688328206539154,0.4951164126396179,-1.1544246945049963e-06,0.38899093866348267,0.44597575068473816,-0.06864386796951294,0.3769713044166565,0.3568805456161499,-0.10713758319616318,0.43129122257232666,0.301830530166626,-0.13386264443397522,0.5014756917953491,0.26982027292251587,-0.14919722080230713,0.4310356378555298,0.20824164152145386,-0.08831097185611725,0.4249514937400818,0.2633683383464813,-0.1464226394891739,0.4119518995285034,0.36565202474594116,-0.17292210459709167,0.4010049104690552,0.4400835633277893,-0.18427762389183044,0.5152500867843628,0.20962892472743988,-0.07551872730255127,0.5089970231056213,0.264223575592041,-0.13771744072437286,0.47896242141723633,0.376310259103775,-0.1455112099647522,0.4576372504234314,0.45297592878341675,-0.13934136927127838,0.5837181806564331,0.2403273582458496,-0.06917302310466766,0.5669896006584167,0.2968292236328125,-0.1251658797264099,0.5312460064888,0.38541120290756226,-0.11049263924360275,0.506492555141449,0.43709254264831543,-0.08948425948619843,0.6332156658172607,0.2862972021102905,-0.06983211636543274,0.6055281162261963,0.3409491777420044,-0.10787558555603027,0.5671140551567078,0.39738941192626953,-0.10195145756006241,0.5449725985527039,0.42133480310440063,-0.08894109725952148,N
0.2700473666191101,0.5826423168182373,-1.4706640740769217e-06,0.168308824300766,0.5575600266456604,-0.08689481765031815,0.07965512573719025,0.5164011716842651,-0.161055326461792,0.061338648200035095,0.5152763724327087,-0.22345328330993652,0.08233669400215149,0.5196890234947205,-0.27860593795776367,0.12539710104465485,0.2831963002681732,-0.1639569103717804,0.05587391555309296,0.39182889461517334,-0.2542908191680908,0.029935836791992188,0.5212896466255188,-0.3082103431224823,0.025428801774978638,0.6147685647010803,-0.3381994366645813,0.24077442288398743,0.2813582420349121,-0.160273477435112,0.1645989716053009,0.3891078233718872,-0.24792315065860748,0.12599866092205048,0.5287043452262878,-0.26918235421180725,0.11322183907032013,0.6303343772888184,-0.27438363432884216,0.3393905758857727,0.3211362659931183,-0.1604696363210678,0.2837788164615631,0.44340816140174866,-0.23122502863407135,0.23456254601478577,0.5508583784103394,-0.216141015291214,0.20402978360652924,0.6107962131500244,-0.19716961681842804,0.41647136211395264,0.38449856638908386,-0.1698111593723297,0.3737621009349823,0.5022695064544678,-0.21398226916790009,0.32647210359573364,0.5698334574699402,-0.20328354835510254,0.2980410158634186,0.589532732963562,-0.18853360414505005,N
0.6766728162765503,0.704993724822998,-8.680777909830795e-07,0.5659628510475159,0.6913299560546875,-0.10269313305616379,0.4914887547492981,0.6510781645774841,-0.17870287597179413,0.5259706974029541,0.6476954221725464,-0.23994165658950806,0.596969723701477,0.6480560898780823,-0.2897031605243683,0.4993098974227905,0.39913153648376465,-0.15799199044704437,0.5094146728515625,0.46364960074424744,-0.2498399168252945,0.539652943611145,0.6030185222625732,-0.299541711807251,0.5586850643157959,0.7096518874168396,-0.3259710967540741,0.6166174411773682,0.3548126518726349,-0.14476589858531952,0.6300744414329529,0.4290122091770172,-0.2348169982433319,0.644087553024292,0.5896156430244446,-0.2536014914512634,0.6484884023666382,0.7033197283744812,-0.2545069754123688,0.7203851342201233,0.3648150861263275,-0.1390981674194336,0.7403614521026611,0.44676777720451355,-0.21687746047973633,0.7253124713897705,0.577794075012207,-0.20041069388389587,0.7025265097618103,0.656814694404602,-0.17717911303043365,0.8069419860839844,0.4095091223716736,-0.14419490098953247,0.8172727823257446,0.513793408870697,-0.20157989859580994,0.7860497832298279,0.6076816916465759,-0.19615183770656586,0.7570180296897888,0.6505762338638306,-0.1814599335193634,N
0.5874510407447815,0.692368745803833,-1.2280610235393397e-06,0.4708747863769531,0.6585001945495605,-0.08151476085186005,0.42113345861434937,0.5703366994857788,-0.13394272327423096,0.4865911304950714,0.5093270540237427,-0.1733887940645218,0.5755671858787537,0.46005091071128845,-0.20129242539405823,0.3894212245941162,0.33803045749664307,-0.10350045561790466,0.3758333921432495,0.3957377076148987,-0.18249160051345825,0.40911865234375,0.5301141738891602,-0.23130163550376892,0.43348169326782227,0.6354169845581055,-0.25576886534690857,0.4997834265232086,0.2987437844276428,-0.0930338203907013,0.5035577416419983,0.36271578073501587,-0.17194388806819916,0.5240986347198486,0.5195878744125366,-0.19253043830394745,0.5352582335472107,0.6292566061019897,-0.19242845475673676,0.6056117415428162,0.3097938895225525,-0.09043902158737183,0.6298958659172058,0.3907107412815094,-0.1574428677558899,0.620342493057251,0.5153242349624634,-0.14496703445911407,0.6029142141342163,0.5878551602363586,-0.12408493459224701,0.695242702960968,0.35073772072792053,-0.09670204669237137,0.7120012640953064,0.43862220644950867,-0.1393747329711914,0.6850191354751587,0.5339879393577576,-0.129327654838562,0.6600002646446228,0.5757280588150024,-0.11240211874246597,N
0.5217775702476501,0.44508296251296997,-8.734594985071453e-07,0.4279232323169708,0.4744982123374939,-0.11590583622455597,0.3738766014575958,0.4929458498954773,-0.21145278215408325,0.4003320038318634,0.5655267238616943,-0.2876451909542084,0.4366369843482971,0.6224765777587891,-0.3586123287677765,0.4404454529285431,0.3360026180744171,-0.23727931082248688,0.45052090287208557,0.48934227228164673,-0.33142513036727905,0.4503433406352997,0.616599440574646,-0.37985000014305115,0.4460808038711548,0.712344765663147,-0.4091900587081909,0.5525456666946411,0.32374826073646545,-0.22322911024093628,0.5552372932434082,0.48835885524749756,-0.32339149713516235,0.532001793384552,0.6390636563301086,-0.3455997109413147,0.5070942640304565,0.746517539024353,-0.35318249464035034,0.6424030661582947,0.3550577461719513,-0.21019428968429565,0.6465754508972168,0.523470938205719,-0.2982933223247528,0.5939884185791016,0.6364342570304871,-0.2852662205696106,0.5437486171722412,0.6979005336761475,-0.266043484210968,0.7083621621131897,0.4103962182998657,-0.20715342462062836,0.6995480060577393,0.575670063495636,-0.2694081664085388,0.6411024332046509,0.6519261598587036,-0.26380789279937744,0.5904636979103088,0.6800234317779541,-0.2520444095134735,N
0.7285030484199524,0.4617357850074768,-5.285348265715584e-07,0.6384255886077881,0.4365929067134857,-0.1740848869085312,0.5761678218841553,0.394679456949234,-0.3068937659263611,0.5786538124084473,0.43491148948669434,-0.40857991576194763,0.6065965890884399,0.48795491456985474,-0.49576327204704285,0.6515904664993286,0.17873577773571014,-0.33462008833885193,0.6884292960166931,0.3083869516849518,-0.4909471571445465,0.6597568392753601,0.4512295722961426,-0.5541324019432068,0.6178382635116577,0.5530501008033752,-0.582055926322937,0.7699445486068726,0.18669714033603668,-0.3041960895061493,0.8437505960464478,0.294938325881958,-0.4748334288597107,0.7799258232116699,0.4547741413116455,-0.49621933698654175,0.7190611362457275,0.5497009754180908,-0.48711973428726196,0.8683505654335022,0.22957533597946167,-0.2819264531135559,0.9117434024810791,0.3755919337272644,-0.421996146440506,0.8270557522773743,0.5018208622932434,-0.393861323595047,0.7565047144889832,0.5428605079650879,-0.3525743782520294,0.9368338584899902,0.2900142967700958,-0.2738959491252899,0.9501135349273682,0.4255973696708679,-0.3628520667552948,0.8787885904312134,0.5092813968658447,-0.3540736138820648,0.8277849555015564,0.514693558216095,-0.3345937430858612,N
0.6192259788513184,0.6009048819541931,-9.01118482943275e-07,0.541616678237915,0.577984094619751,-0.08815576136112213,0.4829271137714386,0.5482537150382996,-0.16083617508411407,0.48387616872787476,0.5945900678634644,-0.22027656435966492,0.506067156791687,0.6503617763519287,-0.27301669120788574,0.5484498143196106,0.3789588212966919,-0.1650923192501068,0.5625183582305908,0.4972860813140869,-0.24909372627735138,0.548271656036377,0.6061713695526123,-0.28991085290908813,0.5260064601898193,0.6772271394729614,-0.311630517244339,0.6488004326820374,0.3861171007156372,-0.15785299241542816,0.6718441843986511,0.4870734214782715,-0.24376966059207916,0.6286340355873108,0.6070693731307983,-0.2581797242164612,0.591717541217804,0.6679699420928955,-0.25839588046073914,0.7280948758125305,0.42330402135849,-0.15485917031764984,0.7402857542037964,0.5435027480125427,-0.23151719570159912,0.67796790599823,0.6388800144195557,-0.21896517276763916,0.6266930103302002,0.6655449867248535,-0.1997901052236557,0.7824978828430176,0.47786277532577515,-0.15919585525989532,0.7808132767677307,0.5793805122375488,-0.20657330751419067,0.7275379300117493,0.6424394845962524,-0.19760753214359283,0.6846883296966553,0.6441551446914673,-0.18485909700393677,N
0.47916844487190247,0.7898720502853394,2.7854075597133487e-06,0.33926743268966675,0.8406614661216736,-0.17050273716449738,0.25317567586898804,0.8638253211975098,-0.3689671456813812,0.22628900408744812,0.9151172637939453,-0.5154693126678467,0.24105039238929749,1.0148985385894775,-0.667761504650116,0.30974262952804565,0.5599238872528076,-0.6896818280220032,0.27729517221450806,0.7509168386459351,-0.9221910238265991,0.24487169086933136,0.9444361329078674,-1.0353482961654663,0.23613907396793365,1.0699628591537476,-1.100026249885559,0.47118136286735535,0.5269860029220581,-0.6731619834899902,0.43468528985977173,0.7715355753898621,-0.9173429608345032,0.4027682840824127,0.958126962184906,-0.9569535851478577,0.3857271671295166,1.0565422773361206,-0.9854093790054321,0.6116195917129517,0.5677437782287598,-0.6384475231170654,0.5857553482055664,0.8027897477149963,-0.8233893513679504,0.5339934229850769,0.9426025152206421,-0.8046882748603821,0.4944317042827606,0.9883190989494324,-0.7847299575805664,0.7185677289962769,0.6356865167617798,-0.608282208442688,0.6837310791015625,0.8119085431098938,-0.728877604007721,0.616756796836853,0.8944107294082642,-0.7258320450782776,0.5665632486343384,0.9036637544631958,-0.7258833646774292,N
0.6079794764518738,0.7587984800338745,-8.216248374992574e-07,0.5242505073547363,0.736215353012085,-0.09819391369819641,0.46209320425987244,0.7008907794952393,-0.17912285029888153,0.47078603506088257,0.7062424421310425,-0.24565544724464417,0.5064795613288879,0.7170226573944092,-0.3021146059036255,0.5325281023979187,0.463117778301239,-0.16840176284313202,0.5486726760864258,0.5834934115409851,-0.24860137701034546,0.5478281378746033,0.706622838973999,-0.2877488434314728,0.5377820730209351,0.7926385998725891,-0.3071402311325073,0.6344037055969238,0.4626954197883606,-0.15416766703128815,0.6618485450744629,0.593957781791687,-0.2308052033185959,0.6366512775421143,0.7248622179031372,-0.24729852378368378,0.6042513847351074,0.8100380897521973,-0.2511480450630188,0.7157497406005859,0.49770307540893555,-0.1442088931798935,0.7378411293029785,0.6223434209823608,-0.21614350378513336,0.690620481967926,0.7329870462417603,-0.2055484801530838,0.6421263813972473,0.792885422706604,-0.18691807985305786,0.7764185667037964,0.5555271506309509,-0.14244891703128815,0.7954494953155518,0.6544097065925598,-0.18898077309131622,0.7470315098762512,0.7234048843383789,-0.18015547096729279,0.6994460821151733,0.7466504573822021,-0.16473351418972015,N
0.4877893626689911,0.4902651607990265,-4.881786708210711e-07,0.5442259907722473,0.49701347947120667,-0.04534032568335533,0.5984528064727783,0.48265454173088074,-0.07817816734313965,0.6217512488365173,0.47247394919395447,-0.10852346569299698,0.6034902334213257,0.45999401807785034,-0.13773642480373383,0.5681561827659607,0.3385983109474182,-0.05804923549294472,0.5656179785728455,0.41725030541419983,-0.1138739362359047,0.552092969417572,0.49564284086227417,-0.15644031763076782,0.544183611869812,0.5450447201728821,-0.1804288774728775,0.5232003927230835,0.31503424048423767,-0.06008368358016014,0.5383115410804749,0.388809472322464,-0.11640099436044693,0.5344759821891785,0.4834076464176178,-0.14015251398086548,0.5295918583869934,0.5533274412155151,-0.14763788878917694,0.4795439839363098,0.31519705057144165,-0.06674942374229431,0.4905757009983063,0.38026249408721924,-0.1209503710269928,0.4926620125770569,0.47219282388687134,-0.12283067405223846,0.4946749210357666,0.5375337600708008,-0.11145994067192078,0.43956246972084045,0.3355729877948761,-0.07775882631540298,0.44340813159942627,0.39447537064552307,-0.11263835430145264,0.44909775257110596,0.4565547704696655,-0.11022231727838516,0.455005407333374,0.4998173713684082,-0.10032741725444794,N
0.5326526165008545,0.45279213786125183,-5.322402785168379e-07,0.46028631925582886,0.46720731258392334,-0.07531429827213287,0.43063420057296753,0.4716469645500183,-0.13387009501457214,0.44236260652542114,0.5063489675521851,-0.18180839717388153,0.45380011200904846,0.529420018196106,-0.22610090672969818,0.47839874029159546,0.3415299355983734,-0.1415269821882248,0.4918453097343445,0.4462248682975769,-0.20164398849010468,0.4867432713508606,0.5326637029647827,-0.23172374069690704,0.48145240545272827,0.5897871851921082,-0.2488376498222351,0.5555938482284546,0.3318306505680084,-0.1313188225030899,0.571489155292511,0.4287598729133606,-0.1922588348388672,0.5494064688682556,0.530819296836853,-0.20503467321395874,0.5268440842628479,0.6019479036331177,-0.20836962759494781,0.6163673996925354,0.3491036295890808,-0.12307050079107285,0.6300251483917236,0.43772193789482117,-0.18333597481250763,0.599571704864502,0.5317320823669434,-0.1779858022928238,0.5730248689651489,0.5910798907279968,-0.16522625088691711,0.6600767970085144,0.38675281405448914,-0.12064824998378754,0.6668223738670349,0.4823256731033325,-0.1627344936132431,0.6353691220283508,0.5459166765213013,-0.15979517996311188,0.6104814410209656,0.5789555311203003,-0.1513107270002365,N
0.4731263518333435,0.5555483102798462,-9.075584443962725e-07,0.36850348114967346,0.508907675743103,-0.15735776722431183,0.29397639632225037,0.4316679835319519,-0.2759796679019928,0.30012086033821106,0.47019141912460327,-0.366022527217865,0.35529401898384094,0.5343696475028992,-0.4407339096069336,0.4195234775543213,0.16822108626365662,-0.29401805996894836,0.35662996768951416,0.3069060444831848,-0.4588037431240082,0.30193430185317993,0.48065751791000366,-0.544541597366333,0.2603731155395508,0.612187922000885,-0.5875515341758728,0.5687870979309082,0.18719442188739777,-0.27208012342453003,0.534982442855835,0.33042192459106445,-0.44660890102386475,0.452861487865448,0.5148295760154724,-0.47717395424842834,0.39630672335624695,0.6284259557723999,-0.4719911813735962,0.6773992776870728,0.2615976631641388,-0.26012665033340454,0.6260932683944702,0.45226502418518066,-0.39294227957725525,0.5259124636650085,0.5769223570823669,-0.3620251715183258,0.4574981927871704,0.6170718669891357,-0.3201868534088135,0.7526711821556091,0.3608885109424591,-0.2632483243942261,0.6930944323539734,0.5308848023414612,-0.35392308235168457,0.5978841781616211,0.6043622493743896,-0.3463910222053528,0.5461271405220032,0.5982416868209839,-0.32483580708503723,N
0.6410214304924011,0.6172466278076172,-8.997491249829181e-07,0.5778314471244812,0.5764985084533691,-0.05669784918427467,0.5446755886077881,0.5271084308624268,-0.10052299499511719,0.5576580762863159,0.5104158520698547,-0.13601268827915192,0.5812065601348877,0.5008512735366821,-0.16405166685581207,0.6177683472633362,0.3756237328052521,-0.09027411788702011,0.6500526070594788,0.47574755549430847,-0.13787800073623657,0.6377832889556885,0.549488365650177,-0.16138826310634613,0.6168092489242554,0.592811107635498,-0.17326107621192932,0.6874011754989624,0.3820340931415558,-0.08409907668828964,0.7221381068229675,0.48642146587371826,-0.12808926403522491,0.6881930828094482,0.5661922097206116,-0.13568033277988434,0.6536396145820618,0.6060788035392761,-0.13653109967708588,0.7427678108215332,0.41307923197746277,-0.08149807155132294,0.7685226798057556,0.508568286895752,-0.1233469545841217,0.7300684452056885,0.5733965039253235,-0.11605474352836609,0.6947869062423706,0.5985997915267944,-0.10501831024885178,0.78204345703125,0.46002882719039917,-0.08398745954036713,0.7991952896118164,0.5296235680580139,-0.11118355393409729,0.7634397745132446,0.5769181251525879,-0.10426560044288635,0.7294824123382568,0.5890891551971436,-0.09383025020360947,N
0.4199051856994629,0.6632412672042847,-1.5739796026537078e-06,0.34336400032043457,0.663177490234375,-0.11265486478805542,0.29513242840766907,0.6550511121749878,-0.20580916106700897,0.32086601853370667,0.7048560380935669,-0.28071242570877075,0.357699990272522,0.7653205990791321,-0.3504061698913574,0.3463178277015686,0.45454221963882446,-0.21616864204406738,0.293950617313385,0.6303533911705017,-0.30793219804763794,0.2582298517227173,0.7620800733566284,-0.35855332016944885,0.2415282428264618,0.8488411903381348,-0.38895949721336365,0.4620110094547272,0.4616677463054657,-0.20281296968460083,0.3927386403083801,0.627102255821228,-0.29886099696159363,0.34127384424209595,0.7735158205032349,-0.31878861784935,0.3179126977920532,0.869839608669281,-0.3243412375450134,0.5530267953872681,0.5112617611885071,-0.19233427941799164,0.4906699061393738,0.6766600608825684,-0.27178066968917847,0.4303264021873474,0.7576930522918701,-0.26373088359832764,0.3929201364517212,0.7856940031051636,-0.2511519491672516,0.6176457405090332,0.5744594931602478,-0.19097958505153656,0.5567319393157959,0.7071195840835571,-0.24017390608787537,0.4898744523525238,0.7558672428131104,-0.23317281901836395,0.44572657346725464,0.7533446550369263,-0.22399213910102844,N
0.5832834243774414,0.7250415086746216,-2.75668270433016e-07,0.533416211605072,0.7137724161148071,-0.07262534648180008,0.49881720542907715,0.7042593955993652,-0.13320934772491455,0.5050938725471497,0.7419608235359192,-0.1823025792837143,0.5166429877281189,0.7738071084022522,-0.22592312097549438,0.5591694712638855,0.5717949867248535,-0.13541656732559204,0.5876969695091248,0.6700673699378967,-0.19709837436676025,0.584970235824585,0.7462754845619202,-0.2265920639038086,0.5705263614654541,0.7990527153015137,-0.24154232442378998,0.6333406567573547,0.5811071991920471,-0.12439732253551483,0.6546932458877563,0.6759430170059204,-0.18525148928165436,0.6293565034866333,0.7648565173149109,-0.195739284157753,0.5997248291969299,0.8196806907653809,-0.19604292511940002,0.6889681220054626,0.6117337942123413,-0.1161651611328125,0.693659245967865,0.7091448307037354,-0.1665429323911667,0.6548404097557068,0.7774198055267334,-0.1566629707813263,0.6206198930740356,0.8063266277313232,-0.14193576574325562,0.7295681238174438,0.6555683016777039,-0.11421366035938263,0.7229650616645813,0.7294729351997375,-0.14145030081272125,0.6866350173950195,0.769437849521637,-0.13286370038986206,0.6581996083259583,0.7771916389465332,-0.12196744233369827,N
0.6214206218719482,0.6498983502388,1.5356874882854754e-07,0.5931038856506348,0.6356338858604431,-0.06692372262477875,0.6063541769981384,0.6244168877601624,-0.11092674732208252,0.646675705909729,0.6393409967422485,-0.14042331278324127,0.6843528747558594,0.6586657166481018,-0.16506953537464142,0.6248846054077148,0.5283305644989014,-0.12771260738372803,0.6599242687225342,0.5935006141662598,-0.17631742358207703,0.6635303497314453,0.6512604355812073,-0.19502972066402435,0.6555339694023132,0.6873884797096252,-0.20302309095859528,0.6772551536560059,0.5319359302520752,-0.10964184999465942,0.7138835787773132,0.6015235185623169,-0.15890367329120636,0.7033509612083435,0.6658920645713806,-0.166918084025383,0.6839473843574524,0.7065653204917908,-0.16718603670597076,0.71781325340271,0.5518620610237122,-0.09324244409799576,0.7402383685112,0.6161796450614929,-0.13979315757751465,0.7129834294319153,0.6734240055084229,-0.13736078143119812,0.6864118576049805,0.7063735723495483,-0.12778958678245544,0.7452280521392822,0.5783329010009766,-0.0809108093380928,0.7583773136138916,0.6261539459228516,-0.11401820182800293,0.7334160208702087,0.6614233255386353,-0.11467758566141129,0.7129291892051697,0.6813859939575195,-0.1092154011130333,N
0.3098273277282715,0.5141811370849609,-1.4669070651507354e-06,0.20856735110282898,0.48844125866889954,-0.09579624980688095,0.1504453718662262,0.40912926197052,-0.15391851961612701,0.1987283080816269,0.3429204225540161,-0.19953009486198425,0.27564677596092224,0.28649231791496277,-0.2335500866174698,0.15192139148712158,0.17543162405490875,-0.10811527073383331,0.09787151217460632,0.23646679520606995,-0.21074119210243225,0.08616459369659424,0.359351247549057,-0.27844464778900146,0.09298522770404816,0.4526258707046509,-0.31314122676849365,0.26088255643844604,0.15265598893165588,-0.09807244688272476,0.21769805252552032,0.21353504061698914,-0.1990419626235962,0.18493126332759857,0.35421931743621826,-0.2321191281080246,0.1762474775314331,0.4463133215904236,-0.2359173446893692,0.36058127880096436,0.17872948944568634,-0.09938618540763855,0.3368692994117737,0.3046764135360718,-0.18808893859386444,0.27845367789268494,0.42293456196784973,-0.18012942373752594,0.24742873013019562,0.47314023971557617,-0.15584956109523773,0.4437425136566162,0.23578374087810516,-0.11119463294744492,0.4158608019351959,0.35782694816589355,-0.16300183534622192,0.3638058304786682,0.439159631729126,-0.1551893949508667,0.33601200580596924,0.4551229476928711,-0.1372901201248169,N
0.3981737196445465,0.29195523262023926,-1.1296333468635567e-06,0.2806527614593506,0.24725721776485443,-0.07479412108659744,0.22090406715869904,0.1391916573047638,-0.11658857762813568,0.2580038011074066,0.061037782579660416,-0.1482907384634018,0.3288417160511017,0.019069768488407135,-0.1708732545375824,0.279348760843277,-0.05057600885629654,-0.0822228491306305,0.23690763115882874,-0.018175974488258362,-0.1703449785709381,0.23413582146167755,0.08351518958806992,-0.22592946887016296,0.2410270869731903,0.17011210322380066,-0.2515973150730133,0.3758063316345215,-0.0705716460943222,-0.07376981526613235,0.3573673963546753,-0.003026030957698822,-0.16369479894638062,0.33178722858428955,0.11994248628616333,-0.19238121807575226,0.3176182210445404,0.2070818841457367,-0.19282498955726624,0.4617356061935425,-0.04657752066850662,-0.07608510553836823,0.4485357701778412,0.04841107875108719,-0.15550336241722107,0.40015938878059387,0.1544477939605713,-0.15171107649803162,0.36963164806365967,0.21790067851543427,-0.13031114637851715,0.5329253673553467,0.0011795051395893097,-0.08625427633523941,0.5125138163566589,0.08815350383520126,-0.14169248938560486,0.46039879322052,0.16867604851722717,-0.1401633471250534,0.4274614453315735,0.20427626371383667,-0.12363743036985397,N
0.6301825046539307,0.40996479988098145,-3.531274899160053e-07,0.5775771737098694,0.3615660071372986,-0.05195732042193413,0.5797586441040039,0.29370760917663574,-0.08281052857637405,0.6294862627983093,0.27282029390335083,-0.1073933094739914,0.6762027740478516,0.27348095178604126,-0.12564708292484283,0.6058133244514465,0.1918490082025528,-0.05913489684462547,0.650169849395752,0.17893721163272858,-0.10989218950271606,0.6510055661201477,0.24391676485538483,-0.1376543939113617,0.6416407227516174,0.2989882826805115,-0.15019777417182922,0.6633291840553284,0.1943521946668625,-0.05371532216668129,0.7161742448806763,0.15407758951187134,-0.1097114235162735,0.7031871676445007,0.23953862488269806,-0.12240006029605865,0.6803178787231445,0.30797240138053894,-0.11632806062698364,0.7123730778694153,0.21465055644512177,-0.054313916712999344,0.7495594024658203,0.20107223093509674,-0.10825563967227936,0.7220565676689148,0.2790902853012085,-0.10482639819383621,0.691991925239563,0.3282393515110016,-0.08808031678199768,0.7489237785339355,0.25070416927337646,-0.05917223542928696,0.761770486831665,0.2690858542919159,-0.0980534702539444,0.7255412936210632,0.3251906931400299,-0.09564163535833359,0.692984402179718,0.3599467873573303,-0.08414384722709656,N
0.6897691488265991,0.5536760091781616,-5.843978101438552e-07,0.6132633090019226,0.5407395958900452,-0.09104626625776291,0.5639774799346924,0.5209148526191711,-0.1617484837770462,0.5771045684814453,0.5464300513267517,-0.2172737866640091,0.5986539125442505,0.5632936954498291,-0.26327449083328247,0.628740668296814,0.32423678040504456,-0.15920798480510712,0.6714699864387512,0.43710723519325256,-0.22587387263774872,0.6650596857070923,0.5392764806747437,-0.2550722360610962,0.6483036279678345,0.6070213913917542,-0.27018532156944275,0.7198876142501831,0.3261062502861023,-0.14327780902385712,0.7674360871315002,0.4466905891895294,-0.20361192524433136,0.7359618544578552,0.5489400625228882,-0.21079017221927643,0.7019827365875244,0.6062355041503906,-0.21187961101531982,0.7889941334724426,0.35690611600875854,-0.13142991065979004,0.8260601162910461,0.47896531224250793,-0.18589705228805542,0.7777233719825745,0.560350775718689,-0.1741911768913269,0.7342035174369812,0.5916820168495178,-0.1603182554244995,0.8389518857002258,0.40804973244667053,-0.12741722166538239,0.8581467866897583,0.5072550773620605,-0.1613582819700241,0.8125183582305908,0.5627260208129883,-0.15369458496570587,0.7718045711517334,0.5717140436172485,-0.14391043782234192,N
0.452456533908844,0.5723319053649902,-1.232321096722444e-06,0.3676241636276245,0.5319493412971497,-0.074506975710392,0.3281072974205017,0.46688055992126465,-0.12815816700458527,0.37676137685775757,0.4299096465110779,-0.17261682450771332,0.44618451595306396,0.402608722448349,-0.2061004489660263,0.33575379848480225,0.2307525873184204,-0.09711723029613495,0.31278449296951294,0.3138853907585144,-0.18600928783416748,0.3089252710342407,0.43531298637390137,-0.24418190121650696,0.3107396066188812,0.5248441696166992,-0.2755206227302551,0.4400435984134674,0.21453996002674103,-0.09561418741941452,0.4241796135902405,0.313660591840744,-0.18202318251132965,0.39889514446258545,0.4398636221885681,-0.21041274070739746,0.38358259201049805,0.5240715146064758,-0.21693739295005798,0.5320101976394653,0.24223455786705017,-0.10347383469343185,0.5316341519355774,0.3740944266319275,-0.17590585350990295,0.48013874888420105,0.4733291566371918,-0.1734541803598404,0.43850576877593994,0.5176993608474731,-0.1611783355474472,0.6088603734970093,0.29850754141807556,-0.12018846720457077,0.6034172773361206,0.42506691813468933,-0.17036934196949005,0.5358902812004089,0.49893295764923096,-0.17223316431045532,0.48233717679977417,0.5165593028068542,-0.16464360058307648,N
0.4196609556674957,0.5452227592468262,-8.150418011609872e-07,0.34244272112846375,0.5209839344024658,-0.07337531447410583,0.29322582483291626,0.4872111678123474,-0.1307305097579956,0.31703007221221924,0.4873484671115875,-0.17628562450408936,0.35365134477615356,0.5006709694862366,-0.21358902752399445,0.32105833292007446,0.306645005941391,-0.124278724193573,0.32983171939849854,0.39401620626449585,-0.19245965778827667,0.33152151107788086,0.4800652861595154,-0.2284824252128601,0.32579970359802246,0.5438275337219238,-0.24783289432525635,0.4046430289745331,0.29823678731918335,-0.11682607978582382,0.42047205567359924,0.3942778706550598,-0.1850898265838623,0.4006977677345276,0.48894983530044556,-0.200380340218544,0.3819071650505066,0.55069500207901,-0.20255103707313538,0.47664910554885864,0.32217490673065186,-0.11379275470972061,0.4884085953235626,0.446377158164978,-0.1715232878923416,0.44888192415237427,0.5192415118217468,-0.1633717268705368,0.41470304131507874,0.5509355068206787,-0.14939680695533752,0.53304523229599,0.3654947578907013,-0.11806898564100266,0.5344396829605103,0.4664042592048645,-0.15519839525222778,0.4934544563293457,0.5204594135284424,-0.15017947554588318,0.460848867893219,0.5326088666915894,-0.1398363709449768,N
0.5156257748603821,0.42677271366119385,-6.098014750932634e-07,0.4377114176750183,0.4365331530570984,-0.07646548748016357,0.38925230503082275,0.4435463547706604,-0.1412518471479416,0.394616961479187,0.49500957131385803,-0.1963443011045456,0.409990131855011,0.5368950366973877,-0.24851863086223602,0.4600573182106018,0.30517682433128357,-0.13839904963970184,0.47150471806526184,0.40906888246536255,-0.20396442711353302,0.4702605605125427,0.5064029097557068,-0.2430870085954666,0.4642002284526825,0.5764648914337158,-0.26619991660118103,0.5405166745185852,0.30485859513282776,-0.13180044293403625,0.5488187670707703,0.3936660587787628,-0.19457203149795532,0.5321354866027832,0.5017094612121582,-0.21278992295265198,0.5094704627990723,0.5798339247703552,-0.22026029229164124,0.6014052033424377,0.33146533370018005,-0.12800143659114838,0.6141619682312012,0.4150465428829193,-0.18734490871429443,0.581766664981842,0.5062071681022644,-0.18329736590385437,0.5487377643585205,0.5601688623428345,-0.1723720282316208,0.6451559066772461,0.3783382475376129,-0.13085731863975525,0.6473535895347595,0.4722316265106201,-0.17203250527381897,0.6044334769248962,0.5291278958320618,-0.16857066750526428,0.5638055801391602,0.5507065057754517,-0.16061468422412872,N
0.5184202194213867,0.38035058975219727,-5.643434519697621e-07,0.42583608627319336,0.41453665494918823,-0.0900101363658905,0.3747880756855011,0.44888806343078613,-0.1674230396747589,0.3894968628883362,0.514864981174469,-0.23115770518779755,0.41613078117370605,0.5531455874443054,-0.29054397344589233,0.4349403977394104,0.3143009841442108,-0.19654789566993713,0.4583801031112671,0.4363621473312378,-0.2728275656700134,0.46228280663490295,0.5480517745018005,-0.3058357536792755,0.4539463520050049,0.6300085783004761,-0.3244934380054474,0.5369086265563965,0.29904240369796753,-0.18768037855625153,0.5487553477287292,0.44388526678085327,-0.26633965969085693,0.5268239974975586,0.5722387433052063,-0.2782678008079529,0.4986516833305359,0.6571662425994873,-0.28133121132850647,0.6167834401130676,0.32078155875205994,-0.17946122586727142,0.620043158531189,0.4695754051208496,-0.25296592712402344,0.5734248161315918,0.5731644034385681,-0.23955217003822327,0.5327346324920654,0.6272541880607605,-0.222273051738739,0.6775419116020203,0.36927303671836853,-0.1786891520023346,0.6632537245750427,0.5215743780136108,-0.22978755831718445,0.6059161424636841,0.5872325897216797,-0.22341953217983246,0.5616579651832581,0.6078747510910034,-0.21278080344200134,N
0.5749747157096863,0.7711483240127563,-1.0893934359046398e-06,0.4713417887687683,0.6959652304649353,-0.0723109170794487,0.44234079122543335,0.5908260345458984,-0.11680041253566742,0.5198599696159363,0.5272185802459717,-0.15172238647937775,0.6095582842826843,0.48586076498031616,-0.1740896999835968,0.4226541817188263,0.40700340270996094,-0.08465570211410522,0.4322638511657715,0.4234423041343689,-0.16396775841712952,0.4525133967399597,0.5504795908927917,-0.20612110197544098,0.46563631296157837,0.6573542952537537,-0.22444936633110046,0.5294089317321777,0.38608497381210327,-0.07807040959596634,0.5469603538513184,0.3944095969200134,-0.16364893317222595,0.5495093464851379,0.5407942533493042,-0.1845465451478958,0.5486006140708923,0.6507007479667664,-0.1796949803829193,0.6310566067695618,0.40335285663604736,-0.08025815337896347,0.6531320810317993,0.47015148401260376,-0.1546325981616974,0.6192673444747925,0.5935862064361572,-0.14447687566280365,0.584347128868103,0.6672034859657288,-0.12004955112934113,0.7157461047172546,0.44669103622436523,-0.09066467732191086,0.7237072587013245,0.5315826535224915,-0.13629765808582306,0.6806585192680359,0.622018039226532,-0.12905532121658325,0.6439049243927002,0.6652679443359375,-0.11196314543485641,N
0.6651462316513062,0.9341052770614624,-1.3207362599132466e-06,0.5655732154846191,0.8905752301216125,-0.0871426984667778,0.5318402051925659,0.8181055784225464,-0.1482471078634262,0.6073306202888489,0.7619719505310059,-0.1992466151714325,0.7075586318969727,0.7279960513114929,-0.23701715469360352,0.4840751886367798,0.5707502365112305,-0.09918230772018433,0.5183247327804565,0.632020890712738,-0.1941394954919815,0.5542736649513245,0.7693067193031311,-0.25517210364341736,0.5730094909667969,0.8680785894393921,-0.2875349521636963,0.5954734683036804,0.5383279323577881,-0.09287353605031967,0.6349133849143982,0.6090025305747986,-0.18944154679775238,0.6442381739616394,0.7566187977790833,-0.22041887044906616,0.6414878964424133,0.8566716313362122,-0.22342853248119354,0.7022494673728943,0.5505586266517639,-0.09728333353996277,0.7468628883361816,0.671028733253479,-0.17893680930137634,0.7221092581748962,0.7964521646499634,-0.17292162775993347,0.6889914870262146,0.8625168800354004,-0.15137024223804474,0.7934483289718628,0.5917060971260071,-0.11161759495735168,0.8159005641937256,0.7117307186126709,-0.15827327966690063,0.7734983563423157,0.8042680621147156,-0.1516544371843338,0.7311012744903564,0.8394466042518616,-0.13495901226997375,N
0.7483794689178467,0.8194469213485718,-1.8284941916135722e-06,0.5720512270927429,0.7127611041069031,0.05007379874587059,0.49904775619506836,0.5783807039260864,0.057374127209186554,0.43508681654930115,0.48233774304389954,0.030572853982448578,0.3784540891647339,0.39215657114982605,0.002531478414312005,0.6346026062965393,0.39715075492858887,0.11571262031793594,0.5845832228660583,0.23654621839523315,0.06905568391084671,0.4707166254520416,0.2597338557243347,0.031268831342458725,0.4090295433998108,0.3301956355571747,0.012616895139217377,0.6866297125816345,0.3898223340511322,0.04987170547246933,0.6026464104652405,0.20776207745075226,-0.0010359399020671844,0.4615309238433838,0.2547904849052429,-0.03273741155862808,0.4086785316467285,0.3473966121673584,-0.040644291788339615,0.7387513518333435,0.4037129580974579,-0.02653866447508335,0.6446691751480103,0.2283269315958023,-0.07874587923288345,0.49676164984703064,0.2715960144996643,-0.09338151663541794,0.43540456891059875,0.3655394911766052,-0.08887846022844315,0.7849575877189636,0.4353981912136078,-0.10232602059841156,0.6737676858901978,0.30325454473495483,-0.1406664103269577,0.5549579858779907,0.3132871985435486,-0.14733727276325226,0.49625614285469055,0.3818950355052948,-0.14277738332748413,O
0.6946541666984558,0.835239589214325,-1.948963927134173e-06,0.512205958366394,0.7202275991439819,0.140184223651886,0.4356805980205536,0.5931133031845093,0.1868399828672409,0.3648897111415863,0.5004770755767822,0.17888645827770233,0.3055071532726288,0.40704062581062317,0.16167324781417847,0.5907464027404785,0.40435242652893066,0.2363836169242859,0.5170264840126038,0.259480357170105,0.2302434891462326,0.40602976083755493,0.28252336382865906,0.20580744743347168,0.34621140360832214,0.3512424826622009,0.18835434317588806,0.6361260414123535,0.39823824167251587,0.12497664242982864,0.5273940563201904,0.22642970085144043,0.11102497577667236,0.392400860786438,0.2697923183441162,0.07794976234436035,0.3420105278491974,0.3572970926761627,0.05992138013243675,0.6694597601890564,0.4090530574321747,0.007767272647470236,0.5490758419036865,0.24032028019428253,-0.021048249676823616,0.40811097621917725,0.2846696972846985,-0.03610832989215851,0.34798675775527954,0.37518036365509033,-0.040392715483903885,0.6879768967628479,0.4328654110431671,-0.10237934440374374,0.5570154786109924,0.310901939868927,-0.1269213855266571,0.4384203851222992,0.32613903284072876,-0.1307990849018097,0.3771902620792389,0.39015838503837585,-0.13066421449184418,O
0.4138340651988983,0.8391226530075073,-9.088146839530964e-07,0.3186268210411072,0.7725002765655518,0.001295283786021173,0.26640331745147705,0.700732946395874,-0.007787839975208044,0.2243545800447464,0.6486338376998901,-0.03008147142827511,0.2042418122291565,0.5943943858146667,-0.05080851912498474,0.3395736813545227,0.596109926700592,0.03643033653497696,0.30397486686706543,0.5026151537895203,-0.0033943529706448317,0.24620649218559265,0.5154851078987122,-0.036772720515728,0.2095114141702652,0.5477786064147949,-0.05505995452404022,0.3746946156024933,0.5962712168693542,0.011865590699017048,0.32689428329467773,0.4952239394187927,-0.03039425052702427,0.2573123574256897,0.5176031589508057,-0.06133538857102394,0.22109615802764893,0.5578851699829102,-0.07527889311313629,0.4114105701446533,0.6080803871154785,-0.02031606435775757,0.37127968668937683,0.5102876424789429,-0.06007162481546402,0.28974419832229614,0.5256551504135132,-0.0795987993478775,0.2414245903491974,0.564313530921936,-0.08394455909729004,0.4468272030353546,0.6316893100738525,-0.05378839746117592,0.4014357924461365,0.5601592659950256,-0.0823337733745575,0.3301844596862793,0.551529049873352,-0.09432541579008102,0.2776227295398712,0.5675252079963684,-0.09746000915765762,O
0.5224063992500305,0.7494863867759705,-1.0445093039379572e-06,0.43042469024658203,0.6639650464057922,0.007812874391674995,0.3874385356903076,0.5743388533592224,0.003078459994867444,0.35161393880844116,0.5045844912528992,-0.017968494445085526,0.33605021238327026,0.4409402310848236,-0.03832218050956726,0.48184412717819214,0.4795684516429901,0.05354391410946846,0.4638485014438629,0.3744363784790039,0.016284223645925522,0.4000495374202728,0.3721802234649658,-0.01649908535182476,0.3509353995323181,0.39696913957595825,-0.03464507311582565,0.5198837518692017,0.4797844886779785,0.02405218407511711,0.49401232600212097,0.35240572690963745,-0.01658633165061474,0.4121949076652527,0.35978108644485474,-0.048887815326452255,0.35885822772979736,0.39338254928588867,-0.06306985020637512,0.5571141839027405,0.4924864172935486,-0.013189200311899185,0.5368157625198364,0.36815959215164185,-0.05170493572950363,0.4449324607849121,0.37040749192237854,-0.07141707837581635,0.38342857360839844,0.40413129329681396,-0.07545008510351181,0.5887970924377441,0.5168378353118896,-0.05167578533291817,0.5490766763687134,0.4259089231491089,-0.0786750540137291,0.4750969111919403,0.40213093161582947,-0.09050042927265167,0.4182901382446289,0.40891608595848083,-0.09386143088340759,O
0.8676232695579529,0.8516520857810974,-1.6316085975631722e-06,0.7067211270332336,0.7507790923118591,0.024186057969927788,0.6223874688148499,0.6552074551582336,0.004857713356614113,0.5357045531272888,0.5775812268257141,-0.03768761083483696,0.4841735363006592,0.4958278238773346,-0.07847040891647339,0.8351336717605591,0.448530375957489,0.06333862990140915,0.7010128498077393,0.3345854878425598,0.02385530062019825,0.5944117307662964,0.37666255235671997,-0.017562195658683777,0.5296444296836853,0.4379749596118927,-0.04325801134109497,0.8679935336112976,0.44089022278785706,0.014308827929198742,0.6750488877296448,0.3109491765499115,-0.0170601774007082,0.5627171397209167,0.3641793727874756,-0.04353630170226097,0.5149878263473511,0.4459336996078491,-0.05944835767149925,0.8790854215621948,0.4550437331199646,-0.042039625346660614,0.6914895176887512,0.32571402192115784,-0.07199706137180328,0.5684607028961182,0.36962664127349854,-0.07538453489542007,0.5129905939102173,0.4465939998626709,-0.07336919009685516,0.8653531670570374,0.48865705728530884,-0.1007857546210289,0.7140833735466003,0.39172402024269104,-0.1291351169347763,0.6118067502975464,0.3996163308620453,-0.130695179104805,0.5517557859420776,0.44703221321105957,-0.1247558444738388,O
0.8216311931610107,0.7762805223464966,-1.618469809727685e-06,0.6268395185470581,0.7017617225646973,0.032433025538921356,0.5365633368492126,0.6105436086654663,0.026406671851873398,0.45182347297668457,0.5360419154167175,-0.0030373649206012487,0.3882947862148285,0.45524969696998596,-0.03425225242972374,0.7272552251815796,0.3751750588417053,0.08045794069766998,0.5789543390274048,0.27768534421920776,0.05265117809176445,0.4797224998474121,0.31873515248298645,0.016269076615571976,0.42291325330734253,0.38602137565612793,-0.005448540206998587,0.760023832321167,0.36142638325691223,0.03335186466574669,0.5620645880699158,0.25274747610092163,0.019581101834774017,0.4571499824523926,0.3110106885433197,-0.003381390357390046,0.4172569811344147,0.400225430727005,-0.020384130999445915,0.7650607824325562,0.37246420979499817,-0.020029254257678986,0.5708366632461548,0.2602672278881073,-0.03542447090148926,0.4605366289615631,0.31634631752967834,-0.04254433140158653,0.4196995496749878,0.4031902253627777,-0.047232694923877716,0.7426168918609619,0.40150827169418335,-0.07507907599210739,0.5866290330886841,0.3070060610771179,-0.08989500254392624,0.48791512846946716,0.32046395540237427,-0.08833184838294983,0.43307459354400635,0.3716760277748108,-0.08424052596092224,O
0.6209747791290283,0.7510210275650024,-1.5362628573711845e-06,0.47853484749794006,0.6232702732086182,0.05770674720406532,0.41579076647758484,0.508764922618866,0.06544322520494461,0.3547806739807129,0.42007845640182495,0.03921614587306976,0.3201133608818054,0.32944604754447937,0.008936107158660889,0.5651448369026184,0.36383435130119324,0.12890024483203888,0.5047569870948792,0.2380964159965515,0.09703215211629868,0.40894514322280884,0.24405433237552643,0.056921981275081635,0.3354683518409729,0.28119146823883057,0.031071586534380913,0.6157570481300354,0.35902920365333557,0.0605153925716877,0.5229271054267883,0.20523223280906677,0.0254734605550766,0.40779054164886475,0.2241661697626114,-0.01687438413500786,0.33279791474342346,0.27982258796691895,-0.041713885962963104,0.6564505696296692,0.37278443574905396,-0.016090460121631622,0.574996829032898,0.21221274137496948,-0.05468377098441124,0.44502365589141846,0.2203938215970993,-0.07930479198694229,0.35711947083473206,0.27323079109191895,-0.08914917707443237,0.6812259554862976,0.40010908246040344,-0.09148621559143066,0.5907118916511536,0.2817135453224182,-0.12518735229969025,0.48711904883384705,0.2589893341064453,-0.13878411054611206,0.407703697681427,0.2766188681125641,-0.14353157579898834,O
0.7799214124679565,0.8972322940826416,-1.561026124363707e-06,0.6226320862770081,0.802685022354126,-0.01731138676404953,0.5250058770179749,0.6811774373054504,-0.04228698089718819,0.4485799968242645,0.5977545976638794,-0.08425439894199371,0.40942174196243286,0.5078229308128357,-0.1236942932009697,0.6446208357810974,0.5053645372390747,0.020449116826057434,0.5809736251831055,0.34811848402023315,-0.061266928911209106,0.47881072759628296,0.37273043394088745,-0.12470564246177673,0.41582247614860535,0.43508851528167725,-0.15821342170238495,0.7074795961380005,0.4983197748661041,-0.012368929572403431,0.6262201070785522,0.3227827250957489,-0.10119891911745071,0.4969415068626404,0.36450767517089844,-0.16291067004203796,0.42686623334884644,0.43635648488998413,-0.1890876442193985,0.7748197317123413,0.5134566426277161,-0.05713744834065437,0.707115650177002,0.3376668095588684,-0.13642920553684235,0.5611933469772339,0.36923453211784363,-0.1756799817085266,0.47673532366752625,0.4385414123535156,-0.1836778223514557,0.8410002589225769,0.5520766973495483,-0.104478619992733,0.763419508934021,0.420884907245636,-0.16049790382385254,0.6458686590194702,0.39807239174842834,-0.18570467829704285,0.5620025396347046,0.4160555303096771,-0.19238817691802979,O
0.5718460083007812,0.6314802169799805,-6.508907404167985e-07,0.5022950172424316,0.5843001008033752,-0.009942064061760902,0.4581559896469116,0.5248510837554932,-0.019470570608973503,0.4337118864059448,0.47405993938446045,-0.035644687712192535,0.43253153562545776,0.4295519292354584,-0.04900995269417763,0.5102018713951111,0.44799551367759705,0.015842212364077568,0.5005033016204834,0.36360013484954834,-0.01643441990017891,0.461503803730011,0.36349835991859436,-0.04188846796751022,0.4330596327781677,0.38476255536079407,-0.0546325147151947,0.5397672653198242,0.4467853009700775,0.005724527407437563,0.5225496888160706,0.3565204441547394,-0.028609590604901314,0.4778915047645569,0.3677261471748352,-0.05115407332777977,0.451325386762619,0.3991100788116455,-0.059483904391527176,0.5722797513008118,0.4525318741798401,-0.010415704920887947,0.5576419234275818,0.36565786600112915,-0.038683779537677765,0.5084874629974365,0.37639108300209045,-0.049932777881622314,0.47703784704208374,0.407321035861969,-0.05029875785112381,0.6108583211898804,0.467945396900177,-0.028597639873623848,0.589927613735199,0.40521687269210815,-0.046145401895046234,0.5461518168449402,0.3917011618614197,-0.05252883955836296,0.511545717716217,0.3972228765487671,-0.05317366123199463,O
0.5604985356330872,0.5315178036689758,-6.427030143640877e-07,0.49644187092781067,0.48849689960479736,-0.014328197576105595,0.4516187310218811,0.4262867569923401,-0.025724180042743683,0.42737311124801636,0.3701964020729065,-0.04224887862801552,0.43225207924842834,0.3252653181552887,-0.05583084374666214,0.5051502585411072,0.35462069511413574,0.010115128010511398,0.4940810203552246,0.27614760398864746,-0.023915903642773628,0.45543956756591797,0.2720630168914795,-0.050758104771375656,0.42724159359931946,0.29020437598228455,-0.06479275226593018,0.5350716710090637,0.3495481014251709,0.0028968520928174257,0.5205107927322388,0.2608177959918976,-0.034004371613264084,0.47147396206855774,0.26502829790115356,-0.0591290257871151,0.43965932726860046,0.2914898991584778,-0.06916483491659164,0.5688839554786682,0.35349544882774353,-0.010302450507879257,0.5591407418251038,0.2657402753829956,-0.04035833105444908,0.5069409608840942,0.26645126938819885,-0.056562528014183044,0.4692443907260895,0.2903619706630707,-0.06039955094456673,0.6072689890861511,0.3699166774749756,-0.02552104741334915,0.5820613503456116,0.31017911434173584,-0.04622235521674156,0.5417349338531494,0.2889805734157562,-0.05866428464651108,0.507409930229187,0.2857933044433594,-0.06345715373754501,O
0.5114286541938782,0.5828040242195129,-9.520538242213661e-07,0.4242408275604248,0.5154610276222229,-0.0002539031265769154,0.37694263458251953,0.44022661447525024,-0.007970202714204788,0.3325917720794678,0.38579586148262024,-0.026234764605760574,0.30142825841903687,0.3382275104522705,-0.04340633749961853,0.46900302171707153,0.33374014496803284,0.030370868742465973,0.418865829706192,0.2628898024559021,-0.003101576119661331,0.3565968871116638,0.2725994288921356,-0.03433821722865105,0.30935317277908325,0.30289530754089355,-0.0515250526368618,0.49339622259140015,0.32963669300079346,0.010822058655321598,0.42298606038093567,0.24602943658828735,-0.02163039892911911,0.35269883275032043,0.26497435569763184,-0.04849819839000702,0.3082160949707031,0.30244070291519165,-0.06114713475108147,0.5167012810707092,0.3373008370399475,-0.014487127773463726,0.44920065999031067,0.24944475293159485,-0.046413540840148926,0.3683536648750305,0.2634807825088501,-0.061927348375320435,0.31699490547180176,0.299702525138855,-0.06478845328092575,0.5304719805717468,0.35660257935523987,-0.04117772728204727,0.4646484851837158,0.28770148754119873,-0.06385555118322372,0.39827772974967957,0.28013327717781067,-0.06977172195911407,0.34806936979293823,0.29615190625190735,-0.06839901953935623,O
0.6109567284584045,0.7327718138694763,-1.1946267477469519e-06,0.4998072385787964,0.6574811935424805,-0.011078801937401295,0.42752403020858765,0.5682350397109985,-0.02800176478922367,0.37014731764793396,0.4979332387447357,-0.056766949594020844,0.34483829140663147,0.433841347694397,-0.08302994817495346,0.5139352083206177,0.44230952858924866,0.017725717276334763,0.4617897570133209,0.32462549209594727,-0.030698418617248535,0.3896717131137848,0.33872348070144653,-0.06983217597007751,0.34056782722473145,0.38258159160614014,-0.09067318588495255,0.5507308840751648,0.4319128096103668,-0.0019220084650442004,0.48048338294029236,0.29885396361351013,-0.052016731351614,0.3963503837585449,0.3279578983783722,-0.08625918626785278,0.3497437834739685,0.38223275542259216,-0.10125245153903961,0.5950166583061218,0.43526315689086914,-0.02931777574121952,0.5399353504180908,0.29751768708229065,-0.07366839796304703,0.4437359571456909,0.3204347789287567,-0.0932830423116684,0.3837471008300781,0.37376031279563904,-0.0967148095369339,0.640893280506134,0.45490607619285583,-0.059295590966939926,0.577127993106842,0.36278438568115234,-0.09117204695940018,0.49288564920425415,0.3471819758415222,-0.10342634469270706,0.42796391248703003,0.3624291718006134,-0.10586535185575485,O
0.5009868741035461,0.7058147192001343,-9.949934565156582e-07,0.4226154088973999,0.6391561627388,-0.012889632023870945,0.3714520335197449,0.5688035488128662,-0.02968044951558113,0.3324887752532959,0.5094422698020935,-0.05521479249000549,0.3212096691131592,0.4559352993965149,-0.07788770645856857,0.43271923065185547,0.46831220388412476,0.006663937121629715,0.40535086393356323,0.36983439326286316,-0.035283513367176056,0.3489377796649933,0.3836442828178406,-0.06753000617027283,0.3157404065132141,0.42096981406211853,-0.08402356505393982,0.4633687138557434,0.4658011496067047,-0.007503780070692301,0.4263463616371155,0.3523457646369934,-0.05054318904876709,0.36011606454849243,0.3766961693763733,-0.07498900592327118,0.32722508907318115,0.4226542115211487,-0.08367057889699936,0.4999676048755646,0.47369465231895447,-0.0283622145652771,0.476345032453537,0.35913321375846863,-0.06479720771312714,0.4021824896335602,0.3747980296611786,-0.07540620118379593,0.358227014541626,0.41685864329338074,-0.07418705523014069,0.5403192639350891,0.4937204420566559,-0.05168928951025009,0.5053080320358276,0.4132862091064453,-0.07462717592716217,0.44124993681907654,0.3964892029762268,-0.08075612038373947,0.39313870668411255,0.40599721670150757,-0.08028671890497208,O
0.593908429145813,0.6098788976669312,-6.195301693878719e-07,0.5246137380599976,0.566558301448822,-0.00925225019454956,0.4796390235424042,0.510719895362854,-0.017329877242445946,0.4574054181575775,0.46197208762168884,-0.03143127262592316,0.45781630277633667,0.42115920782089233,-0.04300248995423317,0.5310467481613159,0.4418724477291107,0.01806076616048813,0.5204658508300781,0.3708173632621765,-0.010605383664369583,0.4859684407711029,0.36936527490615845,-0.03473037853837013,0.4606899619102478,0.3883221447467804,-0.047127075493335724,0.5583384037017822,0.43710553646087646,0.008629171177744865,0.5432012677192688,0.3611621856689453,-0.020988833159208298,0.5026472806930542,0.36507585644721985,-0.04314003139734268,0.47621071338653564,0.3893890678882599,-0.05260862037539482,0.5867214202880859,0.43751078844070435,-0.006502361502498388,0.5703048706054688,0.36456620693206787,-0.03132049739360809,0.5262251496315002,0.3685218095779419,-0.04384144768118858,0.49714234471321106,0.39263105392456055,-0.046490587294101715,0.6185696721076965,0.44621002674102783,-0.023503314703702927,0.5904322862625122,0.3916468322277069,-0.037925053387880325,0.5502815246582031,0.380813866853714,-0.043277811259031296,0.5203135013580322,0.38745060563087463,-0.043969862163066864,O
0.7554594278335571,0.6844086647033691,-7.138672799555934e-07,0.686847448348999,0.6230626106262207,-0.012668994255363941,0.642702579498291,0.554659366607666,-0.0253507848829031,0.6222812533378601,0.4918615221977234,-0.044735077768564224,0.6337236166000366,0.44423502683639526,-0.06069692224264145,0.7042116522789001,0.47512900829315186,0.014365090057253838,0.6974079608917236,0.38764482736587524,-0.022222476080060005,0.6534292697906494,0.38201576471328735,-0.05189435929059982,0.6196994185447693,0.4018005132675171,-0.06706326454877853,0.7356933355331421,0.47375786304473877,0.004755344241857529,0.7230551242828369,0.377399742603302,-0.03139892593026161,0.6710500717163086,0.3804709017276764,-0.05524995177984238,0.6359304785728455,0.40853944420814514,-0.06493046134710312,0.7711572647094727,0.48108088970184326,-0.011474933475255966,0.7602619528770447,0.3888223171234131,-0.04154764860868454,0.7043867111206055,0.38849154114723206,-0.05349373072385788,0.6639213562011719,0.4134216904640198,-0.05471767485141754,0.811604917049408,0.4999725818634033,-0.030073216184973717,0.7936723232269287,0.4316045641899109,-0.04798600822687149,0.7495860457420349,0.40953850746154785,-0.054343678057193756,0.7115669846534729,0.4086102545261383,-0.05517173185944557,O
0.4492012560367584,0.9159427285194397,-9.65217623161152e-07,0.37048256397247314,0.8452935218811035,-0.004555228631943464,0.32407501339912415,0.7702285051345825,-0.018040049821138382,0.2886703610420227,0.7216892242431641,-0.04175802692770958,0.2742924690246582,0.6737033724784851,-0.06328091025352478,0.395954966545105,0.6738507151603699,0.008889391086995602,0.3666364848613739,0.5836806893348694,-0.03753725439310074,0.3069174289703369,0.603823184967041,-0.0703226700425148,0.27587413787841797,0.6410655379295349,-0.08709554374217987,0.4317671060562134,0.6809238195419312,-0.011836595833301544,0.39323487877845764,0.5828143358230591,-0.06133204326033592,0.32200372219085693,0.6142884492874146,-0.08517839014530182,0.2936217188835144,0.6588167548179626,-0.0923948809504509,0.4668572247028351,0.7013549208641052,-0.039265479892492294,0.4399906396865845,0.6053518652915955,-0.08259769529104233,0.3609137535095215,0.6269352436065674,-0.09208907932043076,0.319576621055603,0.6670080423355103,-0.08874264359474182,0.4999672472476959,0.7332525253295898,-0.06826229393482208,0.46979331970214844,0.6654250621795654,-0.09793336689472198,0.40301087498664856,0.6563029885292053,-0.10500829666852951,0.3568384051322937,0.6700363159179688,-0.1037425547838211,O
0.4449732303619385,0.6526098847389221,-5.827729978591378e-07,0.38788262009620667,0.6033321619033813,-0.00731322355568409,0.35074326395988464,0.5489342212677002,-0.015450846403837204,0.32951992750167847,0.5036610960960388,-0.02987220138311386,0.33067402243614197,0.4665733873844147,-0.0418754443526268,0.4075563848018646,0.4855714440345764,0.01700986549258232,0.3982941210269928,0.4172895848751068,-0.009456022642552853,0.35883232951164246,0.4160090684890747,-0.03139419108629227,0.3299168348312378,0.43364831805229187,-0.04271423816680908,0.43179404735565186,0.4834824502468109,0.007858019322156906,0.4169563055038452,0.40692105889320374,-0.019611673429608345,0.3693157434463501,0.41209957003593445,-0.03864208236336708,0.3388685882091522,0.43578076362609863,-0.045954570174217224,0.4586121141910553,0.48865583539009094,-0.006370028015226126,0.4468800127506256,0.41222116351127625,-0.030990948900580406,0.3941071033477783,0.4163738489151001,-0.041292380541563034,0.3585149347782135,0.44000059366226196,-0.041762419044971466,0.4884822368621826,0.5030616521835327,-0.022016797214746475,0.4674646854400635,0.4456189274787903,-0.03842958062887192,0.42298951745033264,0.43368664383888245,-0.04354334622621536,0.3868059813976288,0.4408360719680786,-0.043038398027420044,O
0.6440725922584534,0.8742763996124268,-2.107542513840599e-06,0.4740276634693146,0.7596880197525024,0.1200314462184906,0.40722745656967163,0.6366979479789734,0.15996786952018738,0.34504434466362,0.5454171895980835,0.15088291466236115,0.28232598304748535,0.45608246326446533,0.1334857940673828,0.5526257753372192,0.4547286927700043,0.2047101855278015,0.4834181070327759,0.31012803316116333,0.1876858025789261,0.3722825348377228,0.3348649740219116,0.15966369211673737,0.31072625517845154,0.40094882249832153,0.14090467989444733,0.6016052961349487,0.4508765935897827,0.10440360009670258,0.49674463272094727,0.2760223150253296,0.07713428884744644,0.35954904556274414,0.32370680570602417,0.042954687029123306,0.3066394031047821,0.409524530172348,0.025800280272960663,0.6428172588348389,0.4603920578956604,-0.002830267185345292,0.5349026918411255,0.2922680079936981,-0.04159943759441376,0.3926447927951813,0.333557665348053,-0.06247541308403015,0.32967934012413025,0.41902196407318115,-0.069697305560112,0.6737698316574097,0.48098284006118774,-0.10387107729911804,0.5548754930496216,0.3613373935222626,-0.1408177614212036,0.43749797344207764,0.37095850706100464,-0.15618161857128143,0.3742152452468872,0.4262458086013794,-0.16346505284309387,O
0.601848840713501,0.8347116708755493,-1.9795559182966826e-06,0.44351768493652344,0.7098689675331116,0.10732478648424149,0.38410985469818115,0.5976735949516296,0.1362314671278,0.3287448287010193,0.5060247778892517,0.11921558529138565,0.2857974171638489,0.4141925871372223,0.09304606169462204,0.5421343445777893,0.43229323625564575,0.1863175928592682,0.4887853264808655,0.28635284304618835,0.1728636473417282,0.3813830614089966,0.3010861873626709,0.14133533835411072,0.3149365186691284,0.3579762876033783,0.11896538734436035,0.5832846164703369,0.425893634557724,0.09534109383821487,0.49499979615211487,0.25542569160461426,0.07773200422525406,0.3671889007091522,0.28518229722976685,0.03802531585097313,0.3069871962070465,0.3609044551849365,0.01219983771443367,0.6155127882957458,0.43490806221961975,-0.0007393311825580895,0.5195537805557251,0.2695607542991638,-0.021818848326802254,0.38730522990226746,0.2977214753627777,-0.042798761278390884,0.3191535174846649,0.37540680170059204,-0.05696902051568031,0.6385676860809326,0.45544686913490295,-0.09195790439844131,0.5273885130882263,0.3341237008571625,-0.10635843873023987,0.41716355085372925,0.3387545347213745,-0.10981793701648712,0.3502279818058014,0.39064353704452515,-0.1132347583770752,O
0.394758939743042,0.8925968408584595,-1.2096166983610601e-06,0.26726222038269043,0.7886985540390015,0.008749542757868767,0.21882814168930054,0.7124853730201721,-0.007037659641355276,0.16656607389450073,0.6603586673736572,-0.033428389579057693,0.11944019794464111,0.6224267482757568,-0.0635707750916481,0.3729088306427002,0.5857365727424622,-0.003532184287905693,0.2543714642524719,0.500804603099823,-0.038770560175180435,0.18029911816120148,0.5349994897842407,-0.07189475744962692,0.14276523888111115,0.5821573734283447,-0.09248235076665878,0.39115503430366516,0.5963139533996582,-0.028360897675156593,0.24294181168079376,0.4988314211368561,-0.05221003293991089,0.16244180500507355,0.5416425466537476,-0.07003616541624069,0.13871437311172485,0.5933380126953125,-0.08575483411550522,0.38506633043289185,0.6293693780899048,-0.055328380316495895,0.2561834156513214,0.5250298976898193,-0.08162221312522888,0.17240306735038757,0.5510398745536804,-0.0887921154499054,0.13417021930217743,0.5959264636039734,-0.09360173344612122,0.359658807516098,0.6742783188819885,-0.08235630393028259,0.26301297545433044,0.6070939898490906,-0.10243674367666245,0.1972966492176056,0.6022898554801941,-0.10580769181251526,0.15229904651641846,0.6176134347915649,-0.1073315441608429,O
0.8038055896759033,0.8958859443664551,-1.4840200037724571e-06,0.5888245105743408,0.8593027591705322,0.17243917286396027,0.4633578658103943,0.7587398886680603,0.2525188624858856,0.3754335045814514,0.6721150875091553,0.26673653721809387,0.3021931052207947,0.5658702850341797,0.27165520191192627,0.6604824662208557,0.5049960613250732,0.4192809462547302,0.5623188018798828,0.40457379817962646,0.4664015769958496,0.46538805961608887,0.4172833263874054,0.44287991523742676,0.39427435398101807,0.46711301803588867,0.41620174050331116,0.6937140226364136,0.46938765048980713,0.2990180253982544,0.5440020561218262,0.3700193762779236,0.3273019790649414,0.40986087918281555,0.43887054920196533,0.2591126263141632,0.3482663631439209,0.5380064845085144,0.20830561220645905,0.7000933885574341,0.45061880350112915,0.1674601435661316,0.5521757006645203,0.3799644112586975,0.1864473670721054,0.4263594150543213,0.4588140845298767,0.1381237506866455,0.3753422498703003,0.5556386113166809,0.09960011392831802,0.7059189677238464,0.45382124185562134,0.04193323478102684,0.5650660991668701,0.43685227632522583,0.05776672810316086,0.4715721309185028,0.4902687668800354,0.04140998795628548,0.4182857275009155,0.5442450642585754,0.023792853578925133,O
0.6533677577972412,0.8451656103134155,-1.484624021941272e-06,0.48614636063575745,0.7869307398796082,0.030061589553952217,0.40488380193710327,0.6917847394943237,0.030789842829108238,0.328606516122818,0.6222206950187683,0.009586966596543789,0.27782973647117615,0.5449228286743164,-0.014662709087133408,0.5750395655632019,0.48527953028678894,0.07316748052835464,0.4442140460014343,0.3988119661808014,0.047103870660066605,0.34830954670906067,0.43861642479896545,0.015484294854104519,0.29673469066619873,0.50623619556427,-0.002117367461323738,0.6017231941223145,0.47659745812416077,0.030466528609395027,0.44195178151130676,0.371036171913147,0.01819946989417076,0.3329487144947052,0.4195464551448822,-0.003370733465999365,0.286327987909317,0.49758997559547424,-0.017877530306577682,0.6066360473632812,0.48815178871154785,-0.018123140558600426,0.44846105575561523,0.37830549478530884,-0.038999926298856735,0.33730483055114746,0.42786717414855957,-0.05068819969892502,0.29256099462509155,0.5064936280250549,-0.05557088181376457,0.5870568156242371,0.515410304069519,-0.06684254109859467,0.45408710837364197,0.41820380091667175,-0.08842252194881439,0.35813120007514954,0.4324672520160675,-0.08897173404693604,0.3055524230003357,0.4839063584804535,-0.0844598188996315,O
0.7023922801017761,0.7512978315353394,-1.659710619605903e-06,0.5300948023796082,0.6863703727722168,0.024505585432052612,0.4503178000450134,0.5989529490470886,0.021820593625307083,0.3719003200531006,0.5285159349441528,-0.0014138584956526756,0.3109194338321686,0.45563849806785583,-0.027053596451878548,0.6065319776535034,0.41174042224884033,0.07134056836366653,0.4864517152309418,0.3199172914028168,0.0371108241379261,0.39364302158355713,0.3448585271835327,-0.0010777406860142946,0.34009769558906555,0.40100395679473877,-0.02339843474328518,0.640296459197998,0.3895453214645386,0.03116554021835327,0.47736185789108276,0.2751489579677582,0.004337469581514597,0.36960428953170776,0.3222607970237732,-0.026156701147556305,0.32497638463974,0.39704272150993347,-0.045502640306949615,0.6544080972671509,0.38805076479911804,-0.015876680612564087,0.48597049713134766,0.26684367656707764,-0.04832274094223976,0.37126168608665466,0.31838685274124146,-0.06697671860456467,0.3278985023498535,0.3988434076309204,-0.07499431073665619,0.6437433362007141,0.3997524082660675,-0.06295771151781082,0.4957394301891327,0.3013933598995209,-0.08817960321903229,0.3965761065483093,0.32240650057792664,-0.09237507730722427,0.3454408347606659,0.38123735785484314,-0.09101717919111252,O
0.424733966588974,0.8840031623840332,-9.107490086535108e-07,0.3191758990287781,0.8298298716545105,0.006076947320252657,0.2596258521080017,0.7576076984405518,0.0017369553679600358,0.21390148997306824,0.7031986117362976,-0.01642696000635624,0.18662594258785248,0.6518723964691162,-0.03261032700538635,0.32988882064819336,0.6454858183860779,0.044904544949531555,0.2953874170780182,0.5447386503219604,0.008549677208065987,0.23305878043174744,0.55759596824646,-0.021496284753084183,0.1944887787103653,0.5933771729469299,-0.03695818409323692,0.36442023515701294,0.6413525938987732,0.019983280450105667,0.3159281313419342,0.5332910418510437,-0.01866837590932846,0.2387099713087082,0.5559520125389099,-0.04630190506577492,0.19858643412590027,0.5997421741485596,-0.05672193318605423,0.40002381801605225,0.6482071280479431,-0.012269536033272743,0.35686686635017395,0.5400680303573608,-0.04771176353096962,0.2700977623462677,0.559701144695282,-0.06307652592658997,0.22090710699558258,0.60261470079422,-0.06406931579113007,0.435021311044693,0.6669200658798218,-0.045675236731767654,0.3824058771133423,0.5912931561470032,-0.07043445110321045,0.3072616159915924,0.5869424939155579,-0.07923061400651932,0.2563409209251404,0.6063691973686218,-0.07961694151163101,O
0.3331529200077057,0.7723757028579712,-6.73274314522132e-07,0.27254754304885864,0.7281020283699036,-0.007939771749079227,0.23315531015396118,0.6745622158050537,-0.016683075577020645,0.20393383502960205,0.6293585896492004,-0.032494910061359406,0.1930592805147171,0.5888891816139221,-0.04626300930976868,0.28743496537208557,0.6025515794754028,0.016693711280822754,0.26588955521583557,0.5325186252593994,-0.010851386934518814,0.22467876970767975,0.5371008515357971,-0.03249858319759369,0.20071028172969818,0.5619331002235413,-0.04359327629208565,0.3099437355995178,0.5982993841171265,0.005971942096948624,0.28269723057746887,0.5180975794792175,-0.023174813017249107,0.2333976924419403,0.5309534668922424,-0.04133903235197067,0.20869602262973785,0.5622879862785339,-0.04753057658672333,0.33701395988464355,0.602144718170166,-0.010241915471851826,0.3144960403442383,0.5218813419342041,-0.037917058914899826,0.256712943315506,0.5308650732040405,-0.04790544509887695,0.22455573081970215,0.5603369474411011,-0.047357384115457535,0.36671745777130127,0.6150442957878113,-0.02804078347980976,0.3347455859184265,0.5544416308403015,-0.04783842712640762,0.284862756729126,0.5468254685401917,-0.05370418727397919,0.25076740980148315,0.5616976022720337,-0.053064826875925064,O
0.4054239094257355,0.7706889510154724,-9.530285183245724e-07,0.3229941129684448,0.6919156312942505,-0.005346118006855249,0.27517932653427124,0.6108021140098572,-0.01671435683965683,0.23683632910251617,0.5526788234710693,-0.03919042646884918,0.22388777136802673,0.5019891262054443,-0.06049606204032898,0.35497456789016724,0.5157447457313538,0.025115232914686203,0.3228623867034912,0.4209078550338745,-0.014650603756308556,0.2639119625091553,0.42800095677375793,-0.0492786169052124,0.2190621942281723,0.45867133140563965,-0.0684407651424408,0.38783174753189087,0.5146134495735168,0.006280948407948017,0.3424307405948639,0.4081575274467468,-0.03568454459309578,0.27335768938064575,0.4264357089996338,-0.06758978962898254,0.22864823043346405,0.465529203414917,-0.08273086696863174,0.423757404088974,0.5264490842819214,-0.019408907741308212,0.3943786025047302,0.415116548538208,-0.05826999992132187,0.3148365616798401,0.42606255412101746,-0.07844770699739456,0.259340763092041,0.46483781933784485,-0.08367981761693954,0.4582921266555786,0.5511218905448914,-0.04675403982400894,0.41628599166870117,0.4734768867492676,-0.07549495249986649,0.3503449857234955,0.4565681517124176,-0.08850270509719849,0.2965850532054901,0.4647326171398163,-0.09242937713861465,O
0.31553131341934204,0.5363020300865173,9.9406975095917e-07,0.348618745803833,0.5345471501350403,-0.14959722757339478,0.43375682830810547,0.5610409379005432,-0.18391405045986176,0.5142666697502136,0.619414746761322,-0.18822622299194336,0.5969412922859192,0.6529439091682434,-0.1821996569633484,0.5499956011772156,0.42311835289001465,-0.0912579894065857,0.6574840545654297,0.3854373097419739,-0.1209414005279541,0.7336320877075195,0.3669670820236206,-0.1553400158882141,0.7917394638061523,0.35792842507362366,-0.18181999027729034,0.5524369478225708,0.4701683819293976,-0.026631709188222885,0.6503245830535889,0.5015795826911926,-0.0831737145781517,0.6512104272842407,0.5772097110748291,-0.14547668397426605,0.6117938160896301,0.6329862475395203,-0.17952878773212433,0.5532182455062866,0.5146229863166809,0.025026045739650726,0.6403816938400269,0.5509441494941711,-0.03689444065093994,0.6270769238471985,0.6132577657699585,-0.10753180831670761,0.5894662737846375,0.6502677202224731,-0.1419159471988678,0.554042398929596,0.5556278824806213,0.0665755346417427,0.617958128452301,0.5862448215484619,0.013496050611138344,0.6188672184944153,0.6265150308609009,-0.039572231471538544,0.5918564200401306,0.6476098299026489,-0.0701434537768364,P
0.2209571897983551,0.36547666788101196,6.252160460462619e-07,0.23494867980480194,0.3589737117290497,-0.1214696392416954,0.2977759540081024,0.38319817185401917,-0.16210563480854034,0.37581679224967957,0.44844794273376465,-0.18119457364082336,0.4487358629703522,0.4881172180175781,-0.19168436527252197,0.43995457887649536,0.2658478617668152,-0.0974377766251564,0.5539170503616333,0.24217823147773743,-0.13441014289855957,0.6321306228637695,0.23950858414173126,-0.16158419847488403,0.6939051151275635,0.2446906864643097,-0.18071559071540833,0.46299442648887634,0.3178815543651581,-0.052422937005758286,0.5346652865409851,0.36685988306999207,-0.11142441630363464,0.5204874873161316,0.4377971589565277,-0.1509525626897812,0.48481932282447815,0.4866291284561157,-0.1662156581878662,0.46833929419517517,0.36539581418037415,-0.01715191826224327,0.5351353287696838,0.40874171257019043,-0.08106081187725067,0.506402313709259,0.4682909846305847,-0.11830652505159378,0.46723732352256775,0.5026402473449707,-0.12750642001628876,0.4640543758869171,0.4053936004638672,0.00978181418031454,0.5167291164398193,0.43623581528663635,-0.04457177221775055,0.4984726905822754,0.4764917492866516,-0.07360904663801193,0.4618907868862152,0.4986521005630493,-0.08245120942592621,P
0.1861458420753479,0.6433612108230591,7.206447207863675e-07,0.1899568736553192,0.6647413969039917,-0.1205083504319191,0.24381189048290253,0.7013036012649536,-0.16954520344734192,0.33401215076446533,0.759753942489624,-0.19571618735790253,0.4142845869064331,0.7947627305984497,-0.21372084319591522,0.3519648313522339,0.529121458530426,-0.14482010900974274,0.4693252146244049,0.4556823968887329,-0.19537602365016937,0.5554103851318359,0.4255322813987732,-0.2281247079372406,0.6268398761749268,0.4112311899662018,-0.25159960985183716,0.39476528763771057,0.565538763999939,-0.10392802208662033,0.49317413568496704,0.5916340351104736,-0.16597925126552582,0.5039752721786499,0.680570125579834,-0.20128996670246124,0.4782440662384033,0.7535727620124817,-0.21848760545253754,0.4180767834186554,0.6122003197669983,-0.0696556568145752,0.5017638206481934,0.6507419347763062,-0.1340140402317047,0.4869394302368164,0.7327025532722473,-0.1678989976644516,0.450524240732193,0.786871612071991,-0.17990455031394958,0.43176087737083435,0.6600044369697571,-0.043405257165431976,0.48677852749824524,0.6939510107040405,-0.10039568692445755,0.47195279598236084,0.747069239616394,-0.12844577431678772,0.4349263310432434,0.7835657000541687,-0.13900670409202576,P
0.1881372630596161,0.5222899913787842,7.01821022630611e-07,0.20826444029808044,0.5353096723556519,-0.1192999854683876,0.27255308628082275,0.5764493942260742,-0.15976858139038086,0.3523951768875122,0.6474825143814087,-0.1750890463590622,0.42780643701553345,0.692162275314331,-0.1815839409828186,0.41689422726631165,0.46204107999801636,-0.11300145834684372,0.5486646890640259,0.4515588879585266,-0.14333589375019073,0.6320233345031738,0.46084609627723694,-0.16383330523967743,0.6962817907333374,0.4743638336658478,-0.17861664295196533,0.4374040961265564,0.5029529333114624,-0.06146892532706261,0.5333853363990784,0.5593044757843018,-0.10740343481302261,0.5149365663528442,0.6323152780532837,-0.1362074911594391,0.47098278999328613,0.6780915260314941,-0.14650046825408936,0.44230929017066956,0.5445548892021179,-0.017220422625541687,0.524761974811554,0.5960850715637207,-0.06503257155418396,0.49265676736831665,0.6606893539428711,-0.0941069945693016,0.4496590197086334,0.6962733268737793,-0.10238233953714371,0.4389019012451172,0.5803120732307434,0.019079750403761864,0.49473607540130615,0.6221128106117249,-0.02324584312736988,0.4780498743057251,0.6644012331962585,-0.04999568313360214,0.4479576349258423,0.6874547600746155,-0.06031232327222824,P
0.13249224424362183,0.5009451508522034,6.244185328796448e-07,0.15403127670288086,0.498477041721344,-0.11526767164468765,0.2214755415916443,0.5259790420532227,-0.15478232502937317,0.3043687045574188,0.5947076082229614,-0.17147746682167053,0.3804400563240051,0.6437703371047974,-0.18002007901668549,0.3631580173969269,0.4282888174057007,-0.0970311313867569,0.4880136251449585,0.4202665090560913,-0.1230466216802597,0.5646228790283203,0.42958778142929077,-0.14178170263767242,0.6254870891571045,0.4425649046897888,-0.1560797393321991,0.3803655803203583,0.4726114571094513,-0.04646750167012215,0.46945637464523315,0.5134471654891968,-0.08870285749435425,0.4614024758338928,0.5831037759780884,-0.11624842137098312,0.42723071575164795,0.6342130899429321,-0.12702742218971252,0.38211989402770996,0.512953519821167,-0.0040285466238856316,0.45667967200279236,0.5531643033027649,-0.046561334282159805,0.43865975737571716,0.6092594861984253,-0.07548008114099503,0.40576720237731934,0.6455085277557373,-0.08555900305509567,0.3774229884147644,0.5453295707702637,0.030131841078400612,0.42906779050827026,0.5811317563056946,-0.007659871131181717,0.4180483818054199,0.6172547936439514,-0.035112205892801285,0.39364516735076904,0.6405714750289917,-0.047659363597631454,P
0.3167378604412079,0.44766196608543396,6.786235644540284e-07,0.3485107421875,0.45196855068206787,-0.11507411301136017,0.41144484281539917,0.4803784191608429,-0.1528877317905426,0.4857162833213806,0.5495697855949402,-0.16892075538635254,0.5547038912773132,0.5960811376571655,-0.17555361986160278,0.5538652539253235,0.3848448097705841,-0.09242229163646698,0.6748586893081665,0.3686102032661438,-0.122481569647789,0.7543913125991821,0.3702424168586731,-0.14478585124015808,0.8157423138618469,0.3785322904586792,-0.1611650437116623,0.5668015480041504,0.43135443329811096,-0.045157887041568756,0.6470723152160645,0.47297781705856323,-0.09314921498298645,0.6358951926231384,0.5387030839920044,-0.12447851151227951,0.5984337329864502,0.5869773030281067,-0.1369466930627823,0.5644180774688721,0.47430142760276794,-0.006840419489890337,0.6356672048568726,0.5190651416778564,-0.05763126164674759,0.6133331656455994,0.573283314704895,-0.09014057368040085,0.5750378370285034,0.6074315905570984,-0.10040771961212158,0.5553848147392273,0.5111362338066101,0.02305685542523861,0.607236385345459,0.5483202338218689,-0.02062600664794445,0.5947179198265076,0.5854517221450806,-0.048560455441474915,0.5648400187492371,0.6083576679229736,-0.05958428606390953,P
0.25145772099494934,0.4632754921913147,5.230976398706844e-07,0.2822047472000122,0.48060309886932373,-0.12301021814346313,0.3542715907096863,0.5226091146469116,-0.15856331586837769,0.4309006631374359,0.5955241322517395,-0.16721893846988678,0.49993324279785156,0.646487295627594,-0.16549663245677948,0.5002723932266235,0.42112624645233154,-0.11093363165855408,0.6329376101493835,0.4046720266342163,-0.140487939119339,0.7142947912216187,0.41169893741607666,-0.1600860059261322,0.7774922847747803,0.4247877895832062,-0.17356012761592865,0.5116221904754639,0.4620732367038727,-0.05711257830262184,0.6049891710281372,0.5011203289031982,-0.09998676925897598,0.5873362421989441,0.5746268630027771,-0.12631332874298096,0.542327880859375,0.6267704963684082,-0.13606809079647064,0.5103524327278137,0.5005896091461182,-0.012080241926014423,0.5892730355262756,0.546567440032959,-0.05760087072849274,0.5583381056785583,0.6084678173065186,-0.0890444964170456,0.5173673629760742,0.6437689065933228,-0.10007195174694061,0.5025535225868225,0.5349138975143433,0.023768559098243713,0.5582853555679321,0.570250391960144,-0.015398225747048855,0.5408345460891724,0.6097192764282227,-0.04339725896716118,0.5086086392402649,0.6287260055541992,-0.056082483381032944,P
0.18453553318977356,0.5115470290184021,7.967832971189637e-07,0.2068086564540863,0.5328745245933533,-0.12949977815151215,0.2834619879722595,0.568819522857666,-0.1791657954454422,0.38175657391548157,0.6302074790000916,-0.20192641019821167,0.4696732759475708,0.6728489995002747,-0.21494124829769135,0.4074438512325287,0.4212690591812134,-0.14953996241092682,0.5588194727897644,0.3745965361595154,-0.1976514309644699,0.6557146310806274,0.3724786341190338,-0.22731269896030426,0.7291783094406128,0.37856146693229675,-0.24625837802886963,0.43417584896087646,0.4558633863925934,-0.09486709535121918,0.5501722693443298,0.49197494983673096,-0.1576704978942871,0.5501904487609863,0.5821019411087036,-0.1908879280090332,0.5116487145423889,0.6463656425476074,-0.2031557857990265,0.44695860147476196,0.49797847867012024,-0.04680944234132767,0.5567459464073181,0.5410939455032349,-0.10911320894956589,0.5387246012687683,0.6200605630874634,-0.14400096237659454,0.49415746331214905,0.6678069233894348,-0.1540994495153427,0.45345234870910645,0.5408884286880493,-0.006816152948886156,0.5271976590156555,0.5798715353012085,-0.06143729388713837,0.5155954957008362,0.6330044269561768,-0.09428724646568298,0.4809607267379761,0.6663163900375366,-0.10700061917304993,P
0.25468385219573975,0.5548651218414307,5.301792498357827e-07,0.2945919632911682,0.573024332523346,-0.08419767022132874,0.3569481670856476,0.5994434356689453,-0.10121660679578781,0.41368821263313293,0.6456952691078186,-0.09800564497709274,0.463528037071228,0.6783269047737122,-0.08681829273700714,0.4496082365512848,0.508047342300415,-0.055846985429525375,0.53543621301651,0.4962379038333893,-0.06470473110675812,0.5905482769012451,0.49815717339515686,-0.07302680611610413,0.632404088973999,0.5035721659660339,-0.07890678942203522,0.44864869117736816,0.5304070115089417,-0.010669208131730556,0.5147746205329895,0.5740215182304382,-0.0256058182567358,0.5088639855384827,0.6290155053138733,-0.03918459638953209,0.4852350354194641,0.667170524597168,-0.04369182884693146,0.4415835738182068,0.5528849959373474,0.027621271088719368,0.4950144588947296,0.5977821946144104,0.007931713946163654,0.48290377855300903,0.6421719193458557,-0.013953110203146935,0.46270978450775146,0.667858362197876,-0.0224623866379261,0.4306603968143463,0.5736522674560547,0.059746332466602325,0.46588316559791565,0.6098870038986206,0.04038487374782562,0.46035394072532654,0.6399768590927124,0.020830007269978523,0.44581839442253113,0.6545848846435547,0.012083759531378746,P
0.19032055139541626,0.5119133591651917,7.590741120111488e-07,0.21185237169265747,0.5361244678497314,-0.12377148866653442,0.27398404479026794,0.5883415341377258,-0.16891436278820038,0.35017314553260803,0.6646898984909058,-0.18854579329490662,0.4254765212535858,0.7180540561676025,-0.19955763220787048,0.4256461262702942,0.4804026782512665,-0.1230691596865654,0.5645444989204407,0.4828021228313446,-0.1587536484003067,0.6494746208190918,0.4996975064277649,-0.1832428127527237,0.715498685836792,0.5185996890068054,-0.2011253386735916,0.44337427616119385,0.5212520956993103,-0.07047436386346817,0.5440075397491455,0.5846104025840759,-0.12147055566310883,0.5230194330215454,0.6610420942306519,-0.15230931341648102,0.4755224585533142,0.7104722261428833,-0.16475388407707214,0.44465360045433044,0.5619078874588013,-0.02517826110124588,0.5315899848937988,0.6213268041610718,-0.07537712156772614,0.49707067012786865,0.6854441165924072,-0.10521001368761063,0.449843168258667,0.7212996482849121,-0.11494428664445877,0.4394109845161438,0.5964141488075256,0.01148668210953474,0.494461327791214,0.6452088356018066,-0.03274204954504967,0.47744113206863403,0.6880753040313721,-0.06141597405076027,0.44681885838508606,0.7125086784362793,-0.07396525144577026,P
0.14532747864723206,0.4917142987251282,6.57309499274561e-07,0.16717854142189026,0.4969327449798584,-0.10908246785402298,0.2320941686630249,0.536401629447937,-0.14746344089508057,0.3128823935985565,0.6117318868637085,-0.16479288041591644,0.3874049186706543,0.6610983610153198,-0.17423009872436523,0.38080424070358276,0.4389868378639221,-0.09693676978349686,0.5120394825935364,0.4338163435459137,-0.12523871660232544,0.5919214487075806,0.44605621695518494,-0.14340706169605255,0.6530270576477051,0.46259838342666626,-0.15620331466197968,0.39882612228393555,0.48374855518341064,-0.050722885876894,0.49233904480934143,0.5342550277709961,-0.09664741903543472,0.4817708730697632,0.6042457818984985,-0.1236494779586792,0.4417728781700134,0.6526898145675659,-0.13235099613666534,0.3987368941307068,0.5272378325462341,-0.011755595915019512,0.47442132234573364,0.5768199563026428,-0.05772096663713455,0.45169204473495483,0.6349466443061829,-0.08415240794420242,0.41315919160842896,0.6703582406044006,-0.09093528985977173,0.39209291338920593,0.5626112222671509,0.01970377005636692,0.4446530342102051,0.6025876998901367,-0.019158847630023956,0.4328191578388214,0.6389225721359253,-0.04328889027237892,0.4078581631183624,0.6630150675773621,-0.0520629920065403,P
0.36651113629341125,0.6976398229598999,7.326847821786941e-07,0.40962255001068115,0.7333703637123108,-0.13820555806159973,0.4995724558830261,0.7897693514823914,-0.1767883598804474,0.5942493677139282,0.8756722211837769,-0.18150299787521362,0.6817733645439148,0.9236342906951904,-0.17432859539985657,0.656995952129364,0.6312561631202698,-0.1358303278684616,0.7940642237663269,0.5854853391647339,-0.1748708039522171,0.8896909952163696,0.573714017868042,-0.2054758369922638,0.9649810194969177,0.5746147036552429,-0.22620077431201935,0.6690076589584351,0.6699276566505432,-0.0705782100558281,0.7767230868339539,0.7429076433181763,-0.11345504224300385,0.7594782710075378,0.8375926613807678,-0.1421959549188614,0.7111529111862183,0.9057652354240417,-0.15516601502895355,0.6673189997673035,0.7097188830375671,-0.014422228559851646,0.7624356746673584,0.7771620750427246,-0.060188788920640945,0.7276406288146973,0.8538779020309448,-0.09486454725265503,0.6833307147026062,0.9028103947639465,-0.1082928478717804,0.6573058366775513,0.7474371790885925,0.031985413283109665,0.721595823764801,0.801386296749115,-0.008806062862277031,0.7074826955795288,0.8583467602729797,-0.03777007758617401,0.6808122992515564,0.8919820189476013,-0.04996953532099724,P
0.22474756836891174,0.4454422891139984,7.103617463144474e-07,0.24088305234909058,0.4651813805103302,-0.12578539550304413,0.3087237775325775,0.5176293849945068,-0.16887909173965454,0.38285765051841736,0.602451741695404,-0.18694868683815002,0.4521636366844177,0.6659851670265198,-0.1960921734571457,0.4754219055175781,0.4118935465812683,-0.11340022832155228,0.607994794845581,0.4076040983200073,-0.14692340791225433,0.6937490701675415,0.4200497269630432,-0.16808974742889404,0.7605786323547363,0.4376361668109894,-0.1827806532382965,0.4893031120300293,0.4541694223880768,-0.060433730483055115,0.5694783329963684,0.5210182070732117,-0.1128905788064003,0.5486435890197754,0.600359320640564,-0.14253674447536469,0.5038809180259705,0.651041567325592,-0.15126311779022217,0.48454445600509644,0.49369633197784424,-0.016055842861533165,0.5496155023574829,0.5592862963676453,-0.07181209325790405,0.5207793712615967,0.6272802352905273,-0.10268843173980713,0.4808192253112793,0.662912130355835,-0.10953492671251297,0.470581591129303,0.5258014798164368,0.019665949046611786,0.5135400891304016,0.5782036185264587,-0.030383247882127762,0.4890008270740509,0.6191340088844299,-0.058650530874729156,0.45319998264312744,0.6370658278465271,-0.0674702599644661,P
0.17660516500473022,0.4823908805847168,6.40979124000296e-07,0.19747361540794373,0.5149315595626831,-0.12879972159862518,0.26664280891418457,0.575240433216095,-0.16927964985370636,0.3452293872833252,0.6627432107925415,-0.18011891841888428,0.41541212797164917,0.7183747887611389,-0.1801927387714386,0.4313717186450958,0.45923736691474915,-0.13156819343566895,0.5668630599975586,0.46072787046432495,-0.16923892498016357,0.6567485928535461,0.4723932445049286,-0.1944032460451126,0.7250458002090454,0.4846840798854828,-0.2107980102300644,0.44284582138061523,0.4980301856994629,-0.07257427275180817,0.5317811965942383,0.5748938322067261,-0.11702339351177216,0.5094226002693176,0.6555298566818237,-0.13936077058315277,0.4626242518424988,0.7031466960906982,-0.14632548391819,0.4409254789352417,0.5361778736114502,-0.021799258887767792,0.515555202960968,0.6110004186630249,-0.06662224233150482,0.47684434056282043,0.6753008961677551,-0.08973908424377441,0.4319342076778412,0.7041499614715576,-0.09488318860530853,0.42937424778938293,0.5688843727111816,0.019564084708690643,0.47779592871665955,0.6287596225738525,-0.01856580190360546,0.45827165246009827,0.6743978261947632,-0.04120229184627533,0.4273086190223694,0.6933926343917847,-0.0488411970436573,P
0.27520492672920227,0.5360355377197266,8.013425940589514e-07,0.29566916823387146,0.5484300851821899,-0.1433594524860382,0.361876904964447,0.5893198847770691,-0.18788036704063416,0.43861934542655945,0.661895751953125,-0.20141902565956116,0.5162683129310608,0.710098385810852,-0.20407259464263916,0.5113029479980469,0.45485618710517883,-0.13414686918258667,0.6470041275024414,0.44753497838974,-0.17117363214492798,0.7337506413459778,0.4596039950847626,-0.19654704630374908,0.8004385232925415,0.475981742143631,-0.21410463750362396,0.5289865732192993,0.503015398979187,-0.07225771993398666,0.6249099969863892,0.5636076927185059,-0.1258310079574585,0.6051819324493408,0.6453046202659607,-0.16243545711040497,0.5599930882453918,0.7003848552703857,-0.17798711359500885,0.5332511067390442,0.5491587519645691,-0.019822927191853523,0.6137656569480896,0.6031278371810913,-0.07649289071559906,0.5793118476867676,0.672475278377533,-0.1170307919383049,0.5380268096923828,0.713062047958374,-0.13235557079315186,0.5294203162193298,0.5872650146484375,0.02288491278886795,0.5793700218200684,0.6319394111633301,-0.025892911478877068,0.5618787407875061,0.6801632642745972,-0.06105229631066322,0.5305839776992798,0.7056836485862732,-0.07774168252944946,P
0.22875738143920898,0.5014917850494385,1.4400510508494335e-06,0.19926628470420837,0.5875170826911926,-0.24298380315303802,0.2685281038284302,0.6996468305587769,-0.35990166664123535,0.3777541518211365,0.8359259366989136,-0.4177365005016327,0.5213865041732788,0.9444021582603455,-0.4689943194389343,0.47815608978271484,0.45934489369392395,-0.44182324409484863,0.6883853673934937,0.4003455936908722,-0.6135343313217163,0.8267778158187866,0.417807400226593,-0.7354274392127991,0.932182788848877,0.4392596483230591,-0.8171566724777222,0.510116696357727,0.5000396370887756,-0.3603432774543762,0.6841634511947632,0.6154871582984924,-0.5235369801521301,0.6364542245864868,0.7557035684585571,-0.6201108694076538,0.5516878962516785,0.8405209183692932,-0.6897721886634827,0.533397912979126,0.5795122385025024,-0.2855224907398224,0.6588480472564697,0.7297350764274597,-0.4341896176338196,0.6034655570983887,0.8399335145950317,-0.524424135684967,0.5318427085876465,0.8948215842247009,-0.5782802700996399,0.5575729608535767,0.6755623817443848,-0.22240933775901794,0.6242833137512207,0.7754566669464111,-0.33306118845939636,0.5950571894645691,0.8508431911468506,-0.3988325595855713,0.5541250109672546,0.8890159726142883,-0.4448964595794678,P
0.25949251651763916,0.5553960204124451,9.76938622443413e-07,0.24329857528209686,0.6086826920509338,-0.17866143584251404,0.30175507068634033,0.6996621489524841,-0.23308680951595306,0.3710608184337616,0.8108048439025879,-0.24262474477291107,0.4611617624759674,0.8953299522399902,-0.24186918139457703,0.49413394927978516,0.5708869695663452,-0.22624140977859497,0.639957845211029,0.5721054673194885,-0.3121325373649597,0.7384048700332642,0.5920400023460388,-0.3829149603843689,0.8126623034477234,0.6157119274139404,-0.4297516644001007,0.5092385411262512,0.6027125120162964,-0.14845354855060577,0.6070346832275391,0.7118150591850281,-0.2412586808204651,0.5524531602859497,0.8056731224060059,-0.3157404363155365,0.4773316979408264,0.8548397421836853,-0.361728310585022,0.5128307342529297,0.6646612882614136,-0.07922565191984177,0.5916054844856262,0.7771397829055786,-0.17095445096492767,0.5332307815551758,0.8443037271499634,-0.253231406211853,0.47755956649780273,0.8729137182235718,-0.29748985171318054,0.5188435316085815,0.7382712960243225,-0.018816879019141197,0.5526169538497925,0.8083316087722778,-0.08728507161140442,0.5144991278648376,0.8496429324150085,-0.14193060994148254,0.4758467972278595,0.8661131858825684,-0.1765071153640747,P
0.18127568066120148,0.3966394066810608,1.0144034376935451e-06,0.18306715786457062,0.4360130727291107,-0.17860986292362213,0.24212101101875305,0.521698534488678,-0.2327706515789032,0.3068503141403198,0.6350961923599243,-0.2397843599319458,0.39171454310417175,0.7196306586265564,-0.23371252417564392,0.4242957532405853,0.3960338234901428,-0.2290850579738617,0.5829216837882996,0.40785351395606995,-0.30671754479408264,0.6887717247009277,0.4392869472503662,-0.3664933741092682,0.7683815956115723,0.4732532501220703,-0.40705251693725586,0.43467211723327637,0.44037115573883057,-0.15011820197105408,0.5371022820472717,0.5443341732025146,-0.22608448565006256,0.4928618371486664,0.6375886797904968,-0.2809607684612274,0.4250567555427551,0.695365846157074,-0.3159469962120056,0.4435284733772278,0.4963388442993164,-0.08037516474723816,0.5343328714370728,0.6001379489898682,-0.16004082560539246,0.47439396381378174,0.6648246645927429,-0.2255261093378067,0.4125925302505493,0.7056741118431091,-0.26032114028930664,0.4490737020969391,0.5555321574211121,-0.020602811127901077,0.48830828070640564,0.6255700588226318,-0.08738335222005844,0.44919446110725403,0.6729755997657776,-0.13818717002868652,0.4076107144355774,0.6970647573471069,-0.16870102286338806,P
0.32451534271240234,0.8069364428520203,6.77219702538423e-07,0.35342276096343994,0.832603394985199,-0.11747635900974274,0.4252168834209442,0.8826172351837158,-0.15663060545921326,0.5076718926429749,0.9611999988555908,-0.17390990257263184,0.5877460837364197,1.0077533721923828,-0.18230386078357697,0.5732858777046204,0.7537091970443726,-0.10304493457078934,0.7032082080841064,0.7182228565216064,-0.1452818065881729,0.7917267084121704,0.7153950333595276,-0.17873699963092804,0.8607673048973083,0.7197567820549011,-0.20233719050884247,0.5934966206550598,0.8018218874931335,-0.05684748664498329,0.6967267990112305,0.8621236681938171,-0.11429852247238159,0.6792641282081604,0.9453849792480469,-0.15734010934829712,0.6318018436431885,1.0067291259765625,-0.17810028791427612,0.5953298807144165,0.850465714931488,-0.018853824585676193,0.6921047568321228,0.9093441367149353,-0.07939673215150833,0.6651096343994141,0.9782218337059021,-0.12382525205612183,0.621026337146759,1.023453950881958,-0.14115090668201447,0.5894583463668823,0.8972968459129333,0.011512850411236286,0.6496050953865051,0.9466284513473511,-0.0386483408510685,0.6354577541351318,1.0015497207641602,-0.07235448062419891,0.6046499609947205,1.0358386039733887,-0.08742652088403702,P
0.2570849657058716,0.5637009143829346,9.920368029270321e-07,0.2874303460121155,0.5660500526428223,-0.1509937047958374,0.36517783999443054,0.5933738350868225,-0.18359407782554626,0.4391959309577942,0.6502817869186401,-0.18391600251197815,0.5249870419502258,0.6813792586326599,-0.17285019159317017,0.48846563696861267,0.45195266604423523,-0.08706556260585785,0.5952608585357666,0.42536044120788574,-0.10870983451604843,0.6693534851074219,0.4223558306694031,-0.13771530985832214,0.7274513244628906,0.4269651472568512,-0.1600172072649002,0.4888249337673187,0.49610769748687744,-0.017616432160139084,0.5889500379562378,0.5436360239982605,-0.06020420417189598,0.5851883292198181,0.618590772151947,-0.1155935749411583,0.5443082451820374,0.6726482510566711,-0.14550773799419403,0.4915834069252014,0.5374071598052979,0.038966838270425797,0.5819782614707947,0.5803666710853577,-0.00875842571258545,0.5611310601234436,0.6423263549804688,-0.07317150384187698,0.5303564071655273,0.6802545189857483,-0.10510902106761932,0.4951798617839813,0.5753250122070312,0.0851215198636055,0.5587335824966431,0.6084368824958801,0.045705728232860565,0.5550624132156372,0.6515643000602722,0.0003463591856416315,0.533132791519165,0.6728193163871765,-0.026109658181667328,P
0.3253253400325775,0.5536230802536011,5.920751391386148e-07,0.36215680837631226,0.5514489412307739,-0.12828487157821655,0.44047901034355164,0.5713152289390564,-0.16301800310611725,0.5386756062507629,0.6263203620910645,-0.17250019311904907,0.6283716559410095,0.6567434668540955,-0.1710071861743927,0.5692189335823059,0.43587058782577515,-0.09424188733100891,0.6995937824249268,0.37845656275749207,-0.12409992516040802,0.7851361632347107,0.3609400987625122,-0.14805643260478973,0.8536413908004761,0.3555000424385071,-0.16641846299171448,0.5954705476760864,0.48369312286376953,-0.04033692181110382,0.7025236487388611,0.5014505982398987,-0.08917887508869171,0.6933163404464722,0.5795971751213074,-0.12626634538173676,0.6529720425605774,0.6403863430023193,-0.14271840453147888,0.6060969233512878,0.5313991904258728,0.003103878116235137,0.7075576782226562,0.5565363764762878,-0.047158170491456985,0.6898999214172363,0.6195400357246399,-0.08769185096025467,0.6509593725204468,0.6590681076049805,-0.10395114868879318,0.6071724891662598,0.5763804912567139,0.036862824112176895,0.6804205179214478,0.5972448587417603,-0.005539668258279562,0.6738778948783875,0.6414042115211487,-0.039349112659692764,0.6410585641860962,0.6671688556671143,-0.055747389793395996,P
0.22507250308990479,0.6467259526252747,4.800730835086142e-07,0.2431521713733673,0.6494941711425781,-0.10863646864891052,0.3133566975593567,0.667055606842041,-0.1456354707479477,0.3978261351585388,0.7155420780181885,-0.16024257242679596,0.4716695547103882,0.752056360244751,-0.16718357801437378,0.4127558171749115,0.5421103835105896,-0.10716068744659424,0.5218415260314941,0.4964539706707001,-0.13669463992118835,0.5935155153274536,0.48564231395721436,-0.15510529279708862,0.6519182920455933,0.4846125543117523,-0.16822506487369537,0.43821337819099426,0.5761955380439758,-0.06048280745744705,0.5289456844329834,0.604775607585907,-0.10395678132772446,0.5281041264533997,0.6737398505210876,-0.1275699883699417,0.49938279390335083,0.7251548767089844,-0.13522973656654358,0.44925153255462646,0.6110338568687439,-0.020636780187487602,0.5298531651496887,0.6427117586135864,-0.06638473272323608,0.5171782970428467,0.7029985189437866,-0.0930173397064209,0.4888281226158142,0.741848349571228,-0.10074146836996078,0.45392629504203796,0.6415203213691711,0.011830468662083149,0.5088484883308411,0.6649450063705444,-0.030487189069390297,0.497758150100708,0.7033261656761169,-0.05602598935365677,0.47335928678512573,0.7283876538276672,-0.06611884385347366,P
0.3143080770969391,0.4924721121788025,5.559638793783961e-07,0.3510229289531708,0.4840155839920044,-0.11068148910999298,0.4188312292098999,0.48876723647117615,-0.14187373220920563,0.5026174783706665,0.5312570929527283,-0.15093062818050385,0.5789690017700195,0.5560255646705627,-0.1506592333316803,0.5267220735549927,0.36170464754104614,-0.07857318222522736,0.6254182457923889,0.30217939615249634,-0.10218064486980438,0.6929729580879211,0.27913597226142883,-0.1235620453953743,0.749645471572876,0.26807963848114014,-0.14013950526714325,0.5462129712104797,0.404788613319397,-0.031203407794237137,0.628846287727356,0.41774770617485046,-0.06631748378276825,0.6277634501457214,0.48257023096084595,-0.09512581676244736,0.6020097136497498,0.5368593335151672,-0.10867320746183395,0.5507211685180664,0.4461671710014343,0.0068388585932552814,0.6260005235671997,0.4586239755153656,-0.03179473429918289,0.6154582500457764,0.5096105337142944,-0.06364460289478302,0.5915082693099976,0.5474148988723755,-0.07657726109027863,0.5469968914985657,0.48356467485427856,0.036295436322689056,0.6029947996139526,0.49165093898773193,0.002224016236141324,0.6018902659416199,0.5272705554962158,-0.022656569257378578,0.5822179317474365,0.5531142354011536,-0.033827587962150574,P
0.17235848307609558,0.4908723533153534,7.020221346465405e-07,0.2001948058605194,0.5242337584495544,-0.11870980262756348,0.27118945121765137,0.5789124965667725,-0.15497127175331116,0.3466186821460724,0.6609479188919067,-0.16505205631256104,0.41618913412094116,0.7223546504974365,-0.16612498462200165,0.4292212724685669,0.4717470109462738,-0.10662321746349335,0.5635535717010498,0.473766565322876,-0.13245563209056854,0.6448488235473633,0.4883206784725189,-0.1491972804069519,0.7095493078231812,0.5039829015731812,-0.16095127165317535,0.4412108063697815,0.5084898471832275,-0.05109170079231262,0.5292439460754395,0.5879033803939819,-0.08714320510625839,0.5037276744842529,0.6695991158485413,-0.11074993014335632,0.4591904282569885,0.7213166952133179,-0.11958381533622742,0.43634623289108276,0.5401936769485474,-0.003328933846205473,0.5030836462974548,0.6144257187843323,-0.03954673185944557,0.4685457646846771,0.6798141598701477,-0.06618568301200867,0.4273693859577179,0.714730978012085,-0.07579796761274338,0.4191802442073822,0.5626207590103149,0.03581392019987106,0.45829424262046814,0.6231323480606079,0.005152223631739616,0.44359061121940613,0.6695008277893066,-0.019246041774749756,0.4180281460285187,0.691677987575531,-0.030158160254359245,P
0.20142140984535217,0.5081261992454529,6.637986302848731e-07,0.20940405130386353,0.539717435836792,-0.11391926556825638,0.2755398154258728,0.6065603494644165,-0.1530696004629135,0.3561359941959381,0.6890366077423096,-0.16203147172927856,0.4262736737728119,0.7492187023162842,-0.16177238523960114,0.4098740518093109,0.48232942819595337,-0.16060248017311096,0.5579184293746948,0.48698893189430237,-0.2068915069103241,0.6537106037139893,0.5022764205932617,-0.22991245985031128,0.7277254462242126,0.5216730833053589,-0.2432112693786621,0.4392004609107971,0.5111329555511475,-0.10798124223947525,0.5466201305389404,0.5971331596374512,-0.15710750222206116,0.5210990309715271,0.6840330958366394,-0.17296147346496582,0.4708692133426666,0.7338261604309082,-0.1746789664030075,0.45047008991241455,0.545090913772583,-0.05925307795405388,0.5421684384346008,0.6275311708450317,-0.11050453037023544,0.49957552552223206,0.706936776638031,-0.13194692134857178,0.44987747073173523,0.746880292892456,-0.13482443988323212,0.4474047124385834,0.5756304860115051,-0.016767539083957672,0.5011765360832214,0.6413918733596802,-0.06339619308710098,0.47957587242126465,0.6977133750915527,-0.08877839893102646,0.4462718367576599,0.7250719666481018,-0.0973619669675827,P
0.2428053319454193,0.5212473273277283,5.018438287152094e-07,0.2862258553504944,0.5265085697174072,-0.09993735700845718,0.35316020250320435,0.5559898614883423,-0.12100018560886383,0.41480302810668945,0.6196088790893555,-0.1218516007065773,0.4725453555583954,0.6651982665061951,-0.11340967565774918,0.48635926842689514,0.47864389419555664,-0.047785159200429916,0.5885022282600403,0.4734129011631012,-0.05387694016098976,0.6488832235336304,0.4801626205444336,-0.062263354659080505,0.6954322457313538,0.4921167492866516,-0.06913472712039948,0.4831823706626892,0.5215572714805603,-0.0010352719109505415,0.554210901260376,0.5657399296760559,-0.02213280461728573,0.5412476658821106,0.6201883554458618,-0.046112142503261566,0.5064899325370789,0.6598545908927917,-0.0562359020113945,0.47268038988113403,0.5588150024414062,0.036298926919698715,0.5313393473625183,0.6026492118835449,0.006891660857945681,0.5107947587966919,0.646867573261261,-0.02701515518128872,0.48289963603019714,0.6751360893249512,-0.04143613949418068,0.4591453969478607,0.5901837348937988,0.066399484872818,0.5050277709960938,0.6255491375923157,0.04260975494980812,0.4959816634654999,0.6579375267028809,0.01878022588789463,0.4754318594932556,0.6763397455215454,0.007094459608197212,P
0.17072634398937225,0.47348421812057495,7.182928811744205e-07,0.1818804144859314,0.4829536974430084,-0.1266501545906067,0.24054904282093048,0.5166780948638916,-0.16954347491264343,0.31109264492988586,0.5855323672294617,-0.18781732022762299,0.380044162273407,0.637031078338623,-0.19727395474910736,0.3912777900695801,0.40863680839538574,-0.11414454132318497,0.5100738406181335,0.39856743812561035,-0.1517733335494995,0.5885066390037537,0.4049828350543976,-0.17677457630634308,0.6499539613723755,0.4168986678123474,-0.19413404166698456,0.4078727960586548,0.45509710907936096,-0.06441569328308105,0.48891741037368774,0.5131361484527588,-0.1236695647239685,0.4655296802520752,0.5883446335792542,-0.15831358730793,0.42232054471969604,0.6372295618057251,-0.16979923844337463,0.4095292389392853,0.4986662268638611,-0.024143381044268608,0.48051247000694275,0.5523039102554321,-0.08864736557006836,0.44242793321609497,0.6167047619819641,-0.12373539805412292,0.40211936831474304,0.6528638601303101,-0.13167019188404083,0.4037800431251526,0.53399658203125,0.0078688133507967,0.45456740260124207,0.5732880234718323,-0.04736862704157829,0.4314194321632385,0.615878701210022,-0.07779218256473541,0.3981723189353943,0.6387265920639038,-0.0882854014635086,P
0.26903316378593445,0.23193025588989258,1.0803834129546885e-06,0.2828924059867859,0.270611047744751,-0.11849663406610489,0.342018187046051,0.32382437586784363,-0.1620648056268692,0.4058683514595032,0.3878229558467865,-0.17695719003677368,0.4453786611557007,0.4515746831893921,-0.1827445775270462,0.4675145447254181,0.1922876536846161,-0.133437842130661,0.5854975581169128,0.2700645923614502,-0.16449865698814392,0.6425378322601318,0.3390449285507202,-0.1785033792257309,0.6838231086730957,0.3901166319847107,-0.18583492934703827,0.49536454677581787,0.19933998584747314,-0.07392281293869019,0.5895033478736877,0.3057260811328888,-0.11308480054140091,0.552402138710022,0.36740732192993164,-0.12384903430938721,0.502985417842865,0.38207170367240906,-0.12237628549337387,0.5124853849411011,0.22308063507080078,-0.01966104283928871,0.5974140167236328,0.31263232231140137,-0.055014267563819885,0.5540379881858826,0.35826313495635986,-0.06223765015602112,0.5091350674629211,0.3643433451652527,-0.05767491087317467,0.5248873829841614,0.24504977464675903,0.0263590719550848,0.5760496854782104,0.3101806342601776,-0.00603853352367878,0.5574446320533752,0.3524385988712311,-0.022952962666749954,0.5323479175567627,0.36393141746520996,-0.027169249951839447,Q
0.18169374763965607,0.3867363929748535,9.502790589976939e-07,0.18408416211605072,0.4419093728065491,-0.10813672095537186,0.24696874618530273,0.5058891177177429,-0.1519826054573059,0.3071953058242798,0.5785349607467651,-0.16836631298065186,0.33678120374679565,0.6486297845840454,-0.17624948918819427,0.37951159477233887,0.37293779850006104,-0.1455838531255722,0.48877137899398804,0.4748730957508087,-0.1760515570640564,0.5379566550254822,0.5468776822090149,-0.1841561496257782,0.5752503871917725,0.6000227928161621,-0.187400683760643,0.40938785672187805,0.3642578721046448,-0.09166829288005829,0.4987894594669342,0.501281201839447,-0.1327250450849533,0.4539596438407898,0.5585500597953796,-0.13600726425647736,0.40175533294677734,0.5683162212371826,-0.1288784295320511,0.42661938071250916,0.376892626285553,-0.04029266536235809,0.5014249682426453,0.4887549579143524,-0.07528578490018845,0.45373016595840454,0.5384359359741211,-0.07587879151105881,0.4076072573661804,0.5461912751197815,-0.0671146810054779,0.43595296144485474,0.39257684350013733,0.004189384635537863,0.48617231845855713,0.4755364656448364,-0.02763669565320015,0.4642595648765564,0.5232740640640259,-0.041216421872377396,0.43958109617233276,0.5383577942848206,-0.0434141680598259,Q
0.18357211351394653,0.23123472929000854,1.8353458699493785e-06,0.224075585603714,0.2887086272239685,-0.17371812462806702,0.32761120796203613,0.3549780547618866,-0.23511460423469543,0.42773303389549255,0.44179022312164307,-0.25688400864601135,0.510505735874176,0.5323806405067444,-0.2668502926826477,0.512270450592041,0.18016180396080017,-0.15156789124011993,0.685848593711853,0.2607845366001129,-0.16985757648944855,0.7744990587234497,0.3386823534965515,-0.18267416954040527,0.8398962020874023,0.3962806165218353,-0.19099090993404388,0.5303990244865417,0.18020567297935486,-0.05981900170445442,0.7071521282196045,0.276787668466568,-0.09512673318386078,0.6990084052085876,0.3774508237838745,-0.1200980544090271,0.6393665671348572,0.4312645494937897,-0.12659898400306702,0.5335274934768677,0.20481202006340027,0.023794841021299362,0.6913625001907349,0.28199976682662964,-0.0034371935762465,0.6762775778770447,0.3579321801662445,-0.03059934265911579,0.6314083933830261,0.39713454246520996,-0.040115587413311005,0.53614342212677,0.23478010296821594,0.09486114978790283,0.6475737690925598,0.29430511593818665,0.07152990251779556,0.6624109148979187,0.3488978445529938,0.04347333684563637,0.6538829803466797,0.37952524423599243,0.029224412515759468,Q
-0.039811015129089355,0.3420458137989044,6.388102633536619e-07,-0.037157684564590454,0.4169941246509552,-0.02833164855837822,-0.0036716610193252563,0.4854660630226135,-0.04835251346230507,0.029139995574951172,0.5564142465591431,-0.0693722739815712,0.054023802280426025,0.6148858666419983,-0.08739788085222244,0.13852187991142273,0.3719910681247711,-0.007293677888810635,0.2309769243001938,0.4102797210216522,-0.028773536905646324,0.2677914798259735,0.46111929416656494,-0.04671312868595123,0.2835961878299713,0.49775606393814087,-0.05803437530994415,0.15138483047485352,0.35603758692741394,-0.007975629530847073,0.2422838807106018,0.4184090495109558,-0.04121055081486702,0.2401447296142578,0.47795790433883667,-0.0662897378206253,0.2147589474916458,0.5117143988609314,-0.07731755822896957,0.15766794979572296,0.35345226526260376,-0.013085616752505302,0.25610238313674927,0.41481271386146545,-0.03970631584525108,0.2768179178237915,0.4702301323413849,-0.0570075660943985,0.275848388671875,0.5031065344810486,-0.06275894492864609,0.1586056500673294,0.3624025285243988,-0.02066398784518242,0.23749621212482452,0.4130399227142334,-0.03505899757146835,0.2687455713748932,0.45269080996513367,-0.04281669855117798,0.2835162281990051,0.47902411222457886,-0.04611153155565262,Q
0.2913254499435425,0.28841421008110046,9.403269132235437e-07,0.29131609201431274,0.3394365608692169,-0.08926046639680862,0.34277504682540894,0.4035891890525818,-0.12404812127351761,0.39694228768348694,0.46286776661872864,-0.1357658952474594,0.42359137535095215,0.519138514995575,-0.14126241207122803,0.4422543942928314,0.29148048162460327,-0.12526024878025055,0.5442017912864685,0.35257065296173096,-0.15366894006729126,0.5943851470947266,0.40855589509010315,-0.1640801727771759,0.6277772188186646,0.45153164863586426,-0.1683967560529709,0.46744289994239807,0.2848834991455078,-0.07929982244968414,0.5559001564979553,0.37447965145111084,-0.11233551055192947,0.5285142064094543,0.43354532122612,-0.11785732954740524,0.48726677894592285,0.45324572920799255,-0.11437913030385971,0.4801865816116333,0.2964846193790436,-0.03480961173772812,0.5611235499382019,0.3772836923599243,-0.06092539802193642,0.5285695195198059,0.4226580858230591,-0.06264499574899673,0.49150025844573975,0.43291187286376953,-0.057049237191677094,0.4901667535305023,0.31150591373443604,0.0038454069290310144,0.5397965312004089,0.3719267249107361,-0.020235806703567505,0.5249707698822021,0.41256651282310486,-0.03069167211651802,0.5057870149612427,0.4281497895717621,-0.032378993928432465,Q
0.25396883487701416,0.16922184824943542,8.000691309462127e-07,0.2583789825439453,0.17261521518230438,-0.07624763995409012,0.30235755443573,0.20573191344738007,-0.09754262119531631,0.3509242534637451,0.25440001487731934,-0.10166887193918228,0.37748339772224426,0.29198354482650757,-0.09930670261383057,0.39693155884742737,0.11698797345161438,-0.06536287814378738,0.4747161865234375,0.15658967196941376,-0.08779443800449371,0.5186710357666016,0.19807057082653046,-0.10103648155927658,0.5514337420463562,0.23413045704364777,-0.10789699107408524,0.4166986048221588,0.14458085596561432,-0.032478462904691696,0.47992902994155884,0.18762177228927612,-0.05800964683294296,0.4960409700870514,0.2305382937192917,-0.07059292495250702,0.4961951971054077,0.26230257749557495,-0.07365135103464127,0.42376822233200073,0.17284539341926575,-0.006300282198935747,0.46496614813804626,0.2227749079465866,-0.04303166642785072,0.4357306659221649,0.2555641829967499,-0.060066644102334976,0.4033318758010864,0.2700328230857849,-0.05991678684949875,0.4218509793281555,0.19946525990962982,0.014767958782613277,0.44685328006744385,0.2353857457637787,-0.020942578092217445,0.42914196848869324,0.26122814416885376,-0.03917200490832329,0.4022991359233856,0.2703128755092621,-0.04251500591635704,Q
0.22280752658843994,0.39833512902259827,8.96299184205418e-07,0.250747412443161,0.4000556766986847,-0.11247625946998596,0.32048457860946655,0.4291840195655823,-0.14841526746749878,0.40658536553382874,0.4834253489971161,-0.16353262960910797,0.46815961599349976,0.5341883301734924,-0.169892355799675,0.43947529792785645,0.2758429944515228,-0.07887304574251175,0.5680213570594788,0.30529022216796875,-0.11074845492839813,0.6432739496231079,0.34793609380722046,-0.1366063952445984,0.7008293271064758,0.38440409302711487,-0.1552554965019226,0.47104597091674805,0.3134568929672241,-0.03241712972521782,0.585033118724823,0.3441618084907532,-0.08235181868076324,0.5785331726074219,0.4104258716106415,-0.11828885972499847,0.5390991568565369,0.45633313059806824,-0.13333730399608612,0.4876830577850342,0.35766375064849854,0.005075524095445871,0.5931583642959595,0.37985119223594666,-0.045769404619932175,0.5772759318351746,0.4316871464252472,-0.07619516551494598,0.5334024429321289,0.46229293942451477,-0.08423257619142532,0.4911118447780609,0.39643070101737976,0.03395449370145798,0.5652518272399902,0.41722920536994934,-0.010807737708091736,0.5658925771713257,0.45327627658843994,-0.04007388651371002,0.5396184325218201,0.47653359174728394,-0.05191044881939888,Q
0.21623970568180084,0.2835945188999176,1.3502095725925756e-06,0.2566503882408142,0.3013007938861847,-0.14052113890647888,0.34601283073425293,0.3325091004371643,-0.17425481975078583,0.4205717146396637,0.37985488772392273,-0.17251494526863098,0.49241843819618225,0.4300704598426819,-0.1614295244216919,0.4509313106536865,0.20598290860652924,-0.10037852823734283,0.5654131174087524,0.23774026334285736,-0.11041659861803055,0.6336532235145569,0.28130194544792175,-0.1254064440727234,0.6794232130050659,0.3191382884979248,-0.1352483481168747,0.45236048102378845,0.22635319828987122,-0.021787447854876518,0.5599893927574158,0.2648158669471741,-0.03261672332882881,0.5737833976745605,0.33039233088493347,-0.05501580983400345,0.5491358637809753,0.3770250380039215,-0.06751272082328796,0.4523960053920746,0.2547900974750519,0.04714539274573326,0.5517951846122742,0.2820763885974884,0.03599401190876961,0.5508171319961548,0.3340073823928833,0.005199530627578497,0.5357691049575806,0.366996169090271,-0.013045789673924446,0.4525643289089203,0.280039519071579,0.10551640391349792,0.5207505822181702,0.3079933226108551,0.09060990810394287,0.5304620862007141,0.34958958625793457,0.06347282975912094,0.5229110717773438,0.37459567189216614,0.04641034081578255,Q
0.23882079124450684,0.4618210792541504,1.2494904240156757e-06,0.2836177349090576,0.5107088685035706,-0.1390724629163742,0.3826296925544739,0.5699656009674072,-0.1806519776582718,0.4701797366142273,0.6420479416847229,-0.18781402707099915,0.5362619757652283,0.7119947671890259,-0.18411704897880554,0.5174176096916199,0.4224870800971985,-0.12463099509477615,0.665252685546875,0.4800114929676056,-0.14115913212299347,0.738064169883728,0.5460001826286316,-0.15022608637809753,0.7858001589775085,0.5983585119247437,-0.1538676768541336,0.5291479229927063,0.4263326823711395,-0.04546837508678436,0.6639108657836914,0.4945235848426819,-0.0641261488199234,0.6737241744995117,0.5739143490791321,-0.07618553191423416,0.646872341632843,0.6221911907196045,-0.07999343425035477,0.530949592590332,0.4503224790096283,0.026088859885931015,0.643965482711792,0.5059929490089417,0.01089087501168251,0.6446481347084045,0.5683831572532654,-0.008519100025296211,0.6245949864387512,0.6058784127235413,-0.017792589962482452,0.5332839488983154,0.4794626832008362,0.08737444877624512,0.6120301485061646,0.5261735320091248,0.07320136576890945,0.6253706812858582,0.5716545581817627,0.05160383880138397,0.6246470212936401,0.6012890934944153,0.03938240557909012,Q
0.27878278493881226,0.34185731410980225,1.1432248356868513e-06,0.2804412841796875,0.4249565303325653,-0.10113418102264404,0.35605454444885254,0.5157499313354492,-0.15234115719795227,0.4308243989944458,0.6014329791069031,-0.17586226761341095,0.46611908078193665,0.677261471748352,-0.1935500055551529,0.4602810740470886,0.3524545431137085,-0.1895434409379959,0.6071849465370178,0.4397996664047241,-0.23270907998085022,0.6797456741333008,0.5176776647567749,-0.24526570737361908,0.7283811569213867,0.5743555426597595,-0.24836423993110657,0.5040885806083679,0.31262457370758057,-0.14154301583766937,0.6613063216209412,0.43915078043937683,-0.1878819316625595,0.6428822875022888,0.5285614132881165,-0.19066357612609863,0.5930045247077942,0.5651824474334717,-0.1828274130821228,0.5331159830093384,0.3120933473110199,-0.09086921811103821,0.6710679531097412,0.4207055866718292,-0.12262710183858871,0.6403431296348572,0.4981737732887268,-0.11897639185190201,0.5923296213150024,0.5289632081985474,-0.10887154936790466,0.5512421727180481,0.3282886743545532,-0.04583084583282471,0.6552862524986267,0.4065183997154236,-0.07122509926557541,0.6438809037208557,0.4704425632953644,-0.07580403983592987,0.6145921349525452,0.502730131149292,-0.07275126874446869,Q
0.2528842091560364,0.3029184937477112,1.187692760140635e-06,0.26098835468292236,0.3812718391418457,-0.12664496898651123,0.3318376839160919,0.4679712653160095,-0.18579329550266266,0.40583932399749756,0.5492721199989319,-0.21088096499443054,0.4491812586784363,0.6304831504821777,-0.22849465906620026,0.4550759494304657,0.32027602195739746,-0.20097856223583221,0.5876944065093994,0.4099124073982239,-0.2427455335855484,0.6602483987808228,0.48886385560035706,-0.25487783551216125,0.7112303972244263,0.5443147420883179,-0.2579643130302429,0.4980279207229614,0.2883356213569641,-0.13303515315055847,0.6269909143447876,0.41221535205841064,-0.1733550727367401,0.5867268443107605,0.48444533348083496,-0.1676066368818283,0.5261403918266296,0.4944559633731842,-0.1542263776063919,0.520309329032898,0.28836789727211,-0.06565762311220169,0.6396955251693726,0.39080527424812317,-0.09917928278446198,0.5938670635223389,0.4547545611858368,-0.09339652955532074,0.5418230295181274,0.4652652442455292,-0.08011099696159363,0.5347470045089722,0.29876890778541565,-0.005072796251624823,0.6247105002403259,0.370380699634552,-0.0325450636446476,0.600381076335907,0.42329296469688416,-0.03888077661395073,0.5649048089981079,0.44049975275993347,-0.03658304736018181,Q
0.05760723352432251,0.30508193373680115,1.6511239664396271e-06,0.05707988142967224,0.4082321226596832,-0.16231663525104523,0.13967061042785645,0.5113106966018677,-0.22881044447422028,0.21870708465576172,0.6215468645095825,-0.2543882429599762,0.26635050773620605,0.7332362532615662,-0.2701810598373413,0.3550509810447693,0.3689813017845154,-0.19439072906970978,0.5005026459693909,0.5070387721061707,-0.21487735211849213,0.5708720088005066,0.6018765568733215,-0.21761593222618103,0.6192181706428528,0.6676430702209473,-0.21618513762950897,0.39089715480804443,0.33763015270233154,-0.10261182487010956,0.5273140668869019,0.4924054741859436,-0.11962822824716568,0.50287926197052,0.5894484519958496,-0.11275441944599152,0.448941707611084,0.6350323557853699,-0.10248502343893051,0.39788562059402466,0.3374446630477905,-0.015171137638390064,0.5248793959617615,0.46561533212661743,-0.028231723234057426,0.4889540374279022,0.5457528829574585,-0.03151891008019447,0.43719595670700073,0.58437579870224,-0.02985408902168274,0.3982468545436859,0.35555213689804077,0.06162378937005997,0.4963754415512085,0.4416235089302063,0.048021361231803894,0.48684072494506836,0.5046964287757874,0.036360252648591995,0.459382027387619,0.5413334369659424,0.03118100017309189,Q
-0.02034774422645569,0.24907562136650085,1.5331779650296085e-06,-0.01808488368988037,0.35407429933547974,-0.14943701028823853,0.0484849214553833,0.45330482721328735,-0.21330493688583374,0.12132355570793152,0.5636762380599976,-0.24000026285648346,0.17821355164051056,0.6662247180938721,-0.25554701685905457,0.24504786729812622,0.30835995078086853,-0.1781003177165985,0.40221044421195984,0.4277746081352234,-0.1922418624162674,0.4666293263435364,0.5155143737792969,-0.1879788339138031,0.5131101608276367,0.5709800124168396,-0.18164582550525665,0.28087902069091797,0.2738957703113556,-0.09604832530021667,0.44141730666160583,0.4109060764312744,-0.12170781940221786,0.4094071686267853,0.508486270904541,-0.12131369858980179,0.34207919239997864,0.548679769039154,-0.11117872595787048,0.29334354400634766,0.27275773882865906,-0.01649794727563858,0.43770140409469604,0.38379454612731934,-0.02830488421022892,0.4083605408668518,0.46607646346092224,-0.028172357007861137,0.359011173248291,0.5032075047492981,-0.021836021915078163,0.2997238337993622,0.290676474571228,0.05270732566714287,0.41517528891563416,0.3663454055786133,0.047820113599300385,0.42119526863098145,0.433065265417099,0.0422859750688076,0.40376007556915283,0.4725457429885864,0.042113229632377625,Q
0.25589966773986816,0.34394407272338867,6.294164904829813e-07,0.27789586782455444,0.3578294515609741,-0.08859553188085556,0.34009337425231934,0.38732922077178955,-0.1106267049908638,0.3980565369129181,0.43469488620758057,-0.1097695454955101,0.43670332431793213,0.4801853895187378,-0.10164008289575577,0.4292242228984833,0.283103883266449,-0.07251068204641342,0.5184664726257324,0.32930466532707214,-0.08222351968288422,0.5674437284469604,0.37164440751075745,-0.08730155229568481,0.603028416633606,0.4054223895072937,-0.0903933122754097,0.4401157796382904,0.30068570375442505,-0.02584749646484852,0.5230159163475037,0.3596067726612091,-0.0444674976170063,0.5070435404777527,0.4010595679283142,-0.0533364862203598,0.4702679216861725,0.4223974943161011,-0.05290190503001213,0.4449999928474426,0.3233981132507324,0.014940978959202766,0.5143105387687683,0.3697632849216461,-0.00844348594546318,0.4945138096809387,0.4075814187526703,-0.026044150814414024,0.4642500877380371,0.4243241548538208,-0.03016817942261696,0.4431157410144806,0.3452899754047394,0.050041817128658295,0.49208542704582214,0.38000398874282837,0.024129942059516907,0.48668956756591797,0.41011175513267517,0.002720196731388569,0.4651119112968445,0.4221639633178711,-0.006089307367801666,Q
0.4041669964790344,0.4845312833786011,1.1911611181858461e-06,0.46409040689468384,0.5397676229476929,-0.1162046268582344,0.5640549659729004,0.5967534780502319,-0.14590054750442505,0.6436936259269714,0.6691689491271973,-0.14828816056251526,0.7114243507385254,0.733624279499054,-0.14167656004428864,0.6839016675949097,0.47387170791625977,-0.07256501913070679,0.814742922782898,0.5330448746681213,-0.07225295156240463,0.8765650391578674,0.5914416313171387,-0.07553485780954361,0.9202036261558533,0.6356551051139832,-0.07755322009325027,0.6848680377006531,0.47261181473731995,-0.004408916458487511,0.8008239269256592,0.5420318245887756,-0.012570570223033428,0.8060004115104675,0.6105495691299438,-0.02829420380294323,0.7770625948905945,0.652690589427948,-0.03520838916301727,0.6786229610443115,0.486687034368515,0.05629492551088333,0.777900755405426,0.5403671860694885,0.05121937766671181,0.7833653688430786,0.5957498550415039,0.0282239131629467,0.7676509618759155,0.6331396698951721,0.015178105793893337,0.6741793751716614,0.509543776512146,0.10799290984869003,0.7479233741760254,0.5570704340934753,0.10336850583553314,0.7654470205307007,0.6007178425788879,0.08402519673109055,0.7684776782989502,0.631442666053772,0.07180869579315186,Q
0.17900443077087402,0.5976553559303284,1.0078786090161884e-06,0.21567779779434204,0.6796399354934692,-0.0968070775270462,0.2980090379714966,0.7534419298171997,-0.1284092515707016,0.36439087986946106,0.8334073424339294,-0.13568539917469025,0.4110962152481079,0.9081411957740784,-0.13468845188617706,0.4396868944168091,0.6336327195167542,-0.09076445549726486,0.5591806173324585,0.7222602367401123,-0.09359995275735855,0.6099624633789062,0.7865400314331055,-0.09112491458654404,0.6457448601722717,0.8306270837783813,-0.08789681643247604,0.45605722069740295,0.6087414026260376,-0.03398427367210388,0.5687614679336548,0.710987389087677,-0.04009440913796425,0.5627808570861816,0.7779709100723267,-0.040821582078933716,0.5323125720024109,0.8095073699951172,-0.03807658702135086,0.4559360146522522,0.6058779954910278,0.01930999383330345,0.5555649995803833,0.6887375116348267,0.013253621757030487,0.5447465181350708,0.7491847276687622,0.004214681219309568,0.5172346830368042,0.779969334602356,0.0004895200254395604,0.4520191550254822,0.6184501647949219,0.06608118861913681,0.5283653140068054,0.679918110370636,0.05944975093007088,0.535774290561676,0.7281249761581421,0.04828139767050743,0.5285449028015137,0.7554391026496887,0.042388252913951874,Q
0.314119428396225,0.4657725989818573,1.1281705383225926e-06,0.3109871745109558,0.5574540495872498,-0.12828488647937775,0.37307363748550415,0.651938259601593,-0.19448354840278625,0.4366246461868286,0.7446328997612,-0.22845657169818878,0.48053741455078125,0.8293622732162476,-0.2539101839065552,0.5133371353149414,0.5011975765228271,-0.21009939908981323,0.6464576125144958,0.6150203347206116,-0.2548985481262207,0.7132294774055481,0.7004906535148621,-0.266562283039093,0.7670981884002686,0.756634533405304,-0.270931214094162,0.5607120394706726,0.4636949896812439,-0.14980946481227875,0.6887068152427673,0.6234000325202942,-0.20245115458965302,0.6340349912643433,0.6970884799957275,-0.20198149979114532,0.5661027431488037,0.7019256353378296,-0.19190150499343872,0.5855525135993958,0.46132341027259827,-0.08952931314706802,0.7099505662918091,0.592433750629425,-0.12905482947826385,0.6573042869567871,0.6571027636528015,-0.12008079886436462,0.6007128953933716,0.6653096675872803,-0.10645664483308792,0.6008468866348267,0.4745662808418274,-0.03715502843260765,0.6957184076309204,0.5701813101768494,-0.06757345050573349,0.6624106168746948,0.6210087537765503,-0.07093212008476257,0.6223718523979187,0.6327872276306152,-0.06845226883888245,Q
0.30048930644989014,0.3928636312484741,1.2696993962890701e-06,0.29738399386405945,0.47855544090270996,-0.1272680163383484,0.36250993609428406,0.5741021633148193,-0.1868334263563156,0.43062105774879456,0.6602088809013367,-0.2139456421136856,0.4695591330528259,0.7415738701820374,-0.23280592262744904,0.5001350045204163,0.4083116054534912,-0.1958688646554947,0.6339781880378723,0.5229036808013916,-0.239325612783432,0.7007984519004822,0.6079207062721252,-0.25241726636886597,0.75185626745224,0.6685057878494263,-0.2574938237667084,0.544522762298584,0.3813731372356415,-0.13287191092967987,0.6780321002006531,0.5391680598258972,-0.18639813363552094,0.6311925649642944,0.6187002062797546,-0.1898087114095688,0.5628213286399841,0.6330492496490479,-0.17935886979103088,0.5708203315734863,0.3880637586116791,-0.0701056718826294,0.6805304288864136,0.516935408115387,-0.10803136974573135,0.6328411102294922,0.5843842625617981,-0.10252699255943298,0.5767648816108704,0.5975825190544128,-0.08859960734844208,0.5859243869781494,0.4024476110935211,-0.01569553278386593,0.6570492386817932,0.4957289397716522,-0.047874774783849716,0.6316112279891968,0.5519465208053589,-0.05751547962427139,0.5991209149360657,0.5721816420555115,-0.05628177151083946,Q
0.22946783900260925,0.28089088201522827,1.802406472961593e-06,0.21756702661514282,0.3554641902446747,-0.1796320229768753,0.280595064163208,0.4433533549308777,-0.25322914123535156,0.3602040112018585,0.5368892550468445,-0.28185445070266724,0.421030730009079,0.6240915060043335,-0.2983250021934509,0.46403467655181885,0.29303401708602905,-0.2237275391817093,0.6134465932846069,0.37004631757736206,-0.259846568107605,0.6757439374923706,0.4664744436740875,-0.26715630292892456,0.7044649124145508,0.539068877696991,-0.2652384042739868,0.5071478486061096,0.2747967541217804,-0.12800228595733643,0.6517651677131653,0.3746662437915802,-0.16302178800106049,0.6251735687255859,0.47358524799346924,-0.16204127669334412,0.562093198299408,0.5201373100280762,-0.15102966129779816,0.5260606408119202,0.2869703769683838,-0.038151782006025314,0.6501839756965637,0.36680930852890015,-0.0655963271856308,0.6240060329437256,0.45012009143829346,-0.07104108482599258,0.5833325386047363,0.4917336106300354,-0.06636655330657959,0.5373187065124512,0.30685997009277344,0.03986601531505585,0.6315878629684448,0.363283634185791,0.016905654221773148,0.6344966292381287,0.4315056800842285,0.0006431452929973602,0.6238834857940674,0.4743925929069519,-0.004650757182389498,Q
0.2088264673948288,0.26283302903175354,1.401535200784565e-06,0.18722805380821228,0.35655248165130615,-0.1735030859708786,0.2506093978881836,0.4597545266151428,-0.23231327533721924,0.3267941474914551,0.5549026727676392,-0.2402278482913971,0.39763250946998596,0.6358370780944824,-0.23290224373340607,0.40693071484565735,0.3104664981365204,-0.2585497200489044,0.5676161050796509,0.3731836974620819,-0.3066064119338989,0.6193594932556152,0.47029605507850647,-0.3120058476924896,0.6346401572227478,0.5487667918205261,-0.3052472472190857,0.46006813645362854,0.29246747493743896,-0.16471010446548462,0.6118392944335938,0.37681421637535095,-0.20838823914527893,0.6013584136962891,0.4789760112762451,-0.20066417753696442,0.5482632517814636,0.5333096981048584,-0.1858956515789032,0.4891865849494934,0.3007909059524536,-0.0760255753993988,0.6195816993713379,0.37242287397384644,-0.11578529328107834,0.592557430267334,0.4550870656967163,-0.12223934382200241,0.5517014861106873,0.5047507286071777,-0.11592051386833191,0.5085206031799316,0.31973177194595337,0.0020727270748466253,0.6045385003089905,0.37010154128074646,-0.031099971383810043,0.6065089106559753,0.43712249398231506,-0.05199757218360901,0.5945510864257812,0.4868670403957367,-0.05973071604967117,Q
0.32114750146865845,0.3598065674304962,1.2025392379655386e-06,0.32747939229011536,0.4342960715293884,-0.11258980631828308,0.3982107639312744,0.5118321180343628,-0.16187256574630737,0.4720955789089203,0.5925351977348328,-0.18328256905078888,0.5153412818908691,0.6701332330703735,-0.1965368539094925,0.5265883803367615,0.36842674016952515,-0.1493983119726181,0.6547256112098694,0.4631192982196808,-0.175581157207489,0.7130174040794373,0.5390480756759644,-0.1797291338443756,0.7529467940330505,0.5921682119369507,-0.17900025844573975,0.5577515959739685,0.33594202995300293,-0.09081996977329254,0.6756314039230347,0.4648793637752533,-0.1273529827594757,0.6372669339179993,0.5307192206382751,-0.12775376439094543,0.5830039978027344,0.5440086126327515,-0.11744406074285507,0.5734047293663025,0.33559656143188477,-0.03409114107489586,0.6852627992630005,0.4417945444583893,-0.06280361860990524,0.6464464068412781,0.5000377893447876,-0.06055779382586479,0.599432110786438,0.5145937204360962,-0.05057831481099129,0.5832682251930237,0.34935253858566284,0.015443062409758568,0.6598235368728638,0.4249240458011627,-0.011201427318155766,0.6411483287811279,0.4751838147640228,-0.021211178973317146,0.6154499650001526,0.49589404463768005,-0.02102033607661724,Q
0.06186115741729736,0.2989686131477356,1.5446086081283283e-06,0.11361190676689148,0.39827048778533936,-0.16743223369121552,0.22203931212425232,0.4866613447666168,-0.22627703845500946,0.3248650133609772,0.5892072319984436,-0.24440163373947144,0.3961670398712158,0.6901313066482544,-0.2496851533651352,0.4090678095817566,0.3003948926925659,-0.16672928631305695,0.5714545249938965,0.4354671835899353,-0.19252966344356537,0.6512624025344849,0.5250212550163269,-0.20563003420829773,0.7160149812698364,0.5854194164276123,-0.21356835961341858,0.43071481585502625,0.2863450050354004,-0.07535891234874725,0.5794961452484131,0.4417163133621216,-0.11273669451475143,0.5357555747032166,0.527650773525238,-0.12335627526044846,0.4687899649143219,0.5492974519729614,-0.12153124064207077,0.43287938833236694,0.30125999450683594,0.008672885596752167,0.567009687423706,0.43523767590522766,-0.02342439815402031,0.51968914270401,0.503862738609314,-0.03308595344424248,0.46303489804267883,0.5165424346923828,-0.03035043366253376,0.43690598011016846,0.32391002774238586,0.08055417984724045,0.5256444215774536,0.4248044788837433,0.048464663326740265,0.5121051073074341,0.48784881830215454,0.026387471705675125,0.4913402795791626,0.5106726288795471,0.018084321171045303,Q
0.2198818027973175,0.30443406105041504,1.192096760860295e-06,0.214011549949646,0.3757615089416504,-0.15292951464653015,0.28676044940948486,0.4564976990222931,-0.2218177169561386,0.3694790005683899,0.5404209494590759,-0.25100159645080566,0.4282882809638977,0.6259782910346985,-0.2697794735431671,0.43844079971313477,0.2953200936317444,-0.22677183151245117,0.5851414203643799,0.40279391407966614,-0.2701350152492523,0.6567873954772949,0.4880761206150055,-0.27884161472320557,0.709603488445282,0.5472401976585388,-0.2798537611961365,0.48690682649612427,0.2726898789405823,-0.14809854328632355,0.6286711692810059,0.4222918152809143,-0.19404490292072296,0.5784212350845337,0.5061741471290588,-0.1878412812948227,0.5087395310401917,0.5224615335464478,-0.17280270159244537,0.5129139423370361,0.28000766038894653,-0.07178711891174316,0.6396564245223999,0.39726558327674866,-0.1097387969493866,0.5858824253082275,0.46703237295150757,-0.10354781895875931,0.527475118637085,0.48084330558776855,-0.09039899706840515,0.5274978876113892,0.29535356163978577,-0.0045704832300543785,0.61894690990448,0.3732135593891144,-0.03723426163196564,0.5974885821342468,0.43141087889671326,-0.048215825110673904,0.5660979747772217,0.4512631297111511,-0.04939897730946541,Q
0.19722861051559448,0.2961346507072449,1.1956564094361966e-06,0.2022966742515564,0.3545212149620056,-0.13617609441280365,0.273485392332077,0.42099177837371826,-0.19262240827083588,0.3492271900177002,0.4928929805755615,-0.2123582810163498,0.40117570757865906,0.5643271207809448,-0.22298310697078705,0.3897807002067566,0.26933765411376953,-0.19846150279045105,0.5266176462173462,0.3468092679977417,-0.23047493398189545,0.5931116342544556,0.4168700873851776,-0.23187267780303955,0.6377736330032349,0.46639394760131836,-0.2280106097459793,0.42464014887809753,0.24606555700302124,-0.12556026875972748,0.5613353252410889,0.3602585792541504,-0.16326738893985748,0.5232688188552856,0.43277648091316223,-0.15789063274860382,0.4620959162712097,0.4503777027130127,-0.14398084580898285,0.4451102018356323,0.25116223096847534,-0.05432383343577385,0.5660509467124939,0.3423919081687927,-0.08924009650945663,0.5219116806983948,0.4056544005870819,-0.08861027657985687,0.46992358565330505,0.4214833080768585,-0.07853588461875916,0.45950406789779663,0.2632139325141907,0.009448709897696972,0.5437883734703064,0.3263165056705475,-0.02504022791981697,0.5254302620887756,0.3802277147769928,-0.040057335048913956,0.49702244997024536,0.4002477526664734,-0.042914751917123795,Q
0.31168830394744873,0.1886836737394333,7.284165235432738e-07,0.3148348331451416,0.23311516642570496,-0.0781036913394928,0.3655776083469391,0.2940499782562256,-0.09703682363033295,0.42815107107162476,0.3518046736717224,-0.09677410125732422,0.4690975546836853,0.40398263931274414,-0.0892302542924881,0.47522491216659546,0.1749841272830963,-0.07494790852069855,0.57765132188797,0.23495963215827942,-0.09447424113750458,0.6312769651412964,0.29235589504241943,-0.10426367074251175,0.669564962387085,0.3354099988937378,-0.11080112308263779,0.5023210644721985,0.1906077265739441,-0.035722654312849045,0.5869144797325134,0.2718568742275238,-0.061990223824977875,0.5589779019355774,0.3269801139831543,-0.07343890517950058,0.5173487663269043,0.34278440475463867,-0.0747433677315712,0.5156151652336121,0.21892787516117096,-0.001064932788722217,0.5903721451759338,0.29177749156951904,-0.026092108339071274,0.5578219294548035,0.33163225650787354,-0.03646288812160492,0.5235143303871155,0.3367413282394409,-0.03632775694131851,0.5249994993209839,0.24744343757629395,0.027988100424408913,0.5735436081886292,0.2976970672607422,0.0037776262033730745,0.5558918118476868,0.3285982012748718,-0.011066903360188007,0.5332008004188538,0.33559560775756836,-0.01599358394742012,Q
0.2236046940088272,0.364218145608902,9.961029263649834e-07,0.21456055343151093,0.4029574990272522,-0.08954421430826187,0.25465238094329834,0.4579768776893616,-0.13321548700332642,0.30857229232788086,0.5134053230285645,-0.15673542022705078,0.33492058515548706,0.5620816349983215,-0.1751369833946228,0.350637286901474,0.33363449573516846,-0.11965402215719223,0.447094202041626,0.3931163549423218,-0.15170541405677795,0.5013386607170105,0.44724634289741516,-0.16443222761154175,0.5392740368843079,0.4917687475681305,-0.1706567257642746,0.3855130970478058,0.3329819142818451,-0.08000200986862183,0.471632182598114,0.42143532633781433,-0.12249898910522461,0.44866126775741577,0.4849535822868347,-0.1322566568851471,0.40681010484695435,0.5134475231170654,-0.1290174275636673,0.4077457785606384,0.34798744320869446,-0.04275645688176155,0.4745770990848541,0.42345523834228516,-0.08140154927968979,0.44800063967704773,0.47942033410072327,-0.08697709441184998,0.40954676270484924,0.5015290975570679,-0.0802539512515068,0.41844072937965393,0.3645767867565155,-0.010737934149801731,0.46678197383880615,0.42299214005470276,-0.042978107929229736,0.4525110125541687,0.46530187129974365,-0.054259371012449265,0.42745909094810486,0.48263248801231384,-0.053715694695711136,Q
0.1331857144832611,0.3228945732116699,1.8255104805575684e-06,0.12198889255523682,0.4305582046508789,-0.17667894065380096,0.22009709477424622,0.5406481623649597,-0.25587794184684753,0.352415531873703,0.6422275304794312,-0.29223310947418213,0.4303891658782959,0.7538694143295288,-0.3151710331439972,0.3765028417110443,0.3089092969894409,-0.26195839047431946,0.5869749188423157,0.39571863412857056,-0.3230057954788208,0.7203015089035034,0.4735412895679474,-0.34462541341781616,0.8210870027542114,0.5346337556838989,-0.35661932826042175,0.4521247148513794,0.2751396596431732,-0.17879527807235718,0.652098536491394,0.3905952274799347,-0.23849943280220032,0.6888211369514465,0.5156072378158569,-0.24318037927150726,0.6850411891937256,0.5901812314987183,-0.2409457117319107,0.4914710521697998,0.28568023443222046,-0.09975524991750717,0.6698399186134338,0.4164549708366394,-0.15938831865787506,0.6119018793106079,0.5253423452377319,-0.16281990706920624,0.5293335914611816,0.5695623755455017,-0.15296721458435059,0.5207193493843079,0.31804540753364563,-0.03193897008895874,0.637579619884491,0.42418238520622253,-0.0869612991809845,0.6159608960151672,0.499286949634552,-0.11007867008447647,0.5718973278999329,0.5364842414855957,-0.1172235906124115,Q
0.09667403995990753,0.5184100866317749,2.9046285021649965e-07,0.08517351746559143,0.47183704376220703,-0.10347256064414978,0.12218679487705231,0.46117061376571655,-0.14563749730587006,0.20322415232658386,0.5263632535934448,-0.1677079200744629,0.25847893953323364,0.5974951982498169,-0.18324528634548187,0.251476526260376,0.34461504220962524,-0.10851062834262848,0.3721596300601959,0.37230831384658813,-0.153528094291687,0.4425150156021118,0.42055949568748474,-0.1852240115404129,0.4974413514137268,0.46861955523490906,-0.20467053353786469,0.3007546067237854,0.38099852204322815,-0.07157260924577713,0.38625454902648926,0.42667874693870544,-0.12412944436073303,0.3790610432624817,0.496402382850647,-0.15215834975242615,0.3511679470539093,0.5512615442276001,-0.1629800796508789,0.32894274592399597,0.4182087182998657,-0.04234277829527855,0.41292351484298706,0.4488804340362549,-0.09486125409603119,0.40021324157714844,0.5028545260429382,-0.1197132021188736,0.3614025115966797,0.5454016923904419,-0.12253519892692566,0.3374805450439453,0.45601314306259155,-0.021557848900556564,0.4023798108100891,0.4738597571849823,-0.07058469951152802,0.4069662094116211,0.5045908093452454,-0.09516608715057373,0.37589970231056213,0.532139003276825,-0.10017236322164536,Q
0.46236732602119446,0.6949739456176758,2.2706480251599714e-07,0.4179343283176422,0.621073305606842,-0.03817279636859894,0.40020501613616943,0.5455633997917175,-0.05032949894666672,0.44980910420417786,0.49383974075317383,-0.06281838566064835,0.5089144706726074,0.463784396648407,-0.07152855396270752,0.41421425342559814,0.4402349889278412,0.00033148311194963753,0.43546485900878906,0.35365545749664307,-0.021055517718195915,0.45469847321510315,0.30111345648765564,-0.03990892320871353,0.47514912486076355,0.25083696842193604,-0.05411101505160332,0.4647623896598816,0.44521114230155945,-0.0004770946688950062,0.46077385544776917,0.3456798195838928,-0.023623887449502945,0.46146053075790405,0.2859845757484436,-0.0388609804213047,0.4660632014274597,0.2359873503446579,-0.04627709090709686,0.507962703704834,0.4734845459461212,-0.009058509021997452,0.5272095203399658,0.4221714437007904,-0.056890591979026794,0.50702303647995,0.4816801846027374,-0.06363389641046524,0.49065670371055603,0.5244185924530029,-0.05319313704967499,0.5462759733200073,0.5160313248634338,-0.021084774285554886,0.5569363832473755,0.4775846004486084,-0.06350332498550415,0.5332947969436646,0.5171650052070618,-0.06570851802825928,0.5172091722488403,0.5509244203567505,-0.05635888874530792,R
0.63136887550354,0.794691801071167,2.51035515930198e-07,0.5772437453269958,0.7126952409744263,-0.06544908136129379,0.5519193410873413,0.6244710087776184,-0.08990858495235443,0.6059830784797668,0.5545808672904968,-0.1109098494052887,0.6713293790817261,0.5055190324783325,-0.12625999748706818,0.5674433708190918,0.47978487610816956,-0.023578230291604996,0.5967873334884644,0.36935901641845703,-0.058822840452194214,0.6210653781890869,0.3033214807510376,-0.08578544110059738,0.6462181806564331,0.23956634104251862,-0.10512665659189224,0.632763147354126,0.48662590980529785,-0.019243067130446434,0.6387779116630554,0.3518454134464264,-0.056180357933044434,0.6396939754486084,0.27577313780784607,-0.07702433317899704,0.6444221138954163,0.2083197832107544,-0.08648557215929031,0.6876294612884521,0.5231945514678955,-0.025578925386071205,0.7140102982521057,0.45662611722946167,-0.09529603272676468,0.6915303468704224,0.5404002666473389,-0.1037527397274971,0.6745327711105347,0.5966696739196777,-0.08854275941848755,0.7334326505661011,0.5761235356330872,-0.03739359602332115,0.7488746643066406,0.5301597118377686,-0.09730358421802521,0.7229588031768799,0.584212064743042,-0.10025158524513245,0.7053217887878418,0.6272534132003784,-0.08788560330867767,R
0.6647207140922546,1.0063855648040771,3.459694255525392e-07,0.575783371925354,0.9384574890136719,-0.1068868339061737,0.5384862422943115,0.8487330675125122,-0.15664871037006378,0.6118506193161011,0.7820209264755249,-0.19690589606761932,0.7151596546173096,0.7416571974754333,-0.23187635838985443,0.5728131532669067,0.6713584661483765,-0.07229487597942352,0.6090884208679199,0.5310742259025574,-0.12086067348718643,0.6302769184112549,0.44393420219421387,-0.15728680789470673,0.6581820845603943,0.36489349603652954,-0.18642525374889374,0.6600643396377563,0.6756466031074524,-0.05838145315647125,0.6491762399673462,0.5127851963043213,-0.10646471381187439,0.6412105560302734,0.4167602062225342,-0.13557884097099304,0.6437472105026245,0.3330342173576355,-0.15266092121601105,0.7319798469543457,0.7193461656570435,-0.05824393033981323,0.760125994682312,0.6215636134147644,-0.14923307299613953,0.728280246257782,0.7372826337814331,-0.16497880220413208,0.7102307081222534,0.8139863014221191,-0.1534441113471985,0.7927780151367188,0.7855745553970337,-0.06638950109481812,0.8081465363502502,0.7254339456558228,-0.1608910709619522,0.772150993347168,0.8073159456253052,-0.1781512051820755,0.7491359710693359,0.8715424537658691,-0.1715398132801056,R
0.4763016700744629,0.9374448657035828,2.2475546757050324e-07,0.4142656922340393,0.8805028200149536,-0.06298118829727173,0.38532590866088867,0.8101797699928284,-0.09012127667665482,0.43083253502845764,0.747248649597168,-0.11291205883026123,0.49480167031288147,0.7085882425308228,-0.13028374314308167,0.39839881658554077,0.6697802543640137,-0.025836776942014694,0.4193868637084961,0.5766912698745728,-0.057976190000772476,0.43678003549575806,0.5224062204360962,-0.08697246760129929,0.4572995603084564,0.47017544507980347,-0.10971222817897797,0.4551393389701843,0.6676645874977112,-0.019065270200371742,0.4464201033115387,0.5558184385299683,-0.04672415181994438,0.4432443380355835,0.4951184391975403,-0.06572747975587845,0.446746289730072,0.4385530352592468,-0.07772592455148697,0.5056161880493164,0.6936621069908142,-0.022000737488269806,0.5242305994033813,0.621508777141571,-0.07584261894226074,0.508367657661438,0.6928178071975708,-0.0827592983841896,0.4950547516345978,0.7453255653381348,-0.07297762483358383,0.5522454977035522,0.7379127144813538,-0.030739642679691315,0.5601566433906555,0.6883643865585327,-0.08473154902458191,0.5413168668746948,0.738684356212616,-0.09045685082674026,0.5276496410369873,0.7826188206672668,-0.08221720159053802,R
0.5403643846511841,0.8271563053131104,2.187360479410927e-07,0.4609531760215759,0.7954773306846619,-0.02630625292658806,0.4128662645816803,0.7236325740814209,-0.034450069069862366,0.4335345923900604,0.6477636098861694,-0.04494832456111908,0.4845515787601471,0.6031029224395752,-0.05291908234357834,0.40852832794189453,0.6273861527442932,0.010096247307956219,0.3994883894920349,0.5405389666557312,-0.01288039330393076,0.3973040282726288,0.48558130860328674,-0.031598083674907684,0.3978304862976074,0.43494585156440735,-0.04584119841456413,0.45629698038101196,0.6142663359642029,0.00541296973824501,0.42401719093322754,0.519189715385437,-0.01658787578344345,0.4013780951499939,0.4621838629245758,-0.03102756291627884,0.38565003871917725,0.4118819832801819,-0.03810765594244003,0.5062867403030396,0.6254070997238159,-0.005700896494090557,0.4904957711696625,0.5549441576004028,-0.0505773164331913,0.4847498834133148,0.6172155737876892,-0.05584440007805824,0.4875009059906006,0.6674607992172241,-0.04561380669474602,0.5561262369155884,0.6539775133132935,-0.019109658896923065,0.5290884375572205,0.6148160099983215,-0.0644468441605568,0.5134348273277283,0.6620156168937683,-0.07001720368862152,0.5131608843803406,0.7040448188781738,-0.06282700598239899,R
0.677064061164856,0.8023707270622253,3.315632000067126e-07,0.6052624583244324,0.7554644346237183,-0.03300175443291664,0.5645994544029236,0.6907009482383728,-0.041156843304634094,0.5898773074150085,0.6218693256378174,-0.04956270009279251,0.6358404159545898,0.5783210396766663,-0.05496695265173912,0.5555058121681213,0.6140400767326355,0.009379829280078411,0.5499926209449768,0.5320670008659363,-0.007253042422235012,0.5530972480773926,0.47934356331825256,-0.022604189813137054,0.5574623942375183,0.4295012354850769,-0.03466784209012985,0.6014136075973511,0.6037747859954834,0.010889621451497078,0.5743138194084167,0.5173550248146057,-0.0060914913192391396,0.5595670938491821,0.4645887613296509,-0.01828746683895588,0.5506941080093384,0.4163588881492615,-0.024746164679527283,0.6469683647155762,0.6143366694450378,0.005076360423117876,0.6449522376060486,0.5512955188751221,-0.03649814799427986,0.643016517162323,0.6092338562011719,-0.04237468168139458,0.6426413059234619,0.6542109847068787,-0.03280852362513542,0.6909988522529602,0.6382992267608643,-0.0034376331605017185,0.6814689636230469,0.5921325087547302,-0.04209240898489952,0.6712884902954102,0.6320667266845703,-0.04537089914083481,0.6683763265609741,0.6689049005508423,-0.03800583258271217,R
0.55145663022995,0.8101620674133301,3.846274125862692e-07,0.439266562461853,0.7672581672668457,-0.08973654359579086,0.3754362463951111,0.6654281616210938,-0.1200198233127594,0.42152994871139526,0.5537108778953552,-0.14260244369506836,0.48253077268600464,0.4598858654499054,-0.15900839865207672,0.33897602558135986,0.49153903126716614,-0.037444498389959335,0.3194308578968048,0.351859986782074,-0.07547234743833542,0.3121111989021301,0.2674383819103241,-0.10116653144359589,0.30629169940948486,0.18738281726837158,-0.12003260105848312,0.41519561409950256,0.47601956129074097,-0.026232298463582993,0.3671668767929077,0.3263835906982422,-0.06461228430271149,0.32988473773002625,0.24813280999660492,-0.08042944222688675,0.30106639862060547,0.1818963587284088,-0.0858723595738411,0.4911663234233856,0.49721261858940125,-0.029434582218527794,0.4821273386478424,0.4125557839870453,-0.10976235568523407,0.4797033369541168,0.515729546546936,-0.11719618737697601,0.48434552550315857,0.5857719779014587,-0.09948623180389404,0.5615266561508179,0.536768913269043,-0.040324389934539795,0.5401570796966553,0.48405563831329346,-0.11766605824232101,0.5236380696296692,0.5638641119003296,-0.12687399983406067,0.5227146148681641,0.6216211915016174,-0.11700011789798737,R
0.6399359107017517,0.9050900936126709,6.298819812400325e-07,0.5347921252250671,0.8549994230270386,-0.10833911597728729,0.481574684381485,0.747068464756012,-0.14270833134651184,0.5320267677307129,0.6354120969772339,-0.16493260860443115,0.6015899181365967,0.5437737703323364,-0.18102966248989105,0.4393690526485443,0.5768796801567078,-0.04166541248559952,0.4274827837944031,0.4367449879646301,-0.07746144384145737,0.4246078431606293,0.3454284071922302,-0.1021791473031044,0.4212658405303955,0.26287347078323364,-0.11986774206161499,0.5200170278549194,0.5600824356079102,-0.018290694802999496,0.47626346349716187,0.40934741497039795,-0.05563577637076378,0.44342511892318726,0.3218841850757599,-0.07251206040382385,0.41552209854125977,0.24647146463394165,-0.07511714845895767,0.5956218838691711,0.5836530327796936,-0.011237970553338528,0.5912922620773315,0.4969410300254822,-0.09632107615470886,0.5888639092445374,0.6016298532485962,-0.1124902293086052,0.590954601764679,0.6704679727554321,-0.09598443657159805,0.6643799543380737,0.6231467127799988,-0.012295766733586788,0.6524739265441895,0.5562894940376282,-0.09881319850683212,0.6379455327987671,0.638620913028717,-0.11561770737171173,0.6347720623016357,0.7000399827957153,-0.10666122287511826,R
0.6197752356529236,0.5794706344604492,3.314651735308871e-07,0.6022378206253052,0.5300965905189514,-0.04670210927724838,0.5952702164649963,0.4747784733772278,-0.05869251862168312,0.6201580166816711,0.4235704243183136,-0.06472796946763992,0.6462091207504272,0.3867483139038086,-0.06647074222564697,0.5649210214614868,0.4095684885978699,-0.021248267963528633,0.5725096464157104,0.3396266996860504,-0.04286482557654381,0.5862827301025391,0.29499125480651855,-0.06083204969763756,0.5975685119628906,0.2544286549091339,-0.07253585755825043,0.6011414527893066,0.40932154655456543,-0.007039511576294899,0.6026189923286438,0.3350517153739929,-0.025496985763311386,0.6077014207839966,0.2998766601085663,-0.037635039538145065,0.6068541407585144,0.2673209607601166,-0.04333571717143059,0.6339252591133118,0.4203035533428192,0.00092262530233711,0.6523569226264954,0.37685883045196533,-0.029808688908815384,0.6576018929481506,0.4100571274757385,-0.034720081835985184,0.6492627263069153,0.43521586060523987,-0.0278857983648777,0.6589350700378418,0.4383929669857025,0.004758912604302168,0.6783837676048279,0.40406304597854614,-0.01871141418814659,0.6809290051460266,0.41941899061203003,-0.019208895042538643,0.670619010925293,0.4364492893218994,-0.012437528930604458,R
0.5848327279090881,0.8497592210769653,4.611542863131035e-07,0.4632936418056488,0.8006928563117981,-0.08549854159355164,0.3919004201889038,0.6906530857086182,-0.11215198785066605,0.43918609619140625,0.5740955471992493,-0.13331647217273712,0.5095015168190002,0.47942420840263367,-0.14848746359348297,0.3543928265571594,0.5068084001541138,-0.017114419490098953,0.33177176117897034,0.35862207412719727,-0.051256436854600906,0.3249656856060028,0.26670706272125244,-0.0750407800078392,0.32060906291007996,0.18529704213142395,-0.09103380143642426,0.43461814522743225,0.4919940233230591,-0.007499855011701584,0.38275304436683655,0.3352822959423065,-0.03962639346718788,0.34562358260154724,0.25142592191696167,-0.05282033234834671,0.31854915618896484,0.18360891938209534,-0.054770179092884064,0.5152644515037537,0.51481032371521,-0.013566222973167896,0.5034778118133545,0.42581939697265625,-0.09079339355230331,0.5002660751342773,0.529638946056366,-0.09924597293138504,0.5051356554031372,0.6009097695350647,-0.08008942008018494,0.592796266078949,0.5557700395584106,-0.027064213529229164,0.5689233541488647,0.4933246970176697,-0.10144195705652237,0.5479930639266968,0.5757066011428833,-0.10870948433876038,0.5439386963844299,0.6379981637001038,-0.09586990624666214,R
0.6356601715087891,0.847589373588562,4.208432073937729e-07,0.5250092148780823,0.7975949048995972,-0.09863858669996262,0.46295642852783203,0.6854245066642761,-0.1314128190279007,0.5085830688476562,0.5719640851020813,-0.15594293177127838,0.5774201154708862,0.4763554632663727,-0.1735893189907074,0.42379847168922424,0.5127242803573608,-0.032703276723623276,0.405201256275177,0.36435845494270325,-0.06602580845355988,0.39920511841773987,0.27229952812194824,-0.08751736581325531,0.39575451612472534,0.18801265954971313,-0.10405512154102325,0.49967190623283386,0.49396970868110657,-0.01711970381438732,0.4469183683395386,0.34052160382270813,-0.05369960144162178,0.4146425724029541,0.2550095319747925,-0.06960757076740265,0.3898026645183563,0.18270182609558105,-0.07375339418649673,0.5761738419532776,0.5143784284591675,-0.017465513199567795,0.5703685879707336,0.41144806146621704,-0.1025441363453865,0.5698106288909912,0.5215036273002625,-0.11612556874752045,0.5739514231681824,0.5962818264961243,-0.09987495839595795,0.6537348628044128,0.5525158047676086,-0.025688758119940758,0.6394875049591064,0.48557472229003906,-0.11205592006444931,0.6217271089553833,0.5679680705070496,-0.1288018822669983,0.6175709962844849,0.6306212544441223,-0.12164506316184998,R
0.5321227312088013,0.6657431125640869,1.9272994222774287e-07,0.4575839638710022,0.5801177620887756,-0.08139362931251526,0.41661667823791504,0.4787375330924988,-0.11666708439588547,0.4505828022956848,0.3876168131828308,-0.1495072990655899,0.5222038626670837,0.3264996111392975,-0.17676763236522675,0.4582289457321167,0.3098709285259247,-0.020741743966937065,0.4765779376029968,0.18211016058921814,-0.06126818805932999,0.49447277188301086,0.10529693961143494,-0.0934811681509018,0.5200548768043518,0.037498682737350464,-0.1173340231180191,0.5286266803741455,0.3156537711620331,-0.013748381286859512,0.527077853679657,0.1624843031167984,-0.05587443336844444,0.5183691382408142,0.07857611775398254,-0.08268869668245316,0.5197442770004272,0.008170247077941895,-0.09716033935546875,0.5904206037521362,0.3556886613368988,-0.02064681053161621,0.5990149974822998,0.2576417624950409,-0.10048976540565491,0.5628103017807007,0.34354403614997864,-0.11695815622806549,0.5449485778808594,0.4134886860847473,-0.1066799983382225,0.646674394607544,0.4124892055988312,-0.03434847667813301,0.6359900236129761,0.3495132327079773,-0.10612935572862625,0.5944731831550598,0.4077048897743225,-0.11834503710269928,0.5741660594940186,0.4646334648132324,-0.11224362999200821,R
0.460151731967926,0.9851405620574951,6.897797675264883e-07,0.3516731858253479,0.9175776243209839,-0.07424372434616089,0.3012862205505371,0.7938972115516663,-0.11591650545597076,0.35190561413764954,0.6914799213409424,-0.15923136472702026,0.44511449337005615,0.6330128908157349,-0.19746588170528412,0.3804827928543091,0.5938969254493713,-0.030727578327059746,0.4128156304359436,0.43342554569244385,-0.09405055642127991,0.4378790855407715,0.33445632457733154,-0.1406763643026352,0.4650149345397949,0.2478483021259308,-0.17379260063171387,0.4663550853729248,0.6060295701026917,-0.04078477621078491,0.478689581155777,0.4240978956222534,-0.10594441741704941,0.46865424513816833,0.30758702754974365,-0.1481124758720398,0.46247774362564087,0.2071576714515686,-0.17025893926620483,0.5420765280723572,0.6579204201698303,-0.06378383189439774,0.5396407246589661,0.5176785588264465,-0.16685810685157776,0.48693156242370605,0.62710040807724,-0.17914588749408722,0.4653676152229309,0.7161638140678406,-0.1591000258922577,0.6057281494140625,0.738431453704834,-0.09310174733400345,0.5729475021362305,0.6461498737335205,-0.18861593306064606,0.5159886479377747,0.7239859104156494,-0.19897596538066864,0.4912911057472229,0.7983649969100952,-0.1843516230583191,R
0.41670650243759155,0.6852279305458069,1.9966492459388974e-07,0.3465171456336975,0.6294695734977722,-0.037344470620155334,0.31352996826171875,0.5456669926643372,-0.05346667394042015,0.34820544719696045,0.47688913345336914,-0.0717087909579277,0.40712249279022217,0.43892645835876465,-0.08651703596115112,0.32596927881240845,0.4398972988128662,-0.005462672095745802,0.33019888401031494,0.34718120098114014,-0.03876373916864395,0.33773180842399597,0.28904151916503906,-0.06613968312740326,0.34747374057769775,0.23203463852405548,-0.08677835762500763,0.37854474782943726,0.4320870637893677,-0.011483949609100819,0.3559935390949249,0.32177042961120605,-0.046246860176324844,0.3419123888015747,0.25501686334609985,-0.06818471103906631,0.3353065252304077,0.19181177020072937,-0.0800643190741539,0.4310569763183594,0.45039328932762146,-0.02482372149825096,0.433743953704834,0.3709622621536255,-0.08273438364267349,0.41691645979881287,0.4465853273868561,-0.08556383103132248,0.40549933910369873,0.5036928057670593,-0.07052036374807358,0.4822593033313751,0.4887232780456543,-0.04178958758711815,0.47560587525367737,0.4322242736816406,-0.09323364496231079,0.45213866233825684,0.48262450098991394,-0.09333168715238571,0.43995875120162964,0.5277278423309326,-0.08078322559595108,R
0.6100031137466431,1.0165504217147827,3.1152026735981053e-07,0.4996832609176636,0.9755172729492188,-0.0741642415523529,0.4303009510040283,0.8628311157226562,-0.11466292291879654,0.4716009199619293,0.7597357630729675,-0.15520207583904266,0.5532230138778687,0.6861636638641357,-0.19027993083000183,0.45831727981567383,0.645101010799408,-0.04156913980841637,0.47082969546318054,0.4928823411464691,-0.10281606018543243,0.47936490178108215,0.39845606684684753,-0.14790715277194977,0.4934852123260498,0.30824652314186096,-0.1809314340353012,0.5459629893302917,0.6408435702323914,-0.04929530248045921,0.52192622423172,0.46303462982177734,-0.11408425867557526,0.4921759366989136,0.3587593734264374,-0.15402504801750183,0.4781610369682312,0.258627325296402,-0.17475634813308716,0.631324052810669,0.6787711977958679,-0.0675293505191803,0.6314462423324585,0.5577406883239746,-0.17040617763996124,0.5916731953620911,0.6864086985588074,-0.1733465939760208,0.5732024908065796,0.7757852077484131,-0.14678171277046204,0.7119055986404419,0.7486228346824646,-0.09143603593111038,0.6895393133163452,0.669718325138092,-0.18484757840633392,0.6466774344444275,0.7689076662063599,-0.1836562305688858,0.6303712725639343,0.8472972512245178,-0.1598057746887207,R
0.4063287079334259,0.9238060712814331,3.196067552835302e-07,0.26468515396118164,0.8803954124450684,-0.06574434041976929,0.17228680849075317,0.7572500705718994,-0.10284028947353363,0.17273084819316864,0.6264566779136658,-0.1444072425365448,0.2518259882926941,0.524277925491333,-0.17972570657730103,0.1786087155342102,0.5480055809020996,0.0024643419310450554,0.14849719405174255,0.3819442689418793,-0.04752751439809799,0.1286218911409378,0.2778095602989197,-0.08265621960163116,0.11541157960891724,0.18460196256637573,-0.10767689347267151,0.26719343662261963,0.5278535485267639,-0.008994375355541706,0.20870576798915863,0.34473729133605957,-0.06167169660329819,0.15279123187065125,0.2392444610595703,-0.09292759746313095,0.09691762924194336,0.15597546100616455,-0.10552950948476791,0.3581636846065521,0.5494691729545593,-0.034743718802928925,0.29521575570106506,0.43698450922966003,-0.12449989467859268,0.27895817160606384,0.5586593151092529,-0.13720977306365967,0.2799951732158661,0.6523979902267456,-0.11910917609930038,0.44166314601898193,0.594707727432251,-0.06697721034288406,0.36580732464790344,0.5299434661865234,-0.14689281582832336,0.3290974795818329,0.625604510307312,-0.15657711029052734,0.3201872408390045,0.7083386182785034,-0.14487430453300476,R
0.5036978721618652,0.9616720676422119,2.290691583084481e-07,0.41988858580589294,0.8998871445655823,-0.06187435984611511,0.3746967315673828,0.8105301856994629,-0.08734524250030518,0.41844090819358826,0.7292360067367554,-0.11177125573158264,0.4923242926597595,0.6756677627563477,-0.13108143210411072,0.3841216564178467,0.6534066200256348,-0.012849347665905952,0.39535826444625854,0.5421954393386841,-0.050218161195516586,0.4096873998641968,0.47329822182655334,-0.08130110055208206,0.4276833236217499,0.40610766410827637,-0.10512340068817139,0.45020541548728943,0.6441434621810913,-0.01256984006613493,0.42516326904296875,0.5129581689834595,-0.05098020285367966,0.4122631549835205,0.4392029047012329,-0.07407992333173752,0.4062894582748413,0.37330061197280884,-0.0859791487455368,0.5131092071533203,0.668554425239563,-0.02373182401061058,0.5264110565185547,0.5850589871406555,-0.0955662950873375,0.5115194320678711,0.6765108108520508,-0.1037842258810997,0.5002979040145874,0.7426177263259888,-0.08886633813381195,0.5732822418212891,0.71640944480896,-0.04044236242771149,0.5745928287506104,0.6582465171813965,-0.10838459432125092,0.5470412969589233,0.7254819869995117,-0.11465989053249359,0.5309743285179138,0.7823330163955688,-0.10343694686889648,R
0.5394423007965088,0.8453123569488525,3.6877349884889554e-07,0.43445467948913574,0.7968426942825317,-0.09497705101966858,0.37865573167800903,0.6944115161895752,-0.1257716864347458,0.43282321095466614,0.5851483941078186,-0.14767977595329285,0.49771979451179504,0.49631109833717346,-0.16320613026618958,0.33968695998191833,0.5295515060424805,-0.040142398327589035,0.3285377621650696,0.3845634460449219,-0.07755742222070694,0.32581567764282227,0.2946413457393646,-0.10373865067958832,0.3251672685146332,0.21011412143707275,-0.12360554933547974,0.41482609510421753,0.5090139508247375,-0.02413788251578808,0.36716923117637634,0.356799840927124,-0.06366562098264694,0.33464083075523376,0.27210456132888794,-0.08382805436849594,0.31024932861328125,0.1961611807346344,-0.09206019341945648,0.48921844363212585,0.5280755162239075,-0.02177896350622177,0.4891665577888489,0.4291234314441681,-0.1032627746462822,0.4872754216194153,0.5302667617797852,-0.11289221793413162,0.4880293607711792,0.6002674102783203,-0.09566975384950638,0.5620914101600647,0.5693469643592834,-0.027150236070156097,0.5499410629272461,0.5018609166145325,-0.10713048279285431,0.5342947244644165,0.577944278717041,-0.117180734872818,0.5297495722770691,0.6373857259750366,-0.10600988566875458,R
0.4333344101905823,0.977858304977417,6.61274043523008e-07,0.302605003118515,0.8802579641342163,-0.09162534028291702,0.25778719782829285,0.7531642913818359,-0.12669645249843597,0.3297075629234314,0.652758777141571,-0.16150616109371185,0.4335142970085144,0.5961991548538208,-0.19046057760715485,0.33473068475723267,0.5619122385978699,-0.007849600166082382,0.3625863492488861,0.4109364151954651,-0.05971914529800415,0.38625189661979675,0.3118335008621216,-0.10433723032474518,0.41002845764160156,0.21893304586410522,-0.1379411667585373,0.41602471470832825,0.5742629170417786,-0.007319285999983549,0.4160107374191284,0.4019814729690552,-0.06703419983386993,0.40310806035995483,0.2919732928276062,-0.10745996236801147,0.39596229791641235,0.19732725620269775,-0.12856967747211456,0.4890521466732025,0.624023973941803,-0.025066163390874863,0.4953095614910126,0.5068753957748413,-0.13449831306934357,0.44133704900741577,0.620529055595398,-0.15648695826530457,0.417095422744751,0.7020823359489441,-0.14016661047935486,0.5592933893203735,0.6971555948257446,-0.050911013036966324,0.5374834537506104,0.6163812875747681,-0.14860717952251434,0.47872257232666016,0.6984603404998779,-0.16472946107387543,0.45405420660972595,0.7660154104232788,-0.1553361564874649,R
0.46529150009155273,0.7344586253166199,2.3912886604193773e-07,0.41405734419822693,0.6707108020782471,-0.04034433513879776,0.3931165039539337,0.5973842144012451,-0.05221256986260414,0.43500977754592896,0.5456007719039917,-0.06360072642564774,0.48828786611557007,0.5195770859718323,-0.07081317156553268,0.40512409806251526,0.5055941343307495,0.0016341469017788768,0.42216160893440247,0.4241524040699005,-0.01917538233101368,0.4363710284233093,0.37512433528900146,-0.03857658430933952,0.4521417021751404,0.32754433155059814,-0.0544583760201931,0.4502774178981781,0.5057516098022461,0.00249919923953712,0.4430159330368042,0.4109061360359192,-0.022388648241758347,0.4452781081199646,0.3570362329483032,-0.04141389578580856,0.4518892467021942,0.30723556876182556,-0.052114859223365784,0.49112945795059204,0.5280203819274902,-0.004357414320111275,0.5109991431236267,0.4680607318878174,-0.05502111837267876,0.49733489751815796,0.5340865254402161,-0.06382456421852112,0.48449090123176575,0.5807584524154663,-0.054595910012722015,0.5308539271354675,0.5640355348587036,-0.014574461616575718,0.5383337736129761,0.5227911472320557,-0.062456488609313965,0.5200574398040771,0.5680487155914307,-0.06815513968467712,0.5077823400497437,0.6054381132125854,-0.06087569519877434,R
0.7207392454147339,0.9730027914047241,5.628413646263652e-07,0.5848837494850159,0.9271878004074097,-0.09522418677806854,0.515762209892273,0.7755777835845947,-0.1340964287519455,0.600651741027832,0.6436641216278076,-0.16937389969825745,0.7036791443824768,0.5578217506408691,-0.19806323945522308,0.5505647659301758,0.5360961556434631,-0.0422375462949276,0.5757415890693665,0.34896689653396606,-0.10777665674686432,0.5954490303993225,0.22941318154335022,-0.15646933019161224,0.6199755668640137,0.12097978591918945,-0.19341427087783813,0.6654520034790039,0.5288119912147522,-0.04423649236559868,0.6451439261436462,0.3145555853843689,-0.11720415949821472,0.6200984716415405,0.18192294239997864,-0.1661529839038849,0.6154483556747437,0.062166184186935425,-0.19098369777202606,0.7724879384040833,0.570269763469696,-0.05957253277301788,0.7872347831726074,0.4177435040473938,-0.18423764407634735,0.7410256862640381,0.5609874129295349,-0.1952897161245346,0.718010425567627,0.6688328981399536,-0.1672653704881668,0.8724940419197083,0.6519798040390015,-0.08185958862304688,0.8568087816238403,0.5568729043006897,-0.20453880727291107,0.8024743795394897,0.6688235998153687,-0.21410267055034637,0.7741509675979614,0.7635529041290283,-0.19088245928287506,R
0.40964773297309875,0.7120031118392944,1.7041081434854277e-07,0.36162903904914856,0.667963445186615,-0.02710675075650215,0.3301316201686859,0.609601616859436,-0.03701002523303032,0.34697920083999634,0.5527719855308533,-0.046820998191833496,0.3844625651836395,0.5179389715194702,-0.053645916283130646,0.3200409710407257,0.5382426977157593,-0.007190970703959465,0.32182222604751587,0.46367543935775757,-0.030480554327368736,0.3292689025402069,0.4184519946575165,-0.0485212467610836,0.3348604142665863,0.37408456206321716,-0.06116032227873802,0.35965511202812195,0.5312023162841797,-0.007666156627237797,0.348998486995697,0.4521997272968292,-0.02900741994380951,0.34065863490104675,0.4128402769565582,-0.039848338812589645,0.332716166973114,0.37203413248062134,-0.044936295598745346,0.3992023766040802,0.5385839343070984,-0.013262548483908176,0.4064271152019501,0.4900062680244446,-0.04834359511733055,0.40385961532592773,0.5383557677268982,-0.046189531683921814,0.40068167448043823,0.5694758296012878,-0.03383311629295349,0.4349898099899292,0.5582135915756226,-0.021663665771484375,0.43919315934181213,0.5222457051277161,-0.04860115423798561,0.43151193857192993,0.5561122298240662,-0.04379972070455551,0.42770054936408997,0.5823899507522583,-0.032929420471191406,R
0.5357324481010437,0.9060230255126953,1.962229418950301e-07,0.45538610219955444,0.8243786096572876,-0.0644017904996872,0.422613263130188,0.7235614657402039,-0.09402672201395035,0.4832489490509033,0.652702271938324,-0.12294754385948181,0.5638443231582642,0.6059799194335938,-0.14573855698108673,0.4560892581939697,0.5525074005126953,-0.029157865792512894,0.4789201021194458,0.43316251039505005,-0.07323991507291794,0.5027462244033813,0.35967516899108887,-0.1085987463593483,0.5294328331947327,0.28709185123443604,-0.1360979974269867,0.529132068157196,0.5560438632965088,-0.0336146280169487,0.5187041759490967,0.40402862429618835,-0.08066233992576599,0.5176579356193542,0.3186405301094055,-0.10916320234537125,0.5239986181259155,0.23961037397384644,-0.1264277994632721,0.5934446454048157,0.5956812500953674,-0.048509418964385986,0.6170994639396667,0.5031474828720093,-0.12838509678840637,0.589158296585083,0.5977699160575867,-0.1362849771976471,0.5672807097434998,0.6647940278053284,-0.12184303998947144,0.6529380083084106,0.6597369909286499,-0.06945760548114777,0.6601775288581848,0.6062535047531128,-0.14112627506256104,0.6224013566970825,0.6698070168495178,-0.14659015834331512,0.5964166522026062,0.7209025621414185,-0.13600769639015198,R
0.4240827262401581,0.7640160322189331,2.815853008542035e-07,0.3660348057746887,0.7082152366638184,-0.03762039914727211,0.33811938762664795,0.6352407932281494,-0.05358865484595299,0.37737324833869934,0.5763033032417297,-0.07077700644731522,0.4355357885360718,0.543752908706665,-0.08398402482271194,0.3575337827205658,0.5252901911735535,-0.004007966723293066,0.3709481954574585,0.4391411244869232,-0.03258344158530235,0.3859373927116394,0.38733944296836853,-0.05636344850063324,0.40226641297340393,0.33688658475875854,-0.074257493019104,0.40717145800590515,0.5242401957511902,-0.00784909725189209,0.39764487743377686,0.4213755428791046,-0.039058052003383636,0.39506852626800537,0.3591064214706421,-0.05954733490943909,0.39825356006622314,0.30236828327178955,-0.07102324813604355,0.4529721140861511,0.5467087626457214,-0.019029971212148666,0.46679502725601196,0.47658050060272217,-0.0726022720336914,0.44964078068733215,0.5374585390090942,-0.07919381558895111,0.43589547276496887,0.5853559374809265,-0.06870204955339432,0.4965788722038269,0.5877752900123596,-0.033721860498189926,0.5006538033485413,0.5435703992843628,-0.08160323649644852,0.4756194055080414,0.5857218503952026,-0.0851038470864296,0.45860952138900757,0.6251086592674255,-0.07646146416664124,R
0.6688170433044434,0.6868054270744324,2.576120152752992e-07,0.5500012040138245,0.608953595161438,-0.06130779907107353,0.4730989336967468,0.49767744541168213,-0.08936379849910736,0.49221235513687134,0.37135544419288635,-0.12182236462831497,0.5741817355155945,0.2828114330768585,-0.14704561233520508,0.46585604548454285,0.32956650853157043,0.011802822351455688,0.45489147305488586,0.18228133022785187,-0.03399185091257095,0.4549671411514282,0.09288136661052704,-0.0682983547449112,0.4616430401802063,0.008002042770385742,-0.0931198000907898,0.5445892214775085,0.30564936995506287,0.004881225526332855,0.4896320700645447,0.13254192471504211,-0.043900590389966965,0.45904627442359924,0.04015815258026123,-0.07054770737886429,0.4435003697872162,-0.04184117913246155,-0.08350614458322525,0.6271830797195435,0.3209477961063385,-0.016371309757232666,0.6082090139389038,0.20954498648643494,-0.10004563629627228,0.594373345375061,0.32388728857040405,-0.10255905985832214,0.5930490493774414,0.4095138609409332,-0.07993640750646591,0.7112956047058105,0.3631235361099243,-0.0443730466067791,0.6762734055519104,0.30062294006347656,-0.10943391174077988,0.6455022096633911,0.37842509150505066,-0.10850606858730316,0.6364530920982361,0.44401952624320984,-0.09300289303064346,R
0.8576723337173462,0.6723934412002563,3.8996665807644604e-07,0.790440022945404,0.6201337575912476,-0.052005838602781296,0.752199649810791,0.5393301844596863,-0.06378116458654404,0.7940996289253235,0.46171072125434875,-0.07154727727174759,0.8499191403388977,0.412180095911026,-0.07549488544464111,0.7371153235435486,0.44354498386383057,-0.00543733686208725,0.7371032238006592,0.3453511595726013,-0.023474307730793953,0.7443661093711853,0.2853734791278839,-0.03991592302918434,0.7529385089874268,0.2288735806941986,-0.053522076457738876,0.7902416586875916,0.4357702434062958,0.0034647879656404257,0.7644864320755005,0.33119696378707886,-0.01772143878042698,0.7529033422470093,0.2673022747039795,-0.03397655859589577,0.7481535077095032,0.21145948767662048,-0.043079689145088196,0.8410390615463257,0.45286113023757935,0.0038267853669822216,0.8533613681793213,0.3718312978744507,-0.048199210315942764,0.8521282076835632,0.42683422565460205,-0.061380911618471146,0.8494818210601807,0.47248855233192444,-0.055203650146722794,0.8912587761878967,0.48573535680770874,0.0005470919422805309,0.8965743780136108,0.4280039668083191,-0.05389018729329109,0.8829391002655029,0.4741045832633972,-0.06460390239953995,0.8733141422271729,0.5175576210021973,-0.06001231446862221,R
0.5012795329093933,0.8718377947807312,9.131009193197315e-08,0.39434558153152466,0.7837504744529724,-0.06802171468734741,0.3403950333595276,0.6478638648986816,-0.10278861969709396,0.38269317150115967,0.5378246307373047,-0.139661505818367,0.4847736954689026,0.49359366297721863,-0.17067445814609528,0.40931397676467896,0.46513181924819946,-0.024206889793276787,0.43576449155807495,0.30378440022468567,-0.0809483528137207,0.454315721988678,0.20893594622612,-0.12172802537679672,0.4815160632133484,0.12408098578453064,-0.151696115732193,0.4924198389053345,0.4682951867580414,-0.031031901016831398,0.49250102043151855,0.2799982726573944,-0.09096255153417587,0.4739258587360382,0.1707693338394165,-0.12615060806274414,0.4656265377998352,0.07680264115333557,-0.14468039572238922,0.5676662921905518,0.5109440088272095,-0.04976808279752731,0.5812084078788757,0.388275682926178,-0.14477720856666565,0.5244315266609192,0.48750168085098267,-0.1562190055847168,0.49366509914398193,0.5697141885757446,-0.13882605731487274,0.6336822509765625,0.5794041752815247,-0.07466872036457062,0.6044906377792358,0.5100486278533936,-0.15872390568256378,0.5432837605476379,0.5803072452545166,-0.1689189225435257,0.5157582759857178,0.648154079914093,-0.15796521306037903,R
0.39211398363113403,1.0078134536743164,6.000590957455643e-08,0.2748821973800659,0.9141180515289307,-0.0740513876080513,0.2232401967048645,0.7572591304779053,-0.11127319186925888,0.27746355533599854,0.6513397097587585,-0.15188629925251007,0.38231050968170166,0.5957638621330261,-0.1865134984254837,0.3365366458892822,0.5391473174095154,-0.022013619542121887,0.37409016489982605,0.3724028468132019,-0.08330617845058441,0.39782288670539856,0.27020519971847534,-0.12726330757141113,0.4281177520751953,0.17838069796562195,-0.16086043417453766,0.43348991870880127,0.5534747242927551,-0.03717994689941406,0.4528365731239319,0.3434312045574188,-0.10970066487789154,0.44045698642730713,0.21641841530799866,-0.1546793431043625,0.4389752149581909,0.10650599002838135,-0.1765839010477066,0.5140693187713623,0.6150319576263428,-0.06530976295471191,0.5124397873878479,0.47845208644866943,-0.18180148303508759,0.42600327730178833,0.605121910572052,-0.19124968349933624,0.38661956787109375,0.6950691342353821,-0.16604399681091309,0.576106071472168,0.7085758447647095,-0.09947307407855988,0.531785786151886,0.6233462691307068,-0.20351484417915344,0.4497625231742859,0.7147927284240723,-0.20939287543296814,0.41592127084732056,0.7912948727607727,-0.19010867178440094,R
0.6051826477050781,0.8693013191223145,3.7006341813139443e-07,0.48210275173187256,0.8244670033454895,-0.09151847660541534,0.41118723154067993,0.7125109434127808,-0.1183980256319046,0.4553702473640442,0.5968010425567627,-0.13830652832984924,0.5234337449073792,0.49849429726600647,-0.15229268372058868,0.3726704716682434,0.534369945526123,-0.01942712813615799,0.3528047800064087,0.39079850912094116,-0.04888699948787689,0.34591126441955566,0.3024665117263794,-0.06932256370782852,0.34281641244888306,0.2228221297264099,-0.08497533202171326,0.45241665840148926,0.5145768523216248,-0.007425558287650347,0.39560240507125854,0.3621348738670349,-0.0351211354136467,0.35885781049728394,0.2768428921699524,-0.0455646738409996,0.3321208357810974,0.20704728364944458,-0.04726794734597206,0.533610463142395,0.5355724096298218,-0.012497199699282646,0.5196635127067566,0.44699105620384216,-0.0935412272810936,0.5274113416671753,0.5608681440353394,-0.10872843116521835,0.5423778891563416,0.636104941368103,-0.09449036419391632,0.610905647277832,0.5722616910934448,-0.0249644685536623,0.5866499543190002,0.5142945051193237,-0.10902995616197586,0.5717356204986572,0.5993092656135559,-0.12703441083431244,0.5750832557678223,0.6585490703582764,-0.12249146401882172,R
0.6016965508460999,0.9112966060638428,3.1033721370476997e-07,0.48373448848724365,0.8608996868133545,-0.05587031692266464,0.41439566016197205,0.7557194232940674,-0.07888291031122208,0.4505215883255005,0.6428487300872803,-0.10469520092010498,0.520946204662323,0.5602964162826538,-0.12467426061630249,0.409717321395874,0.5770291090011597,-0.0009312999318353832,0.3965018391609192,0.4358876049518585,-0.04065888375043869,0.39565396308898926,0.3523051142692566,-0.07152644544839859,0.3967968225479126,0.2729276418685913,-0.0954199805855751,0.4837532937526703,0.5555258393287659,-0.008729608729481697,0.43841850757598877,0.4013867676258087,-0.05243244767189026,0.4082801342010498,0.3145134747028351,-0.08167409151792526,0.3872154951095581,0.2386781871318817,-0.09906510263681412,0.5592743754386902,0.571455180644989,-0.027710696682333946,0.5402439832687378,0.46556881070137024,-0.10477911680936813,0.5350180864334106,0.560682475566864,-0.11393517255783081,0.5382179617881775,0.6401563882827759,-0.10069288313388824,0.6374760270118713,0.6146316528320312,-0.052589260041713715,0.5979725122451782,0.5677305459976196,-0.12443891912698746,0.5715559720993042,0.64364093542099,-0.13307860493659973,0.5641189217567444,0.7114424705505371,-0.12456218898296356,R
0.5628923177719116,0.7223186492919922,-7.829178798601788e-07,0.46086063981056213,0.6404805183410645,-0.09264077246189117,0.3637807369232178,0.5292968153953552,-0.15256252884864807,0.37637197971343994,0.40119802951812744,-0.20474641025066376,0.48505765199661255,0.3322627544403076,-0.2357044667005539,0.3687124252319336,0.32647642493247986,-0.059575434774160385,0.3195115327835083,0.24454620480537415,-0.15865425765514374,0.34856364130973816,0.36654114723205566,-0.19709569215774536,0.3799617886543274,0.42535528540611267,-0.2121310532093048,0.4783051609992981,0.31150251626968384,-0.05168616771697998,0.4362652599811554,0.21566778421401978,-0.146897092461586,0.4528025984764099,0.3681877553462982,-0.1489313393831253,0.47144657373428345,0.4072580337524414,-0.13204263150691986,0.580562174320221,0.32721003890037537,-0.06339487433433533,0.550829291343689,0.27097681164741516,-0.1599762737751007,0.5343532562255859,0.41328713297843933,-0.12729208171367645,0.5381159782409668,0.4409189820289612,-0.0864788293838501,0.6776556372642517,0.3726229965686798,-0.08470343053340912,0.6321234703063965,0.37365958094596863,-0.1416430026292801,0.6077185869216919,0.46755945682525635,-0.12860612571239471,0.6099100112915039,0.48196953535079956,-0.10849068313837051,S
0.6535211205482483,0.6416760087013245,-8.037563929974567e-07,0.5623156428337097,0.589275598526001,-0.05753149092197418,0.491403192281723,0.4979007840156555,-0.09125848114490509,0.5212195515632629,0.40163132548332214,-0.11972078680992126,0.6035468578338623,0.3442821204662323,-0.13351479172706604,0.4799466133117676,0.3636265695095062,-0.03304016962647438,0.4624595642089844,0.3030306398868561,-0.10756310075521469,0.4926711320877075,0.4000522494316101,-0.1453329175710678,0.5156563520431519,0.43498700857162476,-0.16429904103279114,0.558293879032135,0.3500300943851471,-0.03181660547852516,0.5485525727272034,0.28070852160453796,-0.10005148500204086,0.5664398074150085,0.39611995220184326,-0.10700442641973495,0.5726333260536194,0.4116376042366028,-0.10026097297668457,0.6347222328186035,0.35906901955604553,-0.04368625581264496,0.6390542984008789,0.3180311918258667,-0.11568064242601395,0.6299306154251099,0.4275842308998108,-0.09143000841140747,0.6237837076187134,0.435985803604126,-0.06191601604223251,0.7092397809028625,0.38799726963043213,-0.061234068125486374,0.7012321352958679,0.38265806436538696,-0.10537450760602951,0.6844784617424011,0.45707404613494873,-0.0915902704000473,0.6775672435760498,0.46062034368515015,-0.07408054918050766,S
0.5752822160720825,0.8430540561676025,-9.417061619387823e-07,0.4667156934738159,0.817572295665741,-0.05117886886000633,0.39170876145362854,0.7020611763000488,-0.060135919600725174,0.4074903130531311,0.5768024325370789,-0.06626034528017044,0.45990294218063354,0.5001398921012878,-0.05787103995680809,0.3575519323348999,0.6132996082305908,0.025794172659516335,0.33516645431518555,0.5293219089508057,-0.037103548645973206,0.3637852370738983,0.6176049709320068,-0.06393119692802429,0.38587528467178345,0.6446188688278198,-0.06991928815841675,0.433587908744812,0.5951093435287476,0.032390642911195755,0.4180130958557129,0.5004550218582153,-0.034238386899232864,0.43938082456588745,0.6111968159675598,-0.03990896791219711,0.45342904329299927,0.6268917918205261,-0.02034764550626278,0.5075739026069641,0.5943276882171631,0.0222596675157547,0.49876269698143005,0.5221203565597534,-0.05746835470199585,0.5042128562927246,0.6408161520957947,-0.039685577154159546,0.513991117477417,0.6560312509536743,-0.0017682936741039157,0.5847173929214478,0.5998662114143372,0.00813992228358984,0.5634686350822449,0.5606603026390076,-0.03686969727277756,0.5598702430725098,0.6439387798309326,-0.022188538685441017,0.567480742931366,0.6589906811714172,0.0031785136088728905,S
0.6312834620475769,0.8263640403747559,-7.681939564463391e-07,0.5177032351493835,0.7954421639442444,-0.0615488663315773,0.44036024808883667,0.6662815809249878,-0.07577188313007355,0.4584202170372009,0.5269256830215454,-0.08395249396562576,0.5152724385261536,0.4410747289657593,-0.07733793556690216,0.4023319482803345,0.5688970685005188,0.012388342060148716,0.363500714302063,0.48779746890068054,-0.05389735847711563,0.39345788955688477,0.5678067803382874,-0.07885105162858963,0.423855721950531,0.6028255820274353,-0.08129620552062988,0.4841785430908203,0.548520028591156,0.02706773951649666,0.46033164858818054,0.4587063789367676,-0.03701596334576607,0.48624518513679504,0.570514440536499,-0.036400873214006424,0.5061583518981934,0.5856513381004333,-0.01314633060246706,0.564005434513092,0.5499550104141235,0.024065423756837845,0.5486370325088501,0.473949670791626,-0.055754099041223526,0.5556983947753906,0.5986284017562866,-0.035259172320365906,0.5703721046447754,0.6169421076774597,0.003532211761921644,0.6469444036483765,0.5609270334243774,0.01660715416073799,0.622469425201416,0.5135775804519653,-0.031810518354177475,0.6183028221130371,0.6029362678527832,-0.018694229423999786,0.6292146444320679,0.620936393737793,0.006192844361066818,S
0.7187114953994751,0.852202296257019,-9.079439564629865e-07,0.6018292903900146,0.7862335443496704,-0.06879954785108566,0.5108501315116882,0.6528029441833496,-0.10683862864971161,0.5375999212265015,0.513155996799469,-0.14164765179157257,0.6337674856185913,0.4282282888889313,-0.16476184129714966,0.4939737319946289,0.500389575958252,-0.035432130098342896,0.4329962134361267,0.4007137417793274,-0.11357869952917099,0.4557095468044281,0.4639278054237366,-0.15769346058368683,0.48901450634002686,0.51827472448349,-0.1796308308839798,0.5944473147392273,0.47625938057899475,-0.032717134803533554,0.5685520172119141,0.3539901375770569,-0.10927397757768631,0.5899973511695862,0.4627745747566223,-0.1273229569196701,0.6003602743148804,0.5264956951141357,-0.12560364603996277,0.6975429058074951,0.48008161783218384,-0.04379173368215561,0.6948763132095337,0.3666433095932007,-0.13100600242614746,0.6908336877822876,0.49834856390953064,-0.11166610568761826,0.6852794289588928,0.5713350772857666,-0.07881768047809601,0.798222005367279,0.5103543996810913,-0.060997456312179565,0.7962026596069336,0.4259456992149353,-0.12417285889387131,0.7750033140182495,0.516920804977417,-0.11225070059299469,0.7620755434036255,0.5729870200157166,-0.09046877175569534,S
0.8655788898468018,0.9896615147590637,-6.401475047823624e-07,0.7535014152526855,0.9109081029891968,-0.1346411108970642,0.6601794362068176,0.7529999613761902,-0.20508162677288055,0.6876260042190552,0.5952755808830261,-0.2605733573436737,0.8088904023170471,0.5037672519683838,-0.2967813014984131,0.6498862504959106,0.5570714473724365,-0.08319790661334991,0.6326912641525269,0.4644578695297241,-0.18754227459430695,0.6554797291755676,0.5653386116027832,-0.23904754221439362,0.6801286935806274,0.628278911113739,-0.26082125306129456,0.7818824648857117,0.546582043170929,-0.05248234421014786,0.7970949411392212,0.43214333057403564,-0.1657443791627884,0.8004609942436218,0.5805886387825012,-0.19441606104373932,0.7974085807800293,0.6520925164222717,-0.1882876604795456,0.9088907837867737,0.561493992805481,-0.042682088911533356,0.9177044034004211,0.46835455298423767,-0.16303634643554688,0.900230348110199,0.6097722053527832,-0.15829965472221375,0.8839125037193298,0.68271404504776,-0.12346228212118149,1.0224727392196655,0.5908660888671875,-0.043199796229600906,1.0157020092010498,0.5254628658294678,-0.12420114874839783,0.9902101755142212,0.6126530170440674,-0.1255520135164261,0.9695127010345459,0.6662364602088928,-0.10589857399463654,S
0.6791595816612244,0.8592638969421387,-7.972760158736492e-07,0.576275110244751,0.7715398073196411,-0.09533191472291946,0.5458831787109375,0.6070924997329712,-0.13346613943576813,0.6169476509094238,0.4994659423828125,-0.160036101937294,0.7258500456809998,0.448269248008728,-0.17418690025806427,0.538799524307251,0.46973279118537903,-0.05873456597328186,0.4833167493343353,0.3856883645057678,-0.12537530064582825,0.5065963268280029,0.44020527601242065,-0.15708127617835999,0.535631000995636,0.4892199635505676,-0.17048679292201996,0.6393248438835144,0.4571397304534912,-0.0364694818854332,0.6165838241577148,0.3696894645690918,-0.10671690106391907,0.6122910976409912,0.46803173422813416,-0.11979551613330841,0.6181695461273193,0.5251952409744263,-0.1146843358874321,0.7321493625640869,0.4724777638912201,-0.028741540387272835,0.7274470925331116,0.3866659998893738,-0.10807684808969498,0.7031744122505188,0.47952911257743835,-0.10155245661735535,0.6936052441596985,0.5336389541625977,-0.08069171756505966,0.8098546862602234,0.5063642263412476,-0.0289185531437397,0.8067188858985901,0.44443076848983765,-0.091373972594738,0.7776211500167847,0.5120331645011902,-0.09224190562963486,0.7635246515274048,0.5605106353759766,-0.07974440604448318,S
0.6768185496330261,0.8439347743988037,-7.804177357684239e-07,0.5826359391212463,0.754989504814148,-0.12714271247386932,0.5297669768333435,0.614255428314209,-0.19139690697193146,0.5891011953353882,0.501707911491394,-0.23738256096839905,0.7001619935035706,0.43963125348091125,-0.2631446123123169,0.5272711515426636,0.4462083876132965,-0.11140193045139313,0.4793018400669098,0.3786369562149048,-0.20739871263504028,0.5104163885116577,0.4848061800003052,-0.24271580576896667,0.5390268564224243,0.5405939221382141,-0.255089670419693,0.6299089193344116,0.4341323971748352,-0.08335231244564056,0.5994056463241577,0.35824108123779297,-0.18201547861099243,0.6126988530158997,0.490999311208725,-0.1916448473930359,0.6231377124786377,0.527161717414856,-0.18227307498455048,0.7262921333312988,0.4493088126182556,-0.07342103123664856,0.713944673538208,0.3803786635398865,-0.18115337193012238,0.7032256722450256,0.5071452856063843,-0.16348351538181305,0.6940946578979492,0.5535693764686584,-0.13042518496513367,0.8067829012870789,0.48191946744918823,-0.07442938536405563,0.8028404712677002,0.436381459236145,-0.15925587713718414,0.786357581615448,0.52613365650177,-0.1611585170030594,0.7723140716552734,0.5691171884536743,-0.14583134651184082,S
0.6740176677703857,0.8155553340911865,-1.0749062084869365e-06,0.5537607073783875,0.7353876829147339,-0.048419609665870667,0.48627716302871704,0.5884227156639099,-0.06383264809846878,0.5330678224563599,0.4460242688655853,-0.08027579635381699,0.6303517818450928,0.36955076456069946,-0.08062863349914551,0.45960885286331177,0.4579048752784729,0.03187887370586395,0.43004533648490906,0.3429912030696869,-0.05033930391073227,0.46367424726486206,0.45349356532096863,-0.09685532748699188,0.4921046495437622,0.514795184135437,-0.11289681494235992,0.5564267039299011,0.4400177299976349,0.032054122537374496,0.5372869968414307,0.3221672773361206,-0.04552089422941208,0.5625311136245728,0.4613301753997803,-0.06163870170712471,0.5773065090179443,0.5128770470619202,-0.04914626106619835,0.6530604958534241,0.4471137225627899,0.014687943272292614,0.6543479561805725,0.3374115526676178,-0.07234165072441101,0.6511356234550476,0.48096540570259094,-0.050020672380924225,0.6527745723724365,0.5424522161483765,-0.0076563311740756035,0.7531033754348755,0.4738583266735077,-0.00734863942489028,0.7466304302215576,0.3912026882171631,-0.06507201492786407,0.7268301248550415,0.4915893077850342,-0.046305108815431595,0.7206969261169434,0.5440642237663269,-0.013273396529257298,S
0.592560887336731,0.7523444890975952,-8.202896424336359e-07,0.5216866731643677,0.6860263347625732,-0.021662788465619087,0.4793753921985626,0.5954539775848389,-0.03325143828988075,0.5125923156738281,0.5145282745361328,-0.04768839851021767,0.5783217549324036,0.4794178307056427,-0.05450650677084923,0.48524731397628784,0.5102638006210327,0.01545952633023262,0.47455376386642456,0.43145620822906494,-0.029406728222966194,0.4771749973297119,0.5018803477287292,-0.058723609894514084,0.48807722330093384,0.5468671917915344,-0.07226366549730301,0.5440914630889893,0.5063596367835999,0.011102432385087013,0.5374829769134521,0.42561468482017517,-0.02663480117917061,0.5348846912384033,0.5088081359863281,-0.034819211810827255,0.5395153164863586,0.548122763633728,-0.03169535472989082,0.6031821370124817,0.5153723955154419,-0.002170013030990958,0.6061419248580933,0.43667280673980713,-0.04297785833477974,0.5889169573783875,0.520639181137085,-0.02821693941950798,0.5861963033676147,0.5686917901039124,-0.007748278323560953,0.6636029481887817,0.5386965274810791,-0.018213285133242607,0.6591376066207886,0.47398731112480164,-0.047996774315834045,0.6340740919113159,0.5334981679916382,-0.03662770241498947,0.6257448792457581,0.5758335590362549,-0.02009650506079197,S
0.6394656896591187,0.8104274272918701,-7.072018206599751e-07,0.5203264951705933,0.7404272556304932,-0.09243667870759964,0.4287492334842682,0.6234701871871948,-0.14214889705181122,0.4621548056602478,0.4948180615901947,-0.18257372081279755,0.5475960373878479,0.39710140228271484,-0.2054756134748459,0.3895300328731537,0.43288490176200867,-0.052438098937273026,0.35909250378608704,0.360869824886322,-0.1438828706741333,0.4025222659111023,0.454856276512146,-0.19370687007904053,0.4406839907169342,0.5122951865196228,-0.21760496497154236,0.4913746118545532,0.4097875952720642,-0.04296306148171425,0.4776546061038971,0.32471928000450134,-0.1353626698255539,0.5105736255645752,0.4447372257709503,-0.15892407298088074,0.524780809879303,0.49858683347702026,-0.1575499176979065,0.596788763999939,0.4170841574668884,-0.050615716725587845,0.603724479675293,0.34597861766815186,-0.15198291838169098,0.6105033159255981,0.4811270833015442,-0.13420042395591736,0.6080160140991211,0.5370264649391174,-0.09889888018369675,0.6984068751335144,0.45364445447921753,-0.0666918084025383,0.7016727924346924,0.4023457467556,-0.13902892172336578,0.6870443224906921,0.4949909448623657,-0.12910154461860657,0.6746438145637512,0.5345175862312317,-0.10526080429553986,S
0.7019537091255188,0.7615408897399902,-7.25138761481503e-07,0.5840469598770142,0.6863332986831665,-0.1393347531557083,0.4917007088661194,0.5430532693862915,-0.22061839699745178,0.5238015055656433,0.40166163444519043,-0.2833061218261719,0.6534067392349243,0.32465630769729614,-0.3243143856525421,0.5092340707778931,0.35049083828926086,-0.14075350761413574,0.4374087452888489,0.261834979057312,-0.26190173625946045,0.4749263525009155,0.35583075881004333,-0.3055582344532013,0.5260981917381287,0.39815109968185425,-0.3221043646335602,0.6182363033294678,0.3332054018974304,-0.11373579502105713,0.5794273614883423,0.2514136731624603,-0.2454119473695755,0.6050237417221069,0.40665459632873535,-0.25464996695518494,0.6260705590248108,0.4511107802391052,-0.23761317133903503,0.7233917713165283,0.34122389554977417,-0.10674050450325012,0.7040292620658875,0.2648806571960449,-0.24661795794963837,0.6958856582641602,0.42708125710487366,-0.21511700749397278,0.695237934589386,0.4807027578353882,-0.16378338634967804,0.817139744758606,0.3722626864910126,-0.11072594672441483,0.805204451084137,0.3198225796222687,-0.2125803828239441,0.7869654893875122,0.4327692985534668,-0.20725007355213165,0.782490611076355,0.4773883819580078,-0.18196554481983185,S
0.6779059767723083,0.7551642656326294,-7.717958396824542e-07,0.5901442170143127,0.7067542672157288,-0.041953910142183304,0.5256118774414062,0.616602897644043,-0.06575722992420197,0.5533003211021423,0.5267161130905151,-0.08680763095617294,0.6266767978668213,0.4775795042514801,-0.09550105780363083,0.5249481201171875,0.49463239312171936,-0.01960917003452778,0.5095095038414001,0.4362764358520508,-0.08595038950443268,0.5353655219078064,0.5252649188041687,-0.12176563590765,0.5577911734580994,0.5583832263946533,-0.1407465636730194,0.5967187881469727,0.48491135239601135,-0.0220310278236866,0.5844554305076599,0.4183242917060852,-0.08217906206846237,0.6014038920402527,0.525271475315094,-0.08799495548009872,0.6105738878250122,0.5437248945236206,-0.08172760158777237,0.6652935147285461,0.4939817488193512,-0.03591695427894592,0.6588295698165894,0.4536689817905426,-0.09672538936138153,0.6530332565307617,0.5540366172790527,-0.07301870733499527,0.6551607847213745,0.5664027333259583,-0.046417877078056335,0.7337005734443665,0.5210214853286743,-0.05462291091680527,0.7136959433555603,0.5173380374908447,-0.0921347364783287,0.6995493769645691,0.5851783156394958,-0.07973062247037888,0.7020914554595947,0.5892645120620728,-0.06476752460002899,S
0.5241955518722534,0.7493983507156372,-6.743406402165419e-07,0.44275596737861633,0.7106728553771973,-0.05524246767163277,0.37400805950164795,0.6442602872848511,-0.08992931991815567,0.39558500051498413,0.5669008493423462,-0.11912543326616287,0.465270459651947,0.5192044377326965,-0.13470569252967834,0.36582058668136597,0.5112955570220947,-0.04034196957945824,0.3505547046661377,0.46818670630455017,-0.10483425855636597,0.3761458396911621,0.5493010878562927,-0.13336524367332458,0.39376187324523926,0.5790466070175171,-0.14763768017292023,0.43748390674591064,0.4929172396659851,-0.038296062499284744,0.42314666509628296,0.4476689398288727,-0.09838532656431198,0.44081953167915344,0.5452786684036255,-0.10157086700201035,0.4512477219104767,0.5599409341812134,-0.09425893425941467,0.5072593688964844,0.49608656764030457,-0.04801878333091736,0.4977121353149414,0.4820784330368042,-0.10988227277994156,0.49112561345100403,0.573086678981781,-0.09006230533123016,0.48997125029563904,0.5761995911598206,-0.06671617925167084,0.5749734044075012,0.5188206434249878,-0.06362509727478027,0.5516492128372192,0.5406390428543091,-0.10272476077079773,0.5363143086433411,0.5990936756134033,-0.09616268426179886,0.5335990190505981,0.5949387550354004,-0.08571875095367432,S
0.460765540599823,0.7897585034370422,-1.0088955377796083e-06,0.3949662148952484,0.7181457877159119,-0.034247491508722305,0.3648483157157898,0.6234737038612366,-0.05301842465996742,0.4097472131252289,0.5367404818534851,-0.07393528521060944,0.480509489774704,0.4891327917575836,-0.08621542900800705,0.3660672903060913,0.5421164035797119,0.010029572062194347,0.3682313561439514,0.44481340050697327,-0.04125630483031273,0.3720029890537262,0.5213887691497803,-0.07276206463575363,0.37482255697250366,0.5780179500579834,-0.08563603460788727,0.4328668415546417,0.5396628379821777,0.009456654079258442,0.43339788913726807,0.44360849261283875,-0.03501659259200096,0.43160271644592285,0.5325077176094055,-0.04972604289650917,0.4322291612625122,0.5772741436958313,-0.05021580308675766,0.4976004362106323,0.5493561029434204,-0.0016156363999471068,0.4996356666088104,0.4670204222202301,-0.04691920429468155,0.47974687814712524,0.5512797832489014,-0.037963513284921646,0.47119569778442383,0.5960119962692261,-0.021536068990826607,0.5597019195556641,0.5719106793403625,-0.016364073380827904,0.5530049800872803,0.504665195941925,-0.04294975847005844,0.5268125534057617,0.5650559067726135,-0.031999073922634125,0.5135344862937927,0.6078850030899048,-0.017733285203576088,S
0.6523528695106506,0.855245053768158,-7.076477004375192e-07,0.5440205931663513,0.8195646405220032,-0.06444377452135086,0.4721176326274872,0.7027890086174011,-0.08035692572593689,0.48732805252075195,0.5735859870910645,-0.0900915265083313,0.5438014268875122,0.4946238398551941,-0.08467581868171692,0.42691588401794434,0.6082109212875366,0.015095042064785957,0.4039621651172638,0.522882878780365,-0.05140035226941109,0.4341188073158264,0.6099660992622375,-0.07919863611459732,0.46475085616111755,0.6454488039016724,-0.08398985117673874,0.5052950382232666,0.5910974144935608,0.030944259837269783,0.48966971039772034,0.499592661857605,-0.0370439738035202,0.5127342343330383,0.6124981045722961,-0.04258088022470474,0.5324403047561646,0.6327084898948669,-0.021810438483953476,0.583141028881073,0.5920308828353882,0.029157627373933792,0.5739111304283142,0.523469865322113,-0.05189117416739464,0.5792855620384216,0.6419991850852966,-0.03704147785902023,0.5924689173698425,0.6587279438972473,-9.59193566814065e-05,0.662125825881958,0.6013327240943909,0.022868359461426735,0.6407946348190308,0.5572919845581055,-0.023535072803497314,0.637563169002533,0.6408251523971558,-0.011530996300280094,0.6485981941223145,0.659084141254425,0.013219274580478668,S
0.6906202435493469,0.796177864074707,-7.480267072423885e-07,0.5738595128059387,0.7606158256530762,-0.06655271351337433,0.49708983302116394,0.6339099407196045,-0.08030060678720474,0.5116866230964661,0.49736642837524414,-0.08770308643579483,0.5666951537132263,0.40868470072746277,-0.07862499356269836,0.4476296901702881,0.5367836356163025,0.023135941475629807,0.42377376556396484,0.4469902515411377,-0.0503029003739357,0.46070241928100586,0.5403156876564026,-0.08514013141393661,0.49205800890922546,0.5761693716049194,-0.09382066875696182,0.5305724740028381,0.5164945125579834,0.038319941610097885,0.5153368711471558,0.4201361835002899,-0.035256803035736084,0.5424161553382874,0.5411441326141357,-0.04334785044193268,0.5612152218818665,0.5618187189102173,-0.022206339985132217,0.612040638923645,0.5183118581771851,0.03389719873666763,0.6041113138198853,0.4433995485305786,-0.05062146484851837,0.6123559474945068,0.568183183670044,-0.03420408442616463,0.6248840093612671,0.5837871432304382,0.005047991871833801,0.6956758499145508,0.5271955132484436,0.024175729602575302,0.6773667335510254,0.48371103405952454,-0.023987380787730217,0.6740580201148987,0.5719794631004333,-0.01058078370988369,0.6828824281692505,0.5870731472969055,0.016054699197411537,S
0.727149486541748,0.7882732152938843,-1.128575945585908e-06,0.5993621349334717,0.7061318755149841,-0.12378095835447311,0.5118552446365356,0.5638161301612854,-0.1865169256925583,0.5492852926254272,0.4184933602809906,-0.2357231229543686,0.6698631644248962,0.33923226594924927,-0.2616477310657501,0.5308094024658203,0.36982253193855286,-0.08656669408082962,0.49761879444122314,0.2929975390434265,-0.18539007008075714,0.5217581987380981,0.41753578186035156,-0.21872591972351074,0.549519419670105,0.46716558933258057,-0.22607816755771637,0.6490464806556702,0.35538381338119507,-0.0568254180252552,0.643729031085968,0.2906525433063507,-0.1603413224220276,0.6500977277755737,0.4447753429412842,-0.16797137260437012,0.6507171392440796,0.47654351592063904,-0.15259906649589539,0.7608439326286316,0.36465391516685486,-0.04747147113084793,0.7671384811401367,0.30759984254837036,-0.16096186637878418,0.7470852136611938,0.4529063105583191,-0.1398303359746933,0.7295510768890381,0.49511876702308655,-0.0973898321390152,0.8584851622581482,0.38569167256355286,-0.04738055169582367,0.8833835124969482,0.3201572000980377,-0.11234267055988312,0.8754901885986328,0.38037988543510437,-0.10181614011526108,0.8639765381813049,0.3880283534526825,-0.0776841938495636,S
0.7517766952514648,0.865260124206543,-7.13367171556456e-07,0.6508463621139526,0.7680084705352783,-0.1179196760058403,0.5837874412536621,0.6301236152648926,-0.17948752641677856,0.6344066858291626,0.5006439089775085,-0.22947336733341217,0.7491573095321655,0.43431201577186584,-0.2612701654434204,0.5773013830184937,0.4787081778049469,-0.06582663208246231,0.5455793142318726,0.3763018250465393,-0.16250869631767273,0.5748957395553589,0.48678097128868103,-0.2131553590297699,0.5944867134094238,0.5652785301208496,-0.23446182906627655,0.6749834418296814,0.4679470658302307,-0.04195807874202728,0.6575924754142761,0.352220356464386,-0.1410314440727234,0.6802334785461426,0.4825601279735565,-0.1728953719139099,0.6846208572387695,0.5478134155273438,-0.1767234206199646,0.7702066898345947,0.47652196884155273,-0.037796951830387115,0.7663448452949524,0.36605533957481384,-0.13887664675712585,0.7660478949546814,0.4871719181537628,-0.13847853243350983,0.7532287836074829,0.5560504198074341,-0.11618104577064514,0.853364109992981,0.5013216137886047,-0.044534895569086075,0.8529828190803528,0.4250846803188324,-0.11909078806638718,0.8419458866119385,0.5096219182014465,-0.12536968290805817,0.8253058195114136,0.5716098546981812,-0.11425826698541641,S
0.6949305534362793,0.7475917339324951,-1.5476954331461457e-06,0.5508040189743042,0.7002344727516174,-0.10738155245780945,0.444370836019516,0.5234556198120117,-0.15328463912010193,0.45680564641952515,0.3654457628726959,-0.181748628616333,0.5483711957931519,0.2596380114555359,-0.18245606124401093,0.3805781602859497,0.2710177004337311,-0.0869636982679367,0.3859400749206543,0.27391862869262695,-0.17869631946086884,0.4186481237411499,0.38483086228370667,-0.20706243813037872,0.42475488781929016,0.3625790476799011,-0.22368700802326202,0.4918821454048157,0.2286727875471115,-0.07088421285152435,0.5096860527992249,0.2475377470254898,-0.16640296578407288,0.5342743396759033,0.4054056704044342,-0.16372929513454437,0.52547287940979,0.352736234664917,-0.14843781292438507,0.620180606842041,0.23763801157474518,-0.07210524380207062,0.6356710195541382,0.2533576488494873,-0.17788761854171753,0.6464276909828186,0.4112756550312042,-0.13661204278469086,0.6301580667495728,0.3856396973133087,-0.09413314610719681,0.747475802898407,0.27007144689559937,-0.08342012017965317,0.7501280307769775,0.2996661067008972,-0.15988948941230774,0.7411230802536011,0.4148167073726654,-0.14460179209709167,0.7287695407867432,0.40572017431259155,-0.12112487852573395,S
0.5893515944480896,0.8269355893135071,-1.2591601716849254e-06,0.4477056562900543,0.7525995969772339,-0.07101057469844818,0.3557206988334656,0.6029942631721497,-0.10510910302400589,0.37446877360343933,0.4418906569480896,-0.13158054649829865,0.4824480414390564,0.3614497482776642,-0.1374807506799698,0.3571029007434845,0.4211733639240265,-0.04152807965874672,0.2782146632671356,0.3253786861896515,-0.12096086144447327,0.3005068004131317,0.39339953660964966,-0.14442412555217743,0.3363272249698639,0.40966540575027466,-0.15328465402126312,0.4679741859436035,0.39107635617256165,-0.028556467965245247,0.4337657690048218,0.27980783581733704,-0.11891481280326843,0.45336559414863586,0.4621272683143616,-0.1091584861278534,0.46987438201904297,0.49742797017097473,-0.08301322907209396,0.5692479610443115,0.39379820227622986,-0.029122289270162582,0.5454810857772827,0.29349491000175476,-0.11840666830539703,0.5391423106193542,0.4709773063659668,-0.059974100440740585,0.5494675040245056,0.5159192085266113,-0.0016522775404155254,0.6706708669662476,0.42505669593811035,-0.036422330886125565,0.6440382599830627,0.34523963928222656,-0.08996520191431046,0.6270198822021484,0.46238523721694946,-0.057486772537231445,0.6325049996376038,0.5010613203048706,-0.02254057489335537,S
0.6317253112792969,0.7914454936981201,-9.265410199077451e-07,0.517718493938446,0.7619692087173462,-0.05492723733186722,0.4366396963596344,0.638565719127655,-0.06678373366594315,0.4541841745376587,0.4985511600971222,-0.07611453533172607,0.5078399777412415,0.4100792407989502,-0.0711403414607048,0.3923114836215973,0.5476625561714172,0.025020787492394447,0.36165133118629456,0.4529764652252197,-0.04799150675535202,0.3999405801296234,0.5435742139816284,-0.0807337835431099,0.43316155672073364,0.5819529294967651,-0.08780568093061447,0.4730277359485626,0.5257800221443176,0.0317024365067482,0.4558594822883606,0.4222646951675415,-0.04240716993808746,0.48500367999076843,0.5392861366271973,-0.04973108321428299,0.5011833906173706,0.5623905062675476,-0.029500333592295647,0.5535486340522766,0.524016261100769,0.020114943385124207,0.5478344559669495,0.4392392635345459,-0.06720314174890518,0.5579288005828857,0.5672072768211365,-0.047971028834581375,0.5656447410583496,0.58979731798172,-0.007413666229695082,0.6381881237030029,0.5323511362075806,0.0040978239849209785,0.624398410320282,0.483970046043396,-0.04767925664782524,0.6208915710449219,0.5757001042366028,-0.033126350492239,0.6238749027252197,0.5972926020622253,-0.0062689525075256824,S
0.43623262643814087,0.7194649577140808,-8.564993549953215e-07,0.35036903619766235,0.7072835564613342,-0.02683928981423378,0.27984097599983215,0.6133140325546265,-0.0310057420283556,0.3035237193107605,0.5133514404296875,-0.03278244286775589,0.3726644814014435,0.46777763962745667,-0.023151477798819542,0.27129921317100525,0.5277895927429199,0.0026659744326025248,0.25738680362701416,0.46903520822525024,-0.04196840524673462,0.27898281812667847,0.5349248051643372,-0.06349656730890274,0.2986299991607666,0.5621265172958374,-0.07495860755443573,0.3358704745769501,0.5074083209037781,0.001698627369478345,0.3222917318344116,0.44559645652770996,-0.04836539924144745,0.3397986590862274,0.5364865064620972,-0.05158541724085808,0.3502211272716522,0.5593489408493042,-0.042534179985523224,0.3942369222640991,0.5084247589111328,-0.007771716453135014,0.391653835773468,0.4567195773124695,-0.06121664121747017,0.39403581619262695,0.5561630725860596,-0.031396739184856415,0.4012157618999481,0.5818801522254944,0.0014202522579580545,0.463034451007843,0.5240094065666199,-0.020192652940750122,0.44631704688072205,0.4919201135635376,-0.05341354012489319,0.4389606714248657,0.5649335384368896,-0.03503775596618652,0.44266822934150696,0.5831108093261719,-0.014003976248204708,S
0.6855539679527283,0.8639793395996094,-6.444366817959235e-07,0.5711990594863892,0.8349483013153076,-0.06337428092956543,0.4965020716190338,0.7115013599395752,-0.07782606035470963,0.5189432501792908,0.5753316879272461,-0.08618448674678802,0.5838158130645752,0.4917440414428711,-0.07902257889509201,0.4489234387874603,0.6103907227516174,0.014271029271185398,0.42803606390953064,0.5251665711402893,-0.05338991433382034,0.4660770893096924,0.610236644744873,-0.08203738182783127,0.5027663707733154,0.637958824634552,-0.0893973782658577,0.5337672829627991,0.5902878046035767,0.026965457946062088,0.5197579860687256,0.49473193287849426,-0.04453647881746292,0.5471733212471008,0.6086567044258118,-0.05044471099972725,0.5688639283180237,0.6300640106201172,-0.030412020161747932,0.6145941019058228,0.5922313928604126,0.02193775214254856,0.606052577495575,0.5169580578804016,-0.061500877141952515,0.6147355437278748,0.637519359588623,-0.043583400547504425,0.6303524971008301,0.6568012833595276,-0.005572199355810881,0.7002506852149963,0.6025925278663635,0.011956092901527882,0.6810145974159241,0.5581643581390381,-0.03896276280283928,0.67643803358078,0.6428194046020508,-0.028086908161640167,0.6848132610321045,0.6608038544654846,-0.004488324746489525,S
0.4272743761539459,0.8162142634391785,-1.2092763199689216e-06,0.3032826781272888,0.7797454595565796,-0.0792556181550026,0.18028317391872406,0.7056382894515991,-0.13559652864933014,0.15793336927890778,0.5963193774223328,-0.18832358717918396,0.23654696345329285,0.5122392773628235,-0.22162899374961853,0.16320715844631195,0.48208263516426086,-0.047538820654153824,0.0952853113412857,0.43180930614471436,-0.15246567130088806,0.13645190000534058,0.5551729202270508,-0.20044083893299103,0.18157045543193817,0.5839181542396545,-0.22281047701835632,0.26304304599761963,0.44471198320388794,-0.04703525826334953,0.1961134970188141,0.39649882912635803,-0.14914752542972565,0.2272421419620514,0.545068621635437,-0.15192434191703796,0.26073986291885376,0.5636910200119019,-0.13012155890464783,0.3599996566772461,0.4430537223815918,-0.06591176986694336,0.2987830340862274,0.46882084012031555,-0.1587679088115692,0.3065029978752136,0.6032628417015076,-0.12914124131202698,0.3327080309391022,0.6004102230072021,-0.08790972083806992,0.45585083961486816,0.4683414399623871,-0.09434903413057327,0.3825337588787079,0.541559636592865,-0.14042270183563232,0.38590821623802185,0.6263540983200073,-0.1282447725534439,0.415208101272583,0.6136167645454407,-0.10827287286520004,S
0.5269622802734375,0.8777774572372437,-9.55688051362813e-07,0.4341347813606262,0.8482317924499512,-0.06315866112709045,0.34331780672073364,0.787982702255249,-0.10508144646883011,0.3434794843196869,0.701547384262085,-0.14310222864151,0.41151419281959534,0.6368452310562134,-0.1662801206111908,0.33330443501472473,0.6098381876945496,-0.03429201990365982,0.2947588562965393,0.5800297260284424,-0.11453508585691452,0.3276081085205078,0.6720144152641296,-0.156790092587471,0.3598722219467163,0.701610267162323,-0.1788983941078186,0.4125273525714874,0.580515444278717,-0.033252112567424774,0.37593477964401245,0.5559489130973816,-0.10886016488075256,0.3988402783870697,0.6650318503379822,-0.1160161942243576,0.4186180531978607,0.6825552582740784,-0.10607022792100906,0.48953717947006226,0.5814380645751953,-0.047605715692043304,0.45788246393203735,0.6051871180534363,-0.11571716517210007,0.45950910449028015,0.700696587562561,-0.09542450308799744,0.4700128138065338,0.7005969285964966,-0.06869949400424957,0.5661717653274536,0.6052920818328857,-0.07018209993839264,0.5254298448562622,0.665410578250885,-0.1067749485373497,0.5190970301628113,0.7275670766830444,-0.10057367384433746,0.5287677049636841,0.717505693435669,-0.08917281031608582,S
0.5145450830459595,0.7231858372688293,-8.2826363723143e-07,0.44280534982681274,0.6541874408721924,-0.03757387027144432,0.3993954658508301,0.5645015835762024,-0.05669337883591652,0.430067777633667,0.4758075475692749,-0.0756293535232544,0.49726754426956177,0.4313448369503021,-0.0848177894949913,0.38105422258377075,0.4921320676803589,0.001820378820411861,0.37112894654273987,0.4041622579097748,-0.04871494323015213,0.3872961401939392,0.4798456132411957,-0.07640255242586136,0.3963167071342468,0.5313780307769775,-0.08584331721067429,0.44219323992729187,0.47979292273521423,0.003633678425103426,0.4380027949810028,0.38668128848075867,-0.041922468692064285,0.4513700008392334,0.4754309356212616,-0.05269724503159523,0.4533850848674774,0.5160121917724609,-0.04872121661901474,0.5046868920326233,0.481535404920578,-0.004560741595923901,0.5072211027145386,0.3984014391899109,-0.05294825881719589,0.5046601891517639,0.48586636781692505,-0.04077242314815521,0.4981556832790375,0.5294381380081177,-0.019180521368980408,0.5635799765586853,0.49626773595809937,-0.01636284776031971,0.5597692131996155,0.4281415641307831,-0.04486114904284477,0.5511317849159241,0.48950156569480896,-0.03186209127306938,0.5442427396774292,0.530242919921875,-0.014041888527572155,S
0.8162046670913696,0.7091306447982788,-1.3146893707016716e-06,0.7031930685043335,0.6046179533004761,-0.07718250900506973,0.6601576209068298,0.4373278319835663,-0.1277598887681961,0.7349069714546204,0.28741654753685,-0.1715380996465683,0.8567988872528076,0.223263218998909,-0.19763074815273285,0.6467244625091553,0.28475525975227356,-0.055330790579319,0.6504940390586853,0.14813698828220367,-0.1397581696510315,0.6654669046401978,0.26810574531555176,-0.17341086268424988,0.6640855073928833,0.35060933232307434,-0.1836482733488083,0.7684581875801086,0.27353987097740173,-0.041266340762376785,0.7648259997367859,0.13155873119831085,-0.08548929542303085,0.7612106204032898,0.3061537742614746,-0.06728750467300415,0.7703428268432617,0.3178345859050751,-0.05048685148358345,0.875634491443634,0.29066306352615356,-0.04274361953139305,0.8850123286247253,0.16242532432079315,-0.09719603508710861,0.8596598505973816,0.3258434534072876,-0.05261794477701187,0.8481988310813904,0.39491382241249084,-0.019589189440011978,0.9741986393928528,0.3459082543849945,-0.05182376876473427,0.9624428153038025,0.25265514850616455,-0.09866070002317429,0.9382824897766113,0.3641544282436371,-0.07846986502408981,0.9267932772636414,0.42325112223625183,-0.05911128222942352,S
0.3623446524143219,0.7822756767272949,-4.4685148736789415e-07,0.2798972427845001,0.7696435451507568,-0.04934867098927498,0.18736718595027924,0.7068014740943909,-0.08295409381389618,0.10621081292629242,0.6499598026275635,-0.11526846885681152,0.03949457406997681,0.6200098395347595,-0.13938365876674652,0.19565215706825256,0.55940842628479,-0.03632105141878128,0.17961983382701874,0.47689613699913025,-0.09006713330745697,0.17398260533809662,0.46214842796325684,-0.10354685038328171,0.15582962334156036,0.4727430045604706,-0.1040053516626358,0.2605074942111969,0.5382875800132751,-0.03375176340341568,0.25690263509750366,0.5247554183006287,-0.08678878843784332,0.2645998001098633,0.6269058585166931,-0.07268495112657547,0.25840118527412415,0.6302990913391113,-0.04703522101044655,0.33347785472869873,0.5394009947776794,-0.0428847074508667,0.32834306359291077,0.564795970916748,-0.10001435875892639,0.3288262188434601,0.6487476825714111,-0.07557227462530136,0.3188999891281128,0.6352120041847229,-0.04660937935113907,0.40124455094337463,0.5527419447898865,-0.056851569563150406,0.3862975835800171,0.5940816402435303,-0.0937846451997757,0.37781280279159546,0.6508471369743347,-0.0843610018491745,0.3720899522304535,0.6387253403663635,-0.0695400983095169,T
0.4182283878326416,0.662270188331604,-3.5805683751277684e-07,0.3236405849456787,0.6417720913887024,-0.04266615957021713,0.23048117756843567,0.5616402626037598,-0.07039280980825424,0.1498076468706131,0.4932699203491211,-0.09799448400735855,0.07920017838478088,0.46080729365348816,-0.11986345052719116,0.24865484237670898,0.4135611653327942,-0.017596125602722168,0.23810437321662903,0.33935311436653137,-0.06837806105613708,0.2307690978050232,0.30297499895095825,-0.08276651054620743,0.21310603618621826,0.29043200612068176,-0.08412465453147888,0.3170810341835022,0.4040842354297638,-0.017594430595636368,0.30718639492988586,0.3605601489543915,-0.06603390723466873,0.315787136554718,0.475469708442688,-0.043974217027425766,0.32086822390556335,0.4894953966140747,-0.00999037642031908,0.3934682309627533,0.4126448333263397,-0.03007163666188717,0.37998104095458984,0.39583078026771545,-0.09044767171144485,0.38206765055656433,0.4988666772842407,-0.055879127234220505,0.3845953643321991,0.5026687383651733,-0.01566491834819317,0.4672233760356903,0.4301873743534088,-0.04620816558599472,0.4433438777923584,0.42457371950149536,-0.08532152324914932,0.43606406450271606,0.49696001410484314,-0.06543503701686859,0.44196605682373047,0.5040786266326904,-0.04087960347533226,T
0.5854820609092712,0.6831773519515991,-7.36958952529676e-07,0.45387136936187744,0.6360763311386108,-0.05421319231390953,0.3439697325229645,0.4983466565608978,-0.07017561048269272,0.25900813937187195,0.3822251558303833,-0.08340278267860413,0.17061206698417664,0.3343037962913513,-0.08415424078702927,0.3861222267150879,0.3710409700870514,-0.011978290975093842,0.35663902759552,0.24398525059223175,-0.07712872326374054,0.38835573196411133,0.2438296228647232,-0.09043263643980026,0.41413140296936035,0.27135422825813293,-0.08495578169822693,0.47270309925079346,0.3843383193016052,-0.004715452902019024,0.49912622570991516,0.304284930229187,-0.07003558427095413,0.4951370060443878,0.4404090642929077,-0.04904960095882416,0.4769538342952728,0.43723297119140625,-0.012181799858808517,0.5643326044082642,0.4014401137828827,-0.01401323638856411,0.5932666659355164,0.35539865493774414,-0.09512199461460114,0.5717825889587402,0.47989892959594727,-0.05899146944284439,0.5436363816261292,0.4747973382472992,-0.012464657425880432,0.6460584998130798,0.4239424467086792,-0.02762049250304699,0.6689486503601074,0.40073397755622864,-0.08154352009296417,0.642656683921814,0.48993533849716187,-0.06305404752492905,0.6138748526573181,0.5036983489990234,-0.0362883135676384,T
0.5217512845993042,0.7270557284355164,-5.499130111275008e-07,0.40019261837005615,0.6830306053161621,-0.05968216434121132,0.2975466251373291,0.5544624328613281,-0.08020233362913132,0.21566283702850342,0.4407651424407959,-0.09646894037723541,0.13276174664497375,0.3838672339916229,-0.10060086846351624,0.33190256357192993,0.41880002617836,-0.01835055463016033,0.3063429296016693,0.3038511276245117,-0.08435385674238205,0.336611270904541,0.2964445948600769,-0.0957942008972168,0.3614651560783386,0.3159828186035156,-0.08841179311275482,0.4141401946544647,0.43971574306488037,-0.009959240444004536,0.44101783633232117,0.3595239520072937,-0.07839446514844894,0.43985557556152344,0.48742979764938354,-0.055458635091781616,0.42372065782546997,0.47851699590682983,-0.01495736837387085,0.5045136213302612,0.46078717708587646,-0.018830033019185066,0.5344479084014893,0.41175344586372375,-0.10772612690925598,0.5158489346504211,0.5350799560546875,-0.07213394343852997,0.4901716411113739,0.5235291719436646,-0.023368120193481445,0.589219331741333,0.48236557841300964,-0.0317765511572361,0.6110303997993469,0.45874038338661194,-0.09517169743776321,0.5861635208129883,0.5494227409362793,-0.07947327196598053,0.5600279569625854,0.5613532066345215,-0.05238020420074463,T
0.5767999887466431,0.7533512115478516,6.516092554420538e-08,0.4894354045391083,0.7188794612884521,-0.0786658227443695,0.42859143018722534,0.6461136341094971,-0.12106968462467194,0.37748581171035767,0.5647985935211182,-0.15453742444515228,0.3177469074726105,0.5111362338066101,-0.1817171722650528,0.4680626690387726,0.49884888529777527,-0.06085456907749176,0.4816121459007263,0.4023791551589966,-0.09409869462251663,0.5071316957473755,0.40002918243408203,-0.11123806238174438,0.5184276103973389,0.41833871603012085,-0.12043558061122894,0.5368668437004089,0.49381035566329956,-0.04047873988747597,0.5605548620223999,0.39855775237083435,-0.08322235196828842,0.569161057472229,0.47088423371315,-0.09745282679796219,0.5542295575141907,0.5245690941810608,-0.09713340550661087,0.5966053605079651,0.5004509091377258,-0.0278167761862278,0.6170142889022827,0.41037845611572266,-0.06768879294395447,0.6170738935470581,0.4773186147212982,-0.06499563157558441,0.5925121307373047,0.5299786925315857,-0.05360865220427513,0.6449637413024902,0.5161929130554199,-0.022123726084828377,0.6634958982467651,0.4499068856239319,-0.053519658744335175,0.6625199317932129,0.49021899700164795,-0.053906362503767014,0.6409010887145996,0.5268333554267883,-0.047164108604192734,T
0.6178673505783081,0.7532597780227661,2.1132137817403418e-07,0.5370503664016724,0.7169823050498962,-0.0834459513425827,0.47456100583076477,0.6464294195175171,-0.13750366866588593,0.423706978559494,0.5665543675422668,-0.18348467350006104,0.36006131768226624,0.5112310647964478,-0.22112801671028137,0.5182343125343323,0.49867892265319824,-0.07702574878931046,0.5410915613174438,0.4002190828323364,-0.12306572496891022,0.5767270922660828,0.42236125469207764,-0.1375853717327118,0.5833532810211182,0.46546274423599243,-0.13855424523353577,0.5861464738845825,0.4993971586227417,-0.05787932127714157,0.6263282299041748,0.41537436842918396,-0.10839000344276428,0.6317323446273804,0.5030212998390198,-0.1112099215388298,0.6054900884628296,0.5451198220252991,-0.09793239831924438,0.6493968963623047,0.5075674653053284,-0.047857265919446945,0.6824891567230225,0.4312632083892822,-0.09279711544513702,0.6816167235374451,0.5094935894012451,-0.07558070868253708,0.6484525799751282,0.5531164407730103,-0.05113669112324715,0.6965407133102417,0.5207639932632446,-0.045673567801713943,0.7252234220504761,0.4710425138473511,-0.07707629352807999,0.7247711420059204,0.519705057144165,-0.06653621792793274,0.6986847519874573,0.5516766905784607,-0.04904680699110031,T
0.5877472758293152,0.8641564249992371,-1.716074677915458e-07,0.5146840810775757,0.8495581150054932,-0.0635424256324768,0.44658470153808594,0.8043224811553955,-0.11550451815128326,0.39585599303245544,0.74746173620224,-0.16488778591156006,0.3421478867530823,0.7135956883430481,-0.20605488121509552,0.42063671350479126,0.6151233315467834,-0.06292988359928131,0.41097986698150635,0.5175448060035706,-0.135081484913826,0.4176744818687439,0.47967714071273804,-0.16221682727336884,0.41248953342437744,0.4766639173030853,-0.16863702237606049,0.49398139119148254,0.594125509262085,-0.058075468987226486,0.5115787982940674,0.6056575179100037,-0.1231473758816719,0.5025456547737122,0.7059497833251953,-0.1128123328089714,0.481108158826828,0.70415860414505,-0.08727794885635376,0.5689869523048401,0.609731912612915,-0.06545644253492355,0.585698127746582,0.6679455637931824,-0.13574208319187164,0.5627250671386719,0.7519323229789734,-0.11218222230672836,0.5358963012695312,0.7351711392402649,-0.07996252924203873,0.637300968170166,0.6420364379882812,-0.07867302000522614,0.6425131559371948,0.7125205993652344,-0.12572132050991058,0.6191211938858032,0.7726116180419922,-0.11592170596122742,0.5922778248786926,0.7619149088859558,-0.09684944152832031,T
0.6336701512336731,0.8461333513259888,-3.695482462262589e-07,0.554894745349884,0.8298927545547485,-0.06089959666132927,0.4878433346748352,0.7791012525558472,-0.10924024134874344,0.4361862540245056,0.7249962687492371,-0.15589098632335663,0.3782867193222046,0.6927369832992554,-0.19486504793167114,0.47197115421295166,0.6006630659103394,-0.05636722594499588,0.45910218358039856,0.5038423538208008,-0.12341125309467316,0.461561381816864,0.46777722239494324,-0.148044154047966,0.45451486110687256,0.46297627687454224,-0.1541530191898346,0.5457171201705933,0.577317476272583,-0.053185008466243744,0.5560808181762695,0.5957902669906616,-0.11405644565820694,0.5443673729896545,0.6955490708351135,-0.106442891061306,0.5238985419273376,0.6903707385063171,-0.08479983359575272,0.6218761205673218,0.5931747555732727,-0.06160081923007965,0.633236825466156,0.6528887748718262,-0.12893657386302948,0.6110474467277527,0.7375085949897766,-0.10812945663928986,0.5869407057762146,0.719152569770813,-0.07948189973831177,0.6886870861053467,0.6260120272636414,-0.07575276494026184,0.6896379590034485,0.6952006816864014,-0.1205507218837738,0.6655638217926025,0.7543603777885437,-0.11124676465988159,0.6404520869255066,0.7433396577835083,-0.09368272125720978,T
0.4886929988861084,0.6081808805465698,-1.2884035527349624e-07,0.40375155210494995,0.573975682258606,-0.0484599694609642,0.3269844055175781,0.5011618733406067,-0.07677102833986282,0.261555016040802,0.43628472089767456,-0.10113796591758728,0.20436793565750122,0.40398475527763367,-0.12024304270744324,0.36162981390953064,0.3716477155685425,-0.042310573160648346,0.36340004205703735,0.2876969873905182,-0.07316301017999649,0.38271617889404297,0.27728205919265747,-0.08040004223585129,0.3856772184371948,0.2956511676311493,-0.0799906924366951,0.420143187046051,0.3661842346191406,-0.03479018434882164,0.43950727581977844,0.287718802690506,-0.07157795131206512,0.4439076781272888,0.3680039644241333,-0.06736140698194504,0.43080490827560425,0.4072859287261963,-0.051943644881248474,0.48269209265708923,0.3715484142303467,-0.03362404182553291,0.4965769946575165,0.30383041501045227,-0.0722416341304779,0.49467143416404724,0.3771935701370239,-0.054339196532964706,0.4742773771286011,0.414272278547287,-0.031130997464060783,0.5357070565223694,0.3882683217525482,-0.036574069410562515,0.5469402074813843,0.32952412962913513,-0.0668194517493248,0.5401515364646912,0.37954041361808777,-0.05593052878975868,0.523563027381897,0.4123413562774658,-0.03962457925081253,T
0.7069973349571228,0.8065127730369568,-2.6837255973077845e-07,0.5564320087432861,0.7550173997879028,-0.06578835844993591,0.4219505786895752,0.6402654647827148,-0.10526067763566971,0.30630919337272644,0.5278522372245789,-0.14152982831001282,0.2119792401790619,0.4771552085876465,-0.16984520852565765,0.46791720390319824,0.4306495785713196,-0.029764657840132713,0.4705258011817932,0.31600072979927063,-0.0849478468298912,0.48697835206985474,0.2679743766784668,-0.10576034337282181,0.48425787687301636,0.28887370228767395,-0.11172864586114883,0.5707359313964844,0.4093600809574127,-0.02706732600927353,0.5881752967834473,0.27504053711891174,-0.07999587059020996,0.6084150671958923,0.406196266412735,-0.06598706543445587,0.5945212244987488,0.47718346118927,-0.037044867873191833,0.6779698133468628,0.4135480523109436,-0.03785083815455437,0.6967730522155762,0.29340261220932007,-0.0973241850733757,0.7027223110198975,0.4081985652446747,-0.05303573235869408,0.6761871576309204,0.4700391888618469,-0.007273243274539709,0.7785412073135376,0.44870439171791077,-0.05523619055747986,0.7918476462364197,0.34479257464408875,-0.09867206960916519,0.780898928642273,0.4254933297634125,-0.06890292465686798,0.7547432780265808,0.47724682092666626,-0.036768630146980286,T
0.4975898563861847,0.6438184976577759,1.1727542670314506e-07,0.43956029415130615,0.6092374324798584,-0.060280878096818924,0.3950481116771698,0.5421709418296814,-0.09398971498012543,0.35444897413253784,0.4724852740764618,-0.12156721949577332,0.3032923936843872,0.4330059289932251,-0.14389903843402863,0.43025562167167664,0.42345449328422546,-0.049461882561445236,0.44637054204940796,0.3436180353164673,-0.07794500887393951,0.4743346571922302,0.3378185033798218,-0.09371405839920044,0.49014487862586975,0.3477611839771271,-0.10203187167644501,0.4812658429145813,0.420875608921051,-0.0352868027985096,0.5118516683578491,0.349200963973999,-0.06671219319105148,0.5177081823348999,0.4039718806743622,-0.0748593807220459,0.5004420280456543,0.4445353150367737,-0.07279989868402481,0.526703417301178,0.4292862117290497,-0.027328982949256897,0.556279718875885,0.3625072240829468,-0.054984256625175476,0.5538538098335266,0.4125947654247284,-0.049308691173791885,0.5278196930885315,0.44994407892227173,-0.03816477954387665,0.5628390908241272,0.44661271572113037,-0.025389162823557854,0.5906041860580444,0.39575639367103577,-0.04459664970636368,0.5891314744949341,0.4225790202617645,-0.04108194261789322,0.5665912628173828,0.44644564390182495,-0.03330066055059433,T
0.5168216228485107,0.7030069231987,2.9171408755246375e-07,0.43495407700538635,0.6671183705329895,-0.0776948407292366,0.37428098917007446,0.594833493232727,-0.1243022233247757,0.3235068917274475,0.5100879073143005,-0.16325393319129944,0.260785311460495,0.46358558535575867,-0.19524410367012024,0.4117157459259033,0.45499715209007263,-0.05923154577612877,0.4223576784133911,0.3628547787666321,-0.09406955540180206,0.45196816325187683,0.3470817804336548,-0.11045341938734055,0.46134862303733826,0.3703860342502594,-0.11699365079402924,0.47622162103652954,0.45075106620788574,-0.03981965407729149,0.5064213275909424,0.3600366711616516,-0.08083873242139816,0.5159333348274231,0.4230724275112152,-0.09169767051935196,0.4948461353778839,0.47354376316070557,-0.08789818733930588,0.5332338809967041,0.4586579203605652,-0.02824883721768856,0.5569360852241516,0.3762103021144867,-0.0632147416472435,0.5622357726097107,0.43128281831741333,-0.057069048285484314,0.5337160229682922,0.4811705946922302,-0.043254997581243515,0.5795102715492249,0.4796021282672882,-0.024011865258216858,0.6065607070922852,0.41098514199256897,-0.05030129849910736,0.6102297902107239,0.43803176283836365,-0.048264920711517334,0.5841184854507446,0.47246453166007996,-0.039598479866981506,T
0.6719568967819214,0.9015378355979919,-2.90634432076331e-07,0.5936711430549622,0.8838933110237122,-0.06368354707956314,0.5265607833862305,0.8303452730178833,-0.1167135238647461,0.47626733779907227,0.7727006673812866,-0.1686076521873474,0.4187561273574829,0.7403436303138733,-0.2132263332605362,0.519100546836853,0.6408125758171082,-0.056894004344940186,0.503139853477478,0.5458900928497314,-0.12678828835487366,0.5051042437553406,0.508708119392395,-0.1537572145462036,0.5023748874664307,0.5086092948913574,-0.15967364609241486,0.5947439074516296,0.6206808090209961,-0.05304957553744316,0.6103611588478088,0.6503323912620544,-0.11336539685726166,0.593685507774353,0.7477225065231323,-0.10552903264760971,0.5732774138450623,0.7416915893554688,-0.08272054046392441,0.6707608699798584,0.6423023343086243,-0.06137322261929512,0.6853712201118469,0.7098318934440613,-0.12920024991035461,0.6577274203300476,0.7914481163024902,-0.10898540169000626,0.6329110264778137,0.7729759812355042,-0.07934010773897171,0.7370166778564453,0.6801615953445435,-0.07559192925691605,0.7406013607978821,0.7479610443115234,-0.11746995896100998,0.7120023369789124,0.8086687922477722,-0.10475113987922668,0.6847425103187561,0.8017171621322632,-0.08394841849803925,T
0.7415207028388977,0.7988019585609436,-2.3574565943818016e-07,0.669086217880249,0.7531428337097168,-0.04936030134558678,0.6179887652397156,0.6811563968658447,-0.079567089676857,0.5768052339553833,0.6129994988441467,-0.10684487223625183,0.526443600654602,0.5728912353515625,-0.12566637992858887,0.6111031770706177,0.5479779243469238,-0.032348938286304474,0.5917680859565735,0.46582168340682983,-0.08385029435157776,0.6140124201774597,0.43989697098731995,-0.09794299304485321,0.6298573017120361,0.4411184787750244,-0.09872644394636154,0.674113929271698,0.5491079092025757,-0.027575746178627014,0.6986053586006165,0.5060006976127625,-0.08143068104982376,0.6950050592422485,0.6032083630561829,-0.06904803216457367,0.6772060394287109,0.6092457175254822,-0.042960748076438904,0.7419907450675964,0.5639441609382629,-0.033848799765110016,0.7608644962310791,0.5521687269210815,-0.09660028666257858,0.7470778822898865,0.6377444267272949,-0.07100152224302292,0.7198562026023865,0.6359327435493469,-0.03699209541082382,0.8002871870994568,0.5885408520698547,-0.044031184166669846,0.8169100880622864,0.5848062038421631,-0.08752106130123138,0.7967296838760376,0.6451793909072876,-0.07504099607467651,0.7681357860565186,0.6519591808319092,-0.05476514250040054,T
0.6610832810401917,0.8060590028762817,-5.3997720073084565e-08,0.5884851813316345,0.7700679898262024,-0.05168984457850456,0.5315601229667664,0.6972965598106384,-0.08502492308616638,0.4849148392677307,0.632568359375,-0.11438360810279846,0.43525031208992004,0.5993155837059021,-0.13716048002243042,0.5797905325889587,0.5643513798713684,-0.054657842963933945,0.6062885522842407,0.48066049814224243,-0.09235134720802307,0.6383348107337952,0.5180395245552063,-0.1052185669541359,0.643358588218689,0.5609564781188965,-0.10743612796068192,0.6419049501419067,0.5675244927406311,-0.04993019625544548,0.6842567324638367,0.49422481656074524,-0.08960611373186111,0.6927910447120667,0.5708231329917908,-0.0956840068101883,0.6728499531745911,0.6125018000602722,-0.09045394510030746,0.7005953788757324,0.580202043056488,-0.05117521807551384,0.7391257286071777,0.516363799571991,-0.08774814754724503,0.7347820401191711,0.5874424576759338,-0.07660594582557678,0.7061727643013,0.6246892809867859,-0.060332052409648895,0.7489981651306152,0.6015256643295288,-0.057393964380025864,0.7824554443359375,0.5500827431678772,-0.08374681323766708,0.7743706703186035,0.5986422300338745,-0.07351335138082504,0.7459288239479065,0.62799072265625,-0.05940923094749451,T
0.5915980935096741,0.7204228639602661,-7.824195336070261e-07,0.4556884169578552,0.6672818660736084,-0.06136316433548927,0.3415677845478058,0.5315786600112915,-0.07556633651256561,0.2506331205368042,0.419609397649765,-0.08375198394060135,0.15823936462402344,0.37225601077079773,-0.07709464430809021,0.37824907898902893,0.3991280198097229,-0.012660440988838673,0.3474176526069641,0.2737080752849579,-0.07580424845218658,0.376038521528244,0.2718143165111542,-0.08547366410493851,0.4005032181739807,0.29423561692237854,-0.07653345167636871,0.46890532970428467,0.4136148691177368,-0.0007580977398902178,0.4921621084213257,0.3316018581390381,-0.06157517805695534,0.48954060673713684,0.4677659571170807,-0.037830643355846405,0.470893919467926,0.4585537314414978,0.0009763512061908841,0.5638881325721741,0.4293990433216095,-0.006748970132321119,0.58711177110672,0.38385042548179626,-0.08568103611469269,0.5697308778762817,0.5099790692329407,-0.053235020488500595,0.5444022417068481,0.4989783763885498,-0.009262990206480026,0.6480404734611511,0.45006948709487915,-0.017328886315226555,0.6628192663192749,0.4290941059589386,-0.06665771454572678,0.6425614356994629,0.517433762550354,-0.048585981130599976,0.61808842420578,0.5303285717964172,-0.02266218140721321,T
0.5227091908454895,0.6787198781967163,-3.719901826571004e-07,0.43896985054016113,0.6649981141090393,-0.04368182644248009,0.3620682954788208,0.5878809094429016,-0.07090765982866287,0.3017271161079407,0.5175967812538147,-0.09605227410793304,0.24200037121772766,0.4897500276565552,-0.1147395670413971,0.36845433712005615,0.4612569212913513,-0.038373205810785294,0.3622246980667114,0.37551525235176086,-0.08820085227489471,0.37176400423049927,0.36052048206329346,-0.09850101172924042,0.36174702644348145,0.36502641439437866,-0.0964699536561966,0.4336460530757904,0.4558238089084625,-0.03530285507440567,0.44909918308258057,0.4139588177204132,-0.08293891698122025,0.4538971483707428,0.5165325999259949,-0.06352923810482025,0.43869397044181824,0.5237743258476257,-0.034478358924388885,0.5031492114067078,0.4652123749256134,-0.042555585503578186,0.5163756012916565,0.44929805397987366,-0.10653642565011978,0.5107628703117371,0.5429012179374695,-0.0805797278881073,0.49111729860305786,0.542356014251709,-0.04723213240504265,0.569258451461792,0.48134690523147583,-0.052080653607845306,0.578522801399231,0.4764419198036194,-0.09887399524450302,0.5646474361419678,0.5448247194290161,-0.08682326227426529,0.5448299050331116,0.5537666082382202,-0.0680190697312355,T
0.6478560566902161,0.8561124801635742,5.94015903132572e-09,0.5771265625953674,0.8149492740631104,-0.06519366055727005,0.5219048261642456,0.746046781539917,-0.10603608936071396,0.47817981243133545,0.6787130832672119,-0.14114336669445038,0.42899808287620544,0.6392281651496887,-0.168298602104187,0.5736781358718872,0.6179208755493164,-0.06810024380683899,0.6026924848556519,0.5322363972663879,-0.11323608458042145,0.6347965598106384,0.5772892832756042,-0.12866613268852234,0.6401694416999817,0.6205763816833496,-0.1312064230442047,0.6360964775085449,0.6221219301223755,-0.05701654776930809,0.6826333403587341,0.5527166128158569,-0.10460976511240005,0.6874026656150818,0.6334506869316101,-0.11314044147729874,0.6630648970603943,0.6678779721260071,-0.10850974172353745,0.6947701573371887,0.6346813440322876,-0.05315336212515831,0.7360207438468933,0.5712220668792725,-0.09561828523874283,0.7293034195899963,0.6443223357200623,-0.0847858265042305,0.6979038715362549,0.6785697937011719,-0.06712576746940613,0.7401276230812073,0.6536593437194824,-0.05537199601531029,0.7774332165718079,0.6029927134513855,-0.08262284845113754,0.7730202078819275,0.6497800946235657,-0.07308229058980942,0.7460484504699707,0.6776689291000366,-0.058904875069856644,T
0.5127783417701721,0.6474180221557617,-5.55030617022112e-08,0.44670042395591736,0.6075400114059448,-0.03843028470873833,0.3950674533843994,0.5335373282432556,-0.058074675500392914,0.3514009118080139,0.4717556834220886,-0.07566191256046295,0.3039601147174835,0.4433770477771759,-0.08998551219701767,0.4382736086845398,0.42430296540260315,-0.026223063468933105,0.45501846075057983,0.3491097092628479,-0.05364750325679779,0.47933363914489746,0.35506266355514526,-0.07086171209812164,0.4924468994140625,0.3730224072933197,-0.08006522059440613,0.4910476803779602,0.4251108765602112,-0.02216360718011856,0.5209513902664185,0.3568804860115051,-0.052980393171310425,0.5256776809692383,0.41227489709854126,-0.0633244663476944,0.5122723579406738,0.45246487855911255,-0.06307494640350342,0.5404118299484253,0.4354608356952667,-0.02357623353600502,0.5665835738182068,0.3768697679042816,-0.053668368607759476,0.5581760406494141,0.43132561445236206,-0.05044157803058624,0.5360754728317261,0.46724066138267517,-0.04023426026105881,0.5811577439308167,0.4546414017677307,-0.028876615688204765,0.6045697927474976,0.40605437755584717,-0.04884110763669014,0.5954464077949524,0.44187304377555847,-0.04361122101545334,0.5749719142913818,0.4700901210308075,-0.0347641259431839,T
0.6080420613288879,0.7985184192657471,-4.130968704885163e-07,0.5268701314926147,0.7809653282165527,-0.04765664413571358,0.45712703466415405,0.7175323367118835,-0.08212009817361832,0.40145057439804077,0.648531436920166,-0.11625061929225922,0.349409282207489,0.6093486547470093,-0.14342427253723145,0.44076985120773315,0.5522431135177612,-0.03689030557870865,0.4214314818382263,0.4655076265335083,-0.09305859357118607,0.4185289144515991,0.4247927665710449,-0.10901546478271484,0.41066911816596985,0.39387840032577515,-0.11396435648202896,0.5101473927497864,0.5245976448059082,-0.035659343004226685,0.5065164566040039,0.5272626280784607,-0.08968939632177353,0.5079339146614075,0.6302850842475891,-0.07533859461545944,0.5034295320510864,0.6265920400619507,-0.05055514723062515,0.5845803618431091,0.5311403274536133,-0.04574313387274742,0.58249831199646,0.5739280581474304,-0.10583950579166412,0.5720625519752502,0.660502016544342,-0.08415023982524872,0.5608039498329163,0.6411177515983582,-0.05724753066897392,0.6516997814178467,0.5537212491035461,-0.06063258275389671,0.6411997079849243,0.6175533533096313,-0.10253395140171051,0.6235365271568298,0.6764237880706787,-0.10040265321731567,0.6111595034599304,0.6604980230331421,-0.09104716032743454,T
0.6381171941757202,0.8311996459960938,-3.305055145119695e-07,0.5520107746124268,0.8074301481246948,-0.05514102801680565,0.48886463046073914,0.7478906512260437,-0.09214293211698532,0.44094040989875793,0.6838714480400085,-0.12726473808288574,0.39177650213241577,0.6439113020896912,-0.1557263433933258,0.4706101417541504,0.5729508399963379,-0.042168159037828445,0.45420601963996887,0.4910449981689453,-0.09646318852901459,0.4574960470199585,0.4437505304813385,-0.11354022473096848,0.45793843269348145,0.40901440382003784,-0.12035096436738968,0.543649435043335,0.5469294786453247,-0.037536729127168655,0.5501577854156494,0.5542314648628235,-0.09218762069940567,0.5436075925827026,0.656767725944519,-0.07959937304258347,0.5331937074661255,0.6548858880996704,-0.0553877055644989,0.6196413636207581,0.5572975873947144,-0.044192638248205185,0.623603880405426,0.6039643883705139,-0.1074647381901741,0.6053346991539001,0.6919376254081726,-0.08661237359046936,0.5884395837783813,0.6759486198425293,-0.058368828147649765,0.6862806677818298,0.5844945311546326,-0.05603702738881111,0.6814409494400024,0.649035632610321,-0.10145494341850281,0.6582298874855042,0.7089954614639282,-0.09860828518867493,0.6387749910354614,0.6970003247261047,-0.0869930237531662,T
0.6528910994529724,0.6390007734298706,8.67479386101877e-08,0.5396538376808167,0.5989425182342529,-0.06612059473991394,0.44659191370010376,0.5079541206359863,-0.10731445252895355,0.36347562074661255,0.41798144578933716,-0.14609487354755402,0.2792920172214508,0.3724251091480255,-0.17738069593906403,0.4765278100967407,0.3339124321937561,-0.03715237230062485,0.4659103453159332,0.22151443362236023,-0.08643617480993271,0.4958225190639496,0.1929701268672943,-0.10948414355516434,0.5104952454566956,0.2175653576850891,-0.1171153262257576,0.5508073568344116,0.323175311088562,-0.03072090446949005,0.5791100859642029,0.21538899838924408,-0.08930066227912903,0.5920205116271973,0.31224489212036133,-0.09830255061388016,0.5713717937469482,0.37133505940437317,-0.08542487025260925,0.6268192529678345,0.3277656137943268,-0.034350521862506866,0.6499899625778198,0.23041018843650818,-0.0876963660120964,0.655307412147522,0.3198055028915405,-0.0662764310836792,0.6248566508293152,0.37762385606765747,-0.03529516980051994,0.6926655769348145,0.34923598170280457,-0.04457474872469902,0.7093766927719116,0.2750397324562073,-0.07994605600833893,0.7080387473106384,0.328030526638031,-0.06323783099651337,0.6837040781974792,0.37019410729408264,-0.0395217165350914,T
0.7642381191253662,0.9594944715499878,-1.0634453673219468e-07,0.6005606055259705,0.8972874879837036,-0.10624769330024719,0.45060643553733826,0.7664656639099121,-0.17667457461357117,0.3166486918926239,0.6391822099685669,-0.2419893592596054,0.19401055574417114,0.5553552508354187,-0.2977563738822937,0.5175182819366455,0.4857923984527588,-0.09066495299339294,0.5035146474838257,0.31134894490242004,-0.17850682139396667,0.5347582101821899,0.27564501762390137,-0.22079572081565857,0.5426819920539856,0.30556923151016235,-0.23742792010307312,0.643022894859314,0.47405436635017395,-0.08014219999313354,0.6746145486831665,0.3094257712364197,-0.18041962385177612,0.6920486688613892,0.46393883228302,-0.1978779286146164,0.6696061491966248,0.5646104216575623,-0.18192972242832184,0.7687773108482361,0.4829966127872467,-0.08448812365531921,0.7918297052383423,0.3216506838798523,-0.1780799776315689,0.7949889898300171,0.47625988721847534,-0.15197385847568512,0.7545279860496521,0.5759824514389038,-0.1089089885354042,0.8840696811676025,0.5098152160644531,-0.09859825670719147,0.9021286368370056,0.3899434506893158,-0.17316405475139618,0.8930649161338806,0.4901631474494934,-0.16037650406360626,0.8562015891075134,0.5639837980270386,-0.13109950721263885,T
0.6093122363090515,0.7567625045776367,-7.954086527206528e-07,0.4799914062023163,0.7076320648193359,-0.06143511086702347,0.3714180886745453,0.5695221424102783,-0.08128038793802261,0.2870444655418396,0.4474674165248871,-0.096249520778656,0.20146313309669495,0.38805556297302246,-0.09611577540636063,0.40782544016838074,0.4240420460700989,-0.020626846700906754,0.3866319954395294,0.29566630721092224,-0.09178070724010468,0.4193514883518219,0.30005842447280884,-0.1035488098859787,0.44219285249710083,0.33384862542152405,-0.09341064095497131,0.49672412872314453,0.4411929249763489,-0.009519743733108044,0.5294345617294312,0.36560526490211487,-0.0749511644244194,0.5220222473144531,0.5032704472541809,-0.04730680584907532,0.49750322103500366,0.4893109202384949,-0.00422130199149251,0.5901293158531189,0.46070626378059387,-0.016612814739346504,0.6253142356872559,0.42271652817726135,-0.10209371149539948,0.6018271446228027,0.5479171872138977,-0.0648098811507225,0.5703980922698975,0.533467710018158,-0.01570630446076393,0.6761879324913025,0.48494839668273926,-0.02798696607351303,0.7025058269500732,0.4649563431739807,-0.08647285401821136,0.6768088340759277,0.5552288293838501,-0.06753622740507126,0.6459531784057617,0.5661851167678833,-0.03814186900854111,T
0.614328920841217,0.5950846076011658,-3.398191097403469e-07,0.5345178842544556,0.5617003440856934,-0.04239997640252113,0.46804165840148926,0.4763738214969635,-0.06735347956418991,0.4121100604534149,0.3994593024253845,-0.09068388491868973,0.354093462228775,0.3572544455528259,-0.10440731793642044,0.4737533926963806,0.33569756150245667,-0.025096844881772995,0.4599471390247345,0.23123100399971008,-0.07848377525806427,0.4860495626926422,0.21543872356414795,-0.09071572124958038,0.4989933669567108,0.2360214740037918,-0.08715850114822388,0.5383968949317932,0.34230729937553406,-0.022630268707871437,0.5621796250343323,0.2880111038684845,-0.075941301882267,0.5582757592201233,0.3957374691963196,-0.057905163615942,0.538820207118988,0.40392112731933594,-0.026267366483807564,0.6085625886917114,0.3604007661342621,-0.03172001615166664,0.6290268898010254,0.3396826684474945,-0.09669673442840576,0.6141036748886108,0.4356873631477356,-0.06456620246171951,0.5902994275093079,0.4365759491920471,-0.02470078505575657,0.6748318672180176,0.38500669598579407,-0.04379083961248398,0.6875015497207642,0.37364840507507324,-0.08978738635778427,0.6683070063591003,0.44112831354141235,-0.07311762869358063,0.645919680595398,0.449355810880661,-0.048414502292871475,T
0.5628350377082825,0.649753987789154,-3.498565206427884e-07,0.48570719361305237,0.6227118968963623,-0.03909055516123772,0.42379656434059143,0.548168420791626,-0.06014043092727661,0.37294143438339233,0.47735175490379333,-0.07762333750724792,0.3163101077079773,0.4428507089614868,-0.08711965382099152,0.4320231080055237,0.4245586395263672,-0.025971626862883568,0.424150288105011,0.35075604915618896,-0.07284244149923325,0.4409736096858978,0.3271884024143219,-0.08397456258535385,0.4430220425128937,0.3258289098739624,-0.08173126727342606,0.4895893335342407,0.4306754469871521,-0.020516546443104744,0.50620436668396,0.38037726283073425,-0.06310015916824341,0.5055418014526367,0.4790782928466797,-0.04172351211309433,0.49026069045066833,0.47945359349250793,-0.010933229699730873,0.5541075468063354,0.4441955089569092,-0.025324175134301186,0.5706502199172974,0.4209977388381958,-0.0845412164926529,0.5594443082809448,0.5086246132850647,-0.05660668760538101,0.5389508605003357,0.5029842853546143,-0.02159903571009636,0.6148232817649841,0.4607398509979248,-0.03205997496843338,0.6243525743484497,0.45102986693382263,-0.07397840917110443,0.6087477207183838,0.5136076211929321,-0.05972326174378395,0.5911017656326294,0.5193279385566711,-0.039117325097322464,T
0.5819783210754395,0.8650283813476562,-3.717358652011171e-07,0.4994679093360901,0.8355968594551086,-0.04307706281542778,0.42905089259147644,0.7724073529243469,-0.07612230628728867,0.3707583546638489,0.7096033096313477,-0.10925552248954773,0.30993881821632385,0.6918259263038635,-0.13366355001926422,0.434364914894104,0.6242201328277588,-0.03151758387684822,0.42048943042755127,0.5317633152008057,-0.08685573935508728,0.441470742225647,0.5297786593437195,-0.0994272455573082,0.44764089584350586,0.5677549242973328,-0.09486792236566544,0.498019814491272,0.6161015629768372,-0.02979639172554016,0.5152885317802429,0.5995703935623169,-0.08272074162960052,0.5121099948883057,0.6949540376663208,-0.06722887605428696,0.49350330233573914,0.6982406973838806,-0.038897257298231125,0.5665501356124878,0.6267877817153931,-0.039222899824380875,0.5815656185150146,0.6464235782623291,-0.10000094026327133,0.5710845589637756,0.7265523076057434,-0.0762367695569992,0.5504294633865356,0.7204678654670715,-0.04420629143714905,0.6316606998443604,0.6490196585655212,-0.05227355286478996,0.6385233402252197,0.6743481159210205,-0.08979571610689163,0.6228442192077637,0.7314550280570984,-0.07634878903627396,0.6044131517410278,0.7305048108100891,-0.05585934594273567,T
0.6674123406410217,0.8269332051277161,-2.1685229967260966e-07,0.5937118530273438,0.7965523600578308,-0.0424516536295414,0.5371564030647278,0.7206863760948181,-0.06667459011077881,0.49004387855529785,0.6525945663452148,-0.08773700892925262,0.43853193521499634,0.615472137928009,-0.10188014060258865,0.5352661609649658,0.597567617893219,-0.028836403042078018,0.5189476013183594,0.5172996520996094,-0.07472139596939087,0.5389631986618042,0.48899275064468384,-0.0888211727142334,0.5452005863189697,0.4850844442844391,-0.09066441655158997,0.5943458080291748,0.5993990898132324,-0.025169946253299713,0.6166164875030518,0.5423538684844971,-0.07263632118701935,0.6179834008216858,0.6385830640792847,-0.06074608117341995,0.5990099906921387,0.6495547294616699,-0.03593941405415535,0.6597302556037903,0.6137204170227051,-0.030969562008976936,0.6801555752754211,0.5832482576370239,-0.08934798091650009,0.6716233491897583,0.6704154014587402,-0.06373712420463562,0.6458579897880554,0.6733071208000183,-0.03027164936065674,0.7177208065986633,0.635071873664856,-0.03956189379096031,0.7347495555877686,0.6150345802307129,-0.08243557065725327,0.7182679772377014,0.6758912205696106,-0.06917902082204819,0.6921282410621643,0.6843938231468201,-0.04886842891573906,T
0.6107907891273499,0.5019444227218628,1.896109154131409e-07,0.5561820268630981,0.470447838306427,-0.05835268273949623,0.5132501721382141,0.40485116839408875,-0.08998613059520721,0.4707106053829193,0.33463045954704285,-0.11548159271478653,0.4161861538887024,0.29681703448295593,-0.13485096395015717,0.5245475769042969,0.2881021201610565,-0.04410305991768837,0.532421350479126,0.20415644347667694,-0.07321500778198242,0.5680923461914062,0.188253253698349,-0.0874498039484024,0.5869924426078796,0.19909724593162537,-0.09368781000375748,0.5724783539772034,0.2841060757637024,-0.030610552057623863,0.6024360656738281,0.2092696875333786,-0.06673961877822876,0.6133990287780762,0.2627922296524048,-0.07478915899991989,0.5927778482437134,0.3020724654197693,-0.0699506625533104,0.619616687297821,0.289663165807724,-0.023698540404438972,0.6487292051315308,0.22176459431648254,-0.057110629975795746,0.6551308631896973,0.27129504084587097,-0.05207232013344765,0.6292133331298828,0.30923137068748474,-0.039086177945137024,0.6568846702575684,0.3038651645183563,-0.022219495847821236,0.6806358695030212,0.255630761384964,-0.04879381135106087,0.6867415308952332,0.28339463472366333,-0.048216525465250015,0.6672378778457642,0.31051522493362427,-0.040507521480321884,T
0.6792856454849243,0.5855457782745361,1.8005852098212927e-07,0.593008279800415,0.5553699135780334,-0.05779161676764488,0.5195822715759277,0.4775094985961914,-0.09216678142547607,0.455183207988739,0.401930570602417,-0.12197291105985641,0.3922171890735626,0.36266496777534485,-0.14681661128997803,0.5434607267379761,0.3344978392124176,-0.0463523231446743,0.5427552461624146,0.24439162015914917,-0.08560246229171753,0.578299880027771,0.22863461077213287,-0.10571199655532837,0.599378764629364,0.2482248991727829,-0.11453530192375183,0.6110502481460571,0.32758957147598267,-0.03906357288360596,0.6458536982536316,0.2381342351436615,-0.08980013430118561,0.658294141292572,0.31429553031921387,-0.10177843272686005,0.6396681666374207,0.3669987916946411,-0.09497532993555069,0.6770427823066711,0.3345901668071747,-0.0386376790702343,0.7070251107215881,0.25249603390693665,-0.08599008619785309,0.7098954916000366,0.32419487833976746,-0.07646166533231735,0.6820616722106934,0.37235093116760254,-0.05619420111179352,0.7323027849197388,0.35491445660591125,-0.04296388477087021,0.7532541155815125,0.2910138964653015,-0.07919465750455856,0.7509217858314514,0.336662232875824,-0.07247327268123627,0.72672039270401,0.3737030029296875,-0.057406019419431686,T
0.5930730104446411,0.7430118918418884,3.630046023772593e-07,0.5451963543891907,0.6933572292327881,-0.06159213185310364,0.5265685319900513,0.6317790746688843,-0.08530747145414352,0.5696853995323181,0.5757741332054138,-0.10534064471721649,0.6205266118049622,0.5414321422576904,-0.12026191502809525,0.5136949419975281,0.5148733258247375,-0.02592283859848976,0.5115852355957031,0.4244874119758606,-0.057302262634038925,0.5161370635032654,0.3647661507129669,-0.08203786611557007,0.5246152281761169,0.31239157915115356,-0.09987984597682953,0.5691523551940918,0.5063281059265137,-0.017696797847747803,0.5601438879966736,0.40395134687423706,-0.05389558523893356,0.5638099312782288,0.33899763226509094,-0.08073495328426361,0.5678773522377014,0.28103333711624146,-0.09502340108156204,0.6195460557937622,0.5247442722320557,-0.017826249822974205,0.6359765529632568,0.4704884886741638,-0.07658064365386963,0.6292690634727478,0.5313045382499695,-0.0911746621131897,0.6168268322944641,0.5776726007461548,-0.08362416177988052,0.6626501083374023,0.5580947399139404,-0.022923648357391357,0.6759642958641052,0.5151396989822388,-0.07407297194004059,0.6652927398681641,0.5547268390655518,-0.08138809353113174,0.6498640775680542,0.5931321978569031,-0.07367187738418579,U
0.543535590171814,0.8402341604232788,3.1811325129638135e-07,0.47687360644340515,0.780083954334259,-0.06331394612789154,0.4460480511188507,0.7008103728294373,-0.09220817685127258,0.49227195978164673,0.6403335928916931,-0.11959768086671829,0.5639232397079468,0.6087465286254883,-0.14254964888095856,0.458278089761734,0.5637566447257996,-0.029036767780780792,0.45392125844955444,0.4531945586204529,-0.06820601969957352,0.4549338221549988,0.38387781381607056,-0.09749181568622589,0.4622995853424072,0.3220614194869995,-0.11811564117670059,0.521737813949585,0.5583208203315735,-0.027093924582004547,0.5121089816093445,0.43260258436203003,-0.06887087970972061,0.5104519724845886,0.35755297541618347,-0.09525357186794281,0.5102093815803528,0.290294349193573,-0.10831118375062943,0.5805851221084595,0.5835130214691162,-0.034753862768411636,0.5963761806488037,0.5168442726135254,-0.10295464098453522,0.5784693360328674,0.5987317562103271,-0.11380273103713989,0.5616708993911743,0.6571345925331116,-0.10087820887565613,0.6338639259338379,0.6285649538040161,-0.04775366559624672,0.6466105580329895,0.5735782980918884,-0.10585488379001617,0.6221224665641785,0.6270033717155457,-0.10856162756681442,0.5991173386573792,0.6743998527526855,-0.09617309272289276,U
0.658380389213562,0.9151211977005005,4.6199426151360967e-07,0.6045657396316528,0.8437009453773499,-0.06628108769655228,0.5919826030731201,0.7696024179458618,-0.08924142271280289,0.6568657159805298,0.7056804895401001,-0.1075320914387703,0.728238046169281,0.6772092580795288,-0.12022019177675247,0.5852737426757812,0.6490684747695923,-0.0224717129021883,0.5884742140769958,0.5413184762001038,-0.05330224707722664,0.5962775349617004,0.4753926396369934,-0.08014627546072006,0.6093363761901855,0.41599512100219727,-0.09964495152235031,0.6482695937156677,0.6434072852134705,-0.0110564474016428,0.6425584554672241,0.5205367803573608,-0.04112514108419418,0.6486743092536926,0.4488086402416229,-0.06575099378824234,0.6574180126190186,0.3840164542198181,-0.0796523466706276,0.7019186019897461,0.6668487787246704,-0.00943936686962843,0.7255327105522156,0.5936050415039062,-0.06518092751502991,0.719903290271759,0.6575694680213928,-0.08285752683877945,0.7067753672599792,0.7072023153305054,-0.0772620290517807,0.7445287108421326,0.7082062363624573,-0.013238471001386642,0.7716624736785889,0.6487142443656921,-0.06158731132745743,0.7628698945045471,0.6863033771514893,-0.0702035203576088,0.7434417009353638,0.7254342436790466,-0.06386282294988632,U
0.6388363838195801,0.9798072576522827,8.066386953942128e-07,0.5914924144744873,0.9649550318717957,-0.12489999085664749,0.588636040687561,0.8957447409629822,-0.1926552951335907,0.6510884165763855,0.8168197870254517,-0.24956046044826508,0.7346227169036865,0.7340241074562073,-0.3047235310077667,0.5194696187973022,0.6937232613563538,-0.12069297581911087,0.47763553261756897,0.5336629748344421,-0.17784830927848816,0.45052191615104675,0.4168739318847656,-0.20661653578281403,0.4343484938144684,0.32327383756637573,-0.22902707755565643,0.6172107458114624,0.6734418869018555,-0.10197281837463379,0.5756790637969971,0.4902624785900116,-0.1704830676317215,0.5501660704612732,0.3956715166568756,-0.20008550584316254,0.5250073671340942,0.3124169409275055,-0.21322591602802277,0.7024515271186829,0.7006397843360901,-0.09612196683883667,0.7490410804748535,0.6034625172615051,-0.21662236750125885,0.7470559477806091,0.72536301612854,-0.24870111048221588,0.730243980884552,0.818225085735321,-0.24149267375469208,0.7759420275688171,0.7438243627548218,-0.095994733273983,0.811172366142273,0.7184296250343323,-0.2144971787929535,0.8040348291397095,0.7996311187744141,-0.25188109278678894,0.7788079380989075,0.864167332649231,-0.25707390904426575,U
0.5783811211585999,0.8816802501678467,5.607394655271492e-07,0.4853840470314026,0.8329077959060669,-0.05896712839603424,0.4379194974899292,0.7377332448959351,-0.08124221116304398,0.47558966279029846,0.6387301087379456,-0.10168744623661041,0.5336380004882812,0.562932550907135,-0.11666791886091232,0.4225817918777466,0.5914618372917175,-0.015454888343811035,0.414041668176651,0.46613216400146484,-0.05314525216817856,0.41143256425857544,0.39105480909347534,-0.0771828293800354,0.4123672544956207,0.3220233619213104,-0.09185169637203217,0.49403706192970276,0.5812593698501587,-0.01649739407002926,0.4754098057746887,0.438803106546402,-0.0582839697599411,0.46226465702056885,0.34987199306488037,-0.08094172179698944,0.4578695297241211,0.2716905474662781,-0.087635837495327,0.5623866319656372,0.6060689687728882,-0.027369679883122444,0.5581100583076477,0.5330212116241455,-0.1026734709739685,0.5411173105239868,0.6295625567436218,-0.10698799043893814,0.5388718247413635,0.6961343288421631,-0.0848473533987999,0.6252034902572632,0.6530752778053284,-0.04269836097955704,0.601835310459137,0.6102424263954163,-0.10987075418233871,0.5755788087844849,0.6833932399749756,-0.10957641154527664,0.5685160160064697,0.7378512024879456,-0.0906674936413765,U
0.5491352081298828,0.9543887972831726,4.037368057652202e-07,0.444202184677124,0.9132664203643799,-0.06607208400964737,0.38506555557250977,0.812019944190979,-0.09167036414146423,0.426817923784256,0.711992621421814,-0.11456191539764404,0.4916863739490509,0.6366981267929077,-0.1321125626564026,0.38713085651397705,0.6551246643066406,-0.02697015181183815,0.37669238448143005,0.5272365212440491,-0.06947685778141022,0.3753563165664673,0.45014292001724243,-0.09612812846899033,0.37750571966171265,0.3803388774394989,-0.11284198611974716,0.46359288692474365,0.6445433497428894,-0.027012474834918976,0.44108688831329346,0.4933932423591614,-0.07478814572095871,0.42188894748687744,0.400567889213562,-0.09968674927949905,0.4104241728782654,0.32176345586776733,-0.10749524086713791,0.5354970097541809,0.6697810292243958,-0.03719243034720421,0.5284096002578735,0.5966878533363342,-0.12015710771083832,0.5073593258857727,0.6985727548599243,-0.12657032907009125,0.5012697577476501,0.7698209881782532,-0.10469266027212143,0.6009781956672668,0.7189427614212036,-0.0523722879588604,0.5739563703536987,0.6820393204689026,-0.12869182229042053,0.5442489385604858,0.7619513273239136,-0.13205736875534058,0.5343807339668274,0.8230128884315491,-0.11447552591562271,U
0.6163480281829834,0.9688860774040222,5.724305083276704e-07,0.49662911891937256,0.9074177145957947,-0.0889429971575737,0.4266066253185272,0.7619495987892151,-0.11474297940731049,0.47162893414497375,0.6221047043800354,-0.13465021550655365,0.5540416836738586,0.5224709510803223,-0.14564640820026398,0.39791643619537354,0.5881745219230652,-0.025098910555243492,0.37519973516464233,0.4144105613231659,-0.06522167474031448,0.37014734745025635,0.31627485156059265,-0.08502830564975739,0.36973443627357483,0.22428160905838013,-0.09810314327478409,0.4885725975036621,0.5768958330154419,-0.021152004599571228,0.45453697443008423,0.38607633113861084,-0.0787569209933281,0.43730559945106506,0.2730655074119568,-0.10517251491546631,0.4299650490283966,0.17044982314109802,-0.11025990545749664,0.5759953260421753,0.6148058772087097,-0.03143073618412018,0.5778291821479797,0.5326577425003052,-0.13355505466461182,0.5584473609924316,0.6742745041847229,-0.1350005716085434,0.5608533620834351,0.744210958480835,-0.10204730182886124,0.655881404876709,0.6763278245925903,-0.04841573163866997,0.6366268396377563,0.6051770448684692,-0.13649389147758484,0.6110424399375916,0.7119609117507935,-0.13496625423431396,0.6109235286712646,0.7704929709434509,-0.11122790724039078,U
0.5284433960914612,0.9334621429443359,4.611349311289814e-07,0.4086790084838867,0.8629500865936279,-0.07892115414142609,0.3406781554222107,0.718664288520813,-0.10135021060705185,0.3886667490005493,0.5771448016166687,-0.1208685114979744,0.4756294786930084,0.4731309711933136,-0.13180428743362427,0.3124164342880249,0.5644392967224121,-0.007749657612293959,0.2881968021392822,0.38975468277931213,-0.04625429958105087,0.282650887966156,0.2929489016532898,-0.06582227349281311,0.28198298811912537,0.1991380751132965,-0.07900785654783249,0.40267008543014526,0.5492215156555176,-0.008646929636597633,0.3681080639362335,0.3541998267173767,-0.0647861436009407,0.3474288582801819,0.24379214644432068,-0.0921374037861824,0.3336470127105713,0.14616814255714417,-0.09944232553243637,0.4901394248008728,0.5814643502235413,-0.023645957931876183,0.4952571392059326,0.48651322722435,-0.12426809221506119,0.4785507619380951,0.6201387643814087,-0.12681952118873596,0.47936975955963135,0.6890226602554321,-0.09639545530080795,0.5726397037506104,0.6361598968505859,-0.04456677287817001,0.556480348110199,0.5647906064987183,-0.129932701587677,0.5301393270492554,0.665156364440918,-0.12871800363063812,0.5266613364219666,0.7195612192153931,-0.10719633102416992,U
0.537899374961853,1.0557972192764282,3.969013562254986e-07,0.4225037693977356,0.959624171257019,-0.08620981127023697,0.3604840338230133,0.8563368916511536,-0.13995331525802612,0.40664446353912354,0.7430267333984375,-0.19425712525844574,0.5158675312995911,0.7070432901382446,-0.24054180085659027,0.41651201248168945,0.6111976504325867,-0.05801589414477348,0.40086328983306885,0.4244096279144287,-0.13532762229442596,0.39527958631515503,0.3116643726825714,-0.19517269730567932,0.4047429859638214,0.2113887369632721,-0.23603752255439758,0.5080393552780151,0.6098595857620239,-0.05908475071191788,0.4897001385688782,0.4018157124519348,-0.1315881460905075,0.4875342845916748,0.27724558115005493,-0.17389218509197235,0.48502907156944275,0.16866344213485718,-0.19651035964488983,0.5977769494056702,0.662007749080658,-0.07293537259101868,0.6028344631195068,0.5714864134788513,-0.1601446270942688,0.5563050508499146,0.7093972563743591,-0.1576697677373886,0.5208110213279724,0.797292947769165,-0.1294873207807541,0.6681919097900391,0.7433980107307434,-0.09645384550094604,0.6723617315292358,0.6591693162918091,-0.16165797412395477,0.6156047582626343,0.7455339431762695,-0.15097282826900482,0.5731902718544006,0.8126915693283081,-0.12509942054748535,U
0.6508439779281616,0.9092462062835693,7.90223339208751e-07,0.5420899987220764,0.8360581398010254,-0.10400539636611938,0.4879664480686188,0.7038159370422363,-0.13281495869159698,0.5382938385009766,0.5772797465324402,-0.15108084678649902,0.615807831287384,0.47357261180877686,-0.15965944528579712,0.4495043158531189,0.5435283184051514,-0.03014620766043663,0.4349983334541321,0.38105183839797974,-0.06723222136497498,0.43750908970832825,0.2877492606639862,-0.08804171532392502,0.4426257014274597,0.2002333402633667,-0.10030094534158707,0.5383532643318176,0.5371078252792358,-0.013488009572029114,0.5150351524353027,0.35546576976776123,-0.06002949923276901,0.5090141892433167,0.2470213770866394,-0.08210552483797073,0.5063621401786804,0.15488672256469727,-0.08576437085866928,0.6223329305648804,0.5747585892677307,-0.013488025404512882,0.6351712346076965,0.5004903078079224,-0.10964227467775345,0.6203584671020508,0.6200082898139954,-0.12186641246080399,0.6175786256790161,0.6823278665542603,-0.0974191427230835,0.6988517642021179,0.6289111375808716,-0.021014884114265442,0.6923993825912476,0.5707772374153137,-0.10569780319929123,0.668714165687561,0.6626598238945007,-0.11280062794685364,0.663192629814148,0.7129487991333008,-0.0965428352355957,U
0.5254623889923096,0.9217365980148315,5.744229838455794e-07,0.4090321660041809,0.8480211496353149,-0.08889874070882797,0.34780168533325195,0.7115275859832764,-0.11389053612947464,0.39084529876708984,0.5747255682945251,-0.13357217609882355,0.47710779309272766,0.47379904985427856,-0.14464956521987915,0.3097778558731079,0.5612342953681946,-0.0116147231310606,0.2894529104232788,0.39779961109161377,-0.04993400350213051,0.2856947183609009,0.3030412793159485,-0.07159825414419174,0.28707289695739746,0.21183985471725464,-0.08644074946641922,0.39677152037620544,0.5438600182533264,-0.0050798743031919,0.3635674715042114,0.36318260431289673,-0.05554698035120964,0.34741517901420593,0.2553737163543701,-0.07983695715665817,0.33646267652511597,0.1635528802871704,-0.08610410988330841,0.47825267910957336,0.5730503797531128,-0.014786290936172009,0.48726382851600647,0.48805534839630127,-0.11106986552476883,0.47564393281936646,0.6141727566719055,-0.11941491067409515,0.47729480266571045,0.6784397959709167,-0.09424734860658646,0.5559796094894409,0.6221849918365479,-0.03169867396354675,0.5464411377906799,0.5648272633552551,-0.11778810620307922,0.5262029767036438,0.6607654094696045,-0.12583428621292114,0.5242217779159546,0.7117682695388794,-0.11134858429431915,U
0.548399806022644,0.9171916842460632,1.9327943334701558e-07,0.4680559039115906,0.8471291065216064,-0.06857762485742569,0.42837023735046387,0.7621930241584778,-0.10139592736959457,0.46847468614578247,0.6836416721343994,-0.13367854058742523,0.541069507598877,0.6377807855606079,-0.16103047132492065,0.4456058740615845,0.5957003235816956,-0.032464805990457535,0.4306665062904358,0.4632912278175354,-0.07512723654508591,0.42607247829437256,0.38357365131378174,-0.10840785503387451,0.43342214822769165,0.3119777739048004,-0.13237573206424713,0.5164676904678345,0.587480902671814,-0.03173894062638283,0.49780645966529846,0.44136133790016174,-0.07687511295080185,0.49384987354278564,0.35616418719291687,-0.10697714239358902,0.49373915791511536,0.28040871024131775,-0.12412397563457489,0.5839502215385437,0.6152285933494568,-0.041379641741514206,0.5972269773483276,0.5325509309768677,-0.11393074691295624,0.5732647180557251,0.6295648217201233,-0.12419435381889343,0.5533575415611267,0.7000093460083008,-0.11105708032846451,0.6451900005340576,0.6656322479248047,-0.057317573577165604,0.6548940539360046,0.5967862606048584,-0.11862719058990479,0.6212393641471863,0.6595138907432556,-0.12065909057855606,0.5946548581123352,0.7169737219810486,-0.10807603597640991,U
0.6147977113723755,0.984310507774353,1.7323133079116815e-06,0.5044029355049133,0.971960186958313,-0.10526241362094879,0.4222996234893799,0.8543847799301147,-0.1675911396741867,0.4777609705924988,0.7489068508148193,-0.22542805969715118,0.5839307904243469,0.6854435801506042,-0.27671700716018677,0.4451741874217987,0.6154167056083679,-0.1057330071926117,0.41712120175361633,0.40875041484832764,-0.20319409668445587,0.3999493420124054,0.2778012454509735,-0.2638442814350128,0.39032718539237976,0.15981531143188477,-0.3016970753669739,0.5600098371505737,0.6024648547172546,-0.11435867100954056,0.5277490615844727,0.377108097076416,-0.22200776636600494,0.5035266280174255,0.2465147078037262,-0.28055256605148315,0.4894588887691498,0.11642968654632568,-0.3043350577354431,0.6696246862411499,0.6333642601966858,-0.1340259462594986,0.6682011485099792,0.5261051654815674,-0.277570903301239,0.6308817267417908,0.6887245178222656,-0.277004212141037,0.6140773296356201,0.7839893698692322,-0.23345208168029785,0.7732495069503784,0.697404682636261,-0.16167038679122925,0.7665318250656128,0.6331568956375122,-0.27871719002723694,0.7183750867843628,0.7571998834609985,-0.268850713968277,0.6873140931129456,0.8371480107307434,-0.23023682832717896,U
0.6646227836608887,0.944464385509491,2.407379042779212e-07,0.5798882842063904,0.8677787780761719,-0.06682698428630829,0.5360848903656006,0.768106997013092,-0.09759215265512466,0.5940280556678772,0.6878927946090698,-0.12784789502620697,0.6750354766845703,0.6385866403579712,-0.15240557491779327,0.5424495935440063,0.5930110216140747,-0.035286031663417816,0.5274065136909485,0.4531572461128235,-0.08469528704881668,0.5280938744544983,0.3639284372329712,-0.11988198012113571,0.5378386378288269,0.2858312427997589,-0.14371858537197113,0.6234349012374878,0.5845849514007568,-0.03872407600283623,0.6012307405471802,0.4234669804573059,-0.0950867161154747,0.5967820882797241,0.3255980610847473,-0.12811307609081268,0.5978423953056335,0.24433687329292297,-0.14294575154781342,0.700395941734314,0.6145561933517456,-0.0521865151822567,0.714999794960022,0.5366131067276001,-0.13913224637508392,0.6925758123397827,0.6350650787353516,-0.1471000611782074,0.6753408908843994,0.7070582509040833,-0.12630629539489746,0.7694157958030701,0.6702290773391724,-0.07119996100664139,0.778555154800415,0.6033163666725159,-0.14107942581176758,0.7477095723152161,0.6709805130958557,-0.137862890958786,0.7248692512512207,0.7298849821090698,-0.11716293543577194,U
0.7290403842926025,1.0194835662841797,2.425028355901304e-07,0.6484137773513794,0.9950337409973145,-0.12142879515886307,0.6240342259407043,0.9113361835479736,-0.1750844419002533,0.6953650116920471,0.806020975112915,-0.21483802795410156,0.7800012826919556,0.7070826292037964,-0.24935756623744965,0.5563225746154785,0.6956624388694763,-0.10931625217199326,0.512712836265564,0.5292055010795593,-0.16730985045433044,0.4909093976020813,0.4234454035758972,-0.20277726650238037,0.4879448711872101,0.3324565887451172,-0.23122023046016693,0.6572328209877014,0.6588621735572815,-0.09032328426837921,0.5908479690551758,0.47534650564193726,-0.15595941245555878,0.5593690276145935,0.3707681894302368,-0.19376240670681,0.5437167882919312,0.2779829204082489,-0.21557755768299103,0.7506037354469299,0.6801981329917908,-0.08288653939962387,0.7680013179779053,0.5694231986999512,-0.19945411384105682,0.7696564197540283,0.6913631558418274,-0.22544150054454803,0.7701475620269775,0.7769244313240051,-0.21655742824077606,0.833135187625885,0.7304605841636658,-0.08167751133441925,0.8386158347129822,0.6770089864730835,-0.20234279334545135,0.8256708979606628,0.7676655650138855,-0.22987541556358337,0.8159089088439941,0.8353680372238159,-0.2261907309293747,U
0.7078089714050293,1.0157145261764526,7.501402592424711e-07,0.6136087775230408,0.9984633922576904,-0.1323988437652588,0.5793473124504089,0.918974757194519,-0.19483095407485962,0.6480157971382141,0.8181685209274292,-0.24264714121818542,0.7284088730812073,0.7205207943916321,-0.2838820815086365,0.5084867477416992,0.6894754767417908,-0.11518265306949615,0.4668029248714447,0.532086193561554,-0.17675185203552246,0.44169968366622925,0.42890602350234985,-0.21641692519187927,0.43525031208992004,0.34043559432029724,-0.24862347543239594,0.6054798364639282,0.6563946008682251,-0.09701444208621979,0.536371111869812,0.4815438389778137,-0.16541534662246704,0.5034154653549194,0.37671416997909546,-0.2057805210351944,0.48654499650001526,0.28160497546195984,-0.22997352480888367,0.6965383887290955,0.680349588394165,-0.09269427508115768,0.7185407876968384,0.5687737464904785,-0.21048377454280853,0.7184728384017944,0.692148745059967,-0.2364288866519928,0.7152494788169861,0.774592399597168,-0.22810637950897217,0.783458948135376,0.7341158986091614,-0.09681310504674911,0.7920675873756409,0.6877220869064331,-0.2221580296754837,0.775014340877533,0.7831457853317261,-0.2545987069606781,0.7593923807144165,0.8508182168006897,-0.25473660230636597,U
0.6381544470787048,0.9381436705589294,8.352191116500762e-07,0.5093293190002441,0.8689412474632263,-0.09533146023750305,0.44451043009757996,0.7238361239433289,-0.12208560854196548,0.4970839023590088,0.5767574310302734,-0.14146430790424347,0.5815315842628479,0.4646397531032562,-0.151508167386055,0.4065883755683899,0.5490627884864807,-0.01901758462190628,0.37959301471710205,0.3686809539794922,-0.06401766836643219,0.3726266622543335,0.2645206153392792,-0.08762703835964203,0.3716169595718384,0.16879364848136902,-0.10065076500177383,0.5016530156135559,0.5348036885261536,-0.012329455465078354,0.46674567461013794,0.33649951219558716,-0.07075753808021545,0.4450938105583191,0.21598169207572937,-0.09837853908538818,0.4332622289657593,0.11011385917663574,-0.10236311703920364,0.5922351479530334,0.5710363984107971,-0.022204255685210228,0.5964477062225342,0.49176284670829773,-0.12922322750091553,0.5809564590454102,0.62257319688797,-0.13750283420085907,0.5860552191734314,0.6902509331703186,-0.10625357925891876,0.6753160357475281,0.6313908696174622,-0.038978323340415955,0.6562414169311523,0.5663192272186279,-0.12931577861309052,0.6301805973052979,0.6713464260101318,-0.12977267801761627,0.6295308470726013,0.7280088663101196,-0.10587259382009506,U
0.42043548822402954,0.7958622574806213,1.3567057521868264e-07,0.39268958568573,0.7487207055091858,-0.062269750982522964,0.38095125555992126,0.6928870677947998,-0.08513075113296509,0.4181845486164093,0.6392218470573425,-0.10219964385032654,0.4666970372200012,0.6048498153686523,-0.11396481841802597,0.36978140473365784,0.5776529908180237,-0.028088567778468132,0.37557530403137207,0.4958997964859009,-0.0512692965567112,0.3820943832397461,0.4512837529182434,-0.07096808403730392,0.3910059332847595,0.4085284173488617,-0.08542312681674957,0.4163627624511719,0.5729172825813293,-0.014123940840363503,0.41380566358566284,0.4750981330871582,-0.037457890808582306,0.4199870824813843,0.4256923794746399,-0.05625266209244728,0.42476382851600647,0.38070404529571533,-0.0670112743973732,0.4577139914035797,0.5914270877838135,-0.00789191760122776,0.4791741669178009,0.5426071286201477,-0.05225440114736557,0.4720599353313446,0.5981075167655945,-0.06515814363956451,0.45792368054389954,0.6357877850532532,-0.061208147555589676,0.490945428609848,0.6212115287780762,-0.006489849183708429,0.5134835243225098,0.5835070610046387,-0.04504178836941719,0.5048395395278931,0.6187562942504883,-0.05032997578382492,0.48779165744781494,0.6506705284118652,-0.04464402422308922,U
0.5017038583755493,0.7866805195808411,1.3980155699755414e-07,0.46799436211586,0.7517632246017456,-0.04973876103758812,0.45304518938064575,0.6981572508811951,-0.06956645101308823,0.4917789101600647,0.6557347178459167,-0.08486717194318771,0.539513111114502,0.6339647769927979,-0.09568417817354202,0.45047587156295776,0.5998011827468872,-0.033517543226480484,0.45517486333847046,0.5233516693115234,-0.05739803612232208,0.46272388100624084,0.4789544939994812,-0.0749504491686821,0.47312992811203003,0.4388006925582886,-0.08757088333368301,0.49398118257522583,0.5948200225830078,-0.02582058683037758,0.4957086741924286,0.5051807165145874,-0.04826798290014267,0.5041477680206299,0.45718181133270264,-0.06316577643156052,0.5124245882034302,0.4156065583229065,-0.07104586809873581,0.5324128866195679,0.6142979264259338,-0.02376873791217804,0.5549739003181458,0.5735777616500854,-0.06520093977451324,0.5477122068405151,0.6231400966644287,-0.07435755431652069,0.5353378653526306,0.6586378812789917,-0.06820658594369888,0.5638988018035889,0.6468023657798767,-0.025441087782382965,0.5854703783988953,0.6152054071426392,-0.06430328637361526,0.5787025690078735,0.6472190022468567,-0.06887662410736084,0.5653985142707825,0.6767884492874146,-0.062191084027290344,U
0.5652691125869751,0.8001675009727478,4.087618492576439e-07,0.5159450769424438,0.7483179569244385,-0.04856613650918007,0.49428850412368774,0.6858925819396973,-0.06708390265703201,0.5367611646652222,0.6307913661003113,-0.08317748457193375,0.5914367437362671,0.602968156337738,-0.09514601528644562,0.4881246089935303,0.5861655473709106,-0.020811038091778755,0.4865363836288452,0.4945640563964844,-0.04868679121136665,0.4918702244758606,0.43958765268325806,-0.07034610211849213,0.500566303730011,0.3892819285392761,-0.08491495251655579,0.5377878546714783,0.580470860004425,-0.015664592385292053,0.5298752188682556,0.48092058300971985,-0.04309717193245888,0.5309221148490906,0.41972291469573975,-0.06020006909966469,0.5355314016342163,0.36744099855422974,-0.0680055022239685,0.5828927755355835,0.5978110432624817,-0.018075641244649887,0.5984207391738892,0.5461252331733704,-0.06553235650062561,0.5897084474563599,0.6022387146949768,-0.07254575937986374,0.5801520347595215,0.6452665328979492,-0.06133921071887016,0.6227778196334839,0.6291602849960327,-0.024657946079969406,0.6349199414253235,0.5813661217689514,-0.06375429779291153,0.6239280700683594,0.6178738474845886,-0.06436857581138611,0.6139460802078247,0.653319239616394,-0.05374775826931,U
0.6662129759788513,0.9536685943603516,5.68961468161433e-07,0.5813411474227905,0.9011272192001343,-0.0841945931315422,0.5355223417282104,0.8179757595062256,-0.12636052072048187,0.5898197889328003,0.7488210201263428,-0.1636091023683548,0.666719377040863,0.706016480922699,-0.19458776712417603,0.5479211807250977,0.6407927870750427,-0.06494755297899246,0.5393094420433044,0.5171449184417725,-0.12107670307159424,0.539889931678772,0.43603962659835815,-0.1602236032485962,0.5480685234069824,0.3627486824989319,-0.1854320466518402,0.6251094341278076,0.6304192543029785,-0.05922343209385872,0.6064144968986511,0.4943489134311676,-0.11783582717180252,0.6053770184516907,0.4046316146850586,-0.149445578455925,0.6111345887184143,0.3243197798728943,-0.16356059908866882,0.6965928673744202,0.6555905342102051,-0.06443029642105103,0.7103421092033386,0.6033549904823303,-0.15001976490020752,0.6907778382301331,0.7002521753311157,-0.1604509800672531,0.6736069917678833,0.7677144408226013,-0.14176204800605774,0.7609559893608093,0.7024093866348267,-0.07681668549776077,0.7679046392440796,0.6614665389060974,-0.1440734714269638,0.7445902824401855,0.7260662317276001,-0.14574533700942993,0.7260614037513733,0.7773022055625916,-0.12950171530246735,U
0.651572585105896,0.8332359790802002,1.630148886988536e-07,0.5893154144287109,0.7668929100036621,-0.05900095775723457,0.5619567632675171,0.6833373308181763,-0.08380555361509323,0.6127064228057861,0.6190028786659241,-0.1077631264925003,0.6859142780303955,0.5899683237075806,-0.1273292601108551,0.5688280463218689,0.5513503551483154,-0.02243572659790516,0.5628877878189087,0.43472421169281006,-0.05653286352753639,0.5655378103256226,0.3658050298690796,-0.08307714015245438,0.5744482278823853,0.30437684059143066,-0.1028413251042366,0.6352490186691284,0.5454006791114807,-0.02130901627242565,0.6239596605300903,0.4147460460662842,-0.059636399149894714,0.6257894039154053,0.3405282497406006,-0.0866851657629013,0.6284390091896057,0.2754790782928467,-0.10175606608390808,0.695023238658905,0.5694767236709595,-0.029224587604403496,0.714938759803772,0.49624916911125183,-0.09536419063806534,0.7016538977622986,0.5712130665779114,-0.11121660470962524,0.6848683953285217,0.6301925182342529,-0.10354171693325043,0.7493656873703003,0.6121997237205505,-0.04205608367919922,0.765044629573822,0.5604326725006104,-0.10143109411001205,0.7433474659919739,0.6116109490394592,-0.10951905697584152,0.7205672264099121,0.6616925597190857,-0.10166945308446884,U
0.5663463473320007,1.04701566696167,6.114956931924098e-07,0.45983654260635376,0.9818614721298218,-0.07851468771696091,0.4015094041824341,0.8705660104751587,-0.12343422323465347,0.45663130283355713,0.7720459699630737,-0.17063704133033752,0.5559796690940857,0.7242215275764465,-0.2119739055633545,0.4445997178554535,0.6449419260025024,-0.04520804435014725,0.42221933603286743,0.47513827681541443,-0.11358849704265594,0.4103986620903015,0.3684503436088562,-0.16478751599788666,0.4114552438259125,0.2709333896636963,-0.19920581579208374,0.5380817651748657,0.6385384798049927,-0.05553095415234566,0.5093789100646973,0.4524170756340027,-0.12601594626903534,0.4883372485637665,0.3312615156173706,-0.1699783056974411,0.47732192277908325,0.22104975581169128,-0.19064559042453766,0.6290791034698486,0.6776875853538513,-0.07816345989704132,0.6263634562492371,0.5775400996208191,-0.18140184879302979,0.5885286927223206,0.7114670276641846,-0.1874563843011856,0.5669682025909424,0.8078944087028503,-0.15899907052516937,0.7097298502922058,0.7511979341506958,-0.10818834602832794,0.7065134048461914,0.6566041707992554,-0.19192299246788025,0.6568284034729004,0.7420035600662231,-0.18553952872753143,0.6208809018135071,0.8204716444015503,-0.15788015723228455,U
0.6369301080703735,0.9970259070396423,7.432072948176938e-07,0.5649336576461792,0.9989904165267944,-0.1220017746090889,0.5602948665618896,0.9421423673629761,-0.19209834933280945,0.6269041299819946,0.8798593282699585,-0.25001001358032227,0.6958609819412231,0.8169229626655579,-0.30573153495788574,0.5028547644615173,0.7591692805290222,-0.18506617844104767,0.468741238117218,0.583821177482605,-0.2677682042121887,0.44793665409088135,0.4755699038505554,-0.31038036942481995,0.437576025724411,0.3779433071613312,-0.3397718369960785,0.5976257920265198,0.730706512928009,-0.17415015399456024,0.5425981879234314,0.5466537475585938,-0.27069729566574097,0.5216537714004517,0.4461314380168915,-0.3146214187145233,0.5111924409866333,0.3539698123931885,-0.3372165262699127,0.684639036655426,0.7501116991043091,-0.17056162655353546,0.7382451891899109,0.6850581765174866,-0.30587002635002136,0.7355374097824097,0.8177153468132019,-0.3272565007209778,0.717745304107666,0.9114565849304199,-0.3102251887321472,0.7657192349433899,0.7893311381340027,-0.17313484847545624,0.8151654601097107,0.7774075865745544,-0.29872992634773254,0.8046749830245972,0.8622336387634277,-0.32446056604385376,0.7807983756065369,0.9268436431884766,-0.3186032474040985,U
0.6249997615814209,1.0002981424331665,1.2981973895875853e-07,0.5482543706893921,0.9995325803756714,-0.13165532052516937,0.5328851938247681,0.9450031518936157,-0.1996442824602127,0.6023109555244446,0.863400399684906,-0.25137850642204285,0.6837314367294312,0.7722594141960144,-0.2988671660423279,0.49093925952911377,0.7263258695602417,-0.17056670784950256,0.4481640160083771,0.5613904595375061,-0.2424030900001526,0.42339929938316345,0.46641743183135986,-0.2831326723098755,0.4171139597892761,0.37480974197387695,-0.31529223918914795,0.5926246643066406,0.6919032335281372,-0.14981336891651154,0.5185245275497437,0.5034211874008179,-0.22643855214118958,0.4878719449043274,0.3995082676410675,-0.2657577693462372,0.47262829542160034,0.30074620246887207,-0.2927377223968506,0.6810567378997803,0.7181891202926636,-0.13779668509960175,0.7057791948318481,0.6356645822525024,-0.2568058371543884,0.711746096611023,0.7685145139694214,-0.28097811341285706,0.7049628496170044,0.860984742641449,-0.2751024067401886,0.755750298500061,0.7719731330871582,-0.13271431624889374,0.7744613885879517,0.7472246885299683,-0.25179994106292725,0.7688015699386597,0.8392027616500854,-0.28005877137184143,0.7536098957061768,0.9055538177490234,-0.2809971570968628,U
0.6749886870384216,0.8760226964950562,2.444747053687024e-07,0.5791453719139099,0.80333411693573,-0.07652636617422104,0.5266067981719971,0.7054458260536194,-0.10809412598609924,0.5824763774871826,0.6198211312294006,-0.13752950727939606,0.664450466632843,0.5692527294158936,-0.16007110476493835,0.5353447198867798,0.5192015171051025,-0.030011005699634552,0.5175890326499939,0.38241589069366455,-0.07655635476112366,0.513487696647644,0.29476314783096313,-0.11281828582286835,0.518521785736084,0.21558111906051636,-0.13801740109920502,0.6185455322265625,0.5053493976593018,-0.028606979176402092,0.5889007449150085,0.3514859974384308,-0.07847240567207336,0.5822384357452393,0.25501400232315063,-0.1101866215467453,0.5809578895568848,0.17141026258468628,-0.12578599154949188,0.6953441500663757,0.5320391654968262,-0.039700575172901154,0.7066042423248291,0.4594445824623108,-0.12525583803653717,0.686699628829956,0.561412513256073,-0.13968347012996674,0.6691324710845947,0.6338187456130981,-0.12360772490501404,0.7662022709846497,0.5828661918640137,-0.05743695795536041,0.769378125667572,0.5235419869422913,-0.1296621412038803,0.7408944368362427,0.5917898416519165,-0.1341353952884674,0.7208448052406311,0.6505098342895508,-0.11928638815879822,U
0.6646531820297241,0.858137845993042,6.831223231529293e-07,0.5706682205200195,0.7770600318908691,-0.12856850028038025,0.5228800177574158,0.689500093460083,-0.18074020743370056,0.5677022933959961,0.6047142148017883,-0.22219133377075195,0.6520653963088989,0.5426706075668335,-0.25542616844177246,0.5241334438323975,0.5171396732330322,-0.053950194269418716,0.5072649717330933,0.38129380345344543,-0.10559000074863434,0.506606936454773,0.2892404794692993,-0.14613822102546692,0.515583336353302,0.20551708340644836,-0.17463742196559906,0.6008122563362122,0.5135378241539001,-0.028578519821166992,0.5737110376358032,0.3548845052719116,-0.08705306053161621,0.5741152763366699,0.25659728050231934,-0.12817606329917908,0.5747312903404236,0.16934645175933838,-0.1501394510269165,0.6724606156349182,0.5413429141044617,-0.022690339013934135,0.6883549094200134,0.46796342730522156,-0.12847958505153656,0.6685572862625122,0.568057656288147,-0.16630995273590088,0.6493516564369202,0.6312349438667297,-0.16255785524845123,0.7426744699478149,0.5754027366638184,-0.026603737846016884,0.751344621181488,0.5228751301765442,-0.11613884568214417,0.7247694730758667,0.5915371179580688,-0.14216409623622894,0.7025191783905029,0.6456807255744934,-0.14274227619171143,U
0.6470465064048767,0.8260490894317627,5.080734126750031e-07,0.5730966329574585,0.77141934633255,-0.05921856313943863,0.540035605430603,0.6831049919128418,-0.07831571251153946,0.5846080183982849,0.5966478586196899,-0.09387730062007904,0.6426228284835815,0.5283616781234741,-0.10459872335195541,0.5267133712768555,0.5576894283294678,-0.01642712578177452,0.5248144865036011,0.43871474266052246,-0.04595423489809036,0.5280907154083252,0.3669939935207367,-0.06380140781402588,0.5359769463539124,0.30287665128707886,-0.07516629993915558,0.5926036834716797,0.5514746904373169,-0.013056820258498192,0.5795110464096069,0.4147419035434723,-0.048517338931560516,0.574383556842804,0.33219313621520996,-0.06732892990112305,0.5758728981018066,0.2644025981426239,-0.07230249792337418,0.6519327759742737,0.5795273184776306,-0.01920880377292633,0.6610787510871887,0.5107435584068298,-0.08832748234272003,0.6454452276229858,0.5922994613647461,-0.09685701131820679,0.6417615413665771,0.6464905142784119,-0.07998508214950562,0.7057421207427979,0.626447319984436,-0.029215527698397636,0.7005552649497986,0.5778812170028687,-0.09254904836416245,0.6755878925323486,0.6414147019386292,-0.09622238576412201,0.6649554967880249,0.6875410079956055,-0.08244557678699493,U
0.6400352120399475,0.8594362735748291,6.006168291605718e-07,0.5579890012741089,0.8091970682144165,-0.07021527737379074,0.5205832719802856,0.7156230211257935,-0.09504878520965576,0.5686613917350769,0.6228907108306885,-0.11441431939601898,0.6318643093109131,0.5508419275283813,-0.1279306709766388,0.5087065100669861,0.5734605193138123,-0.02928502857685089,0.507030725479126,0.45061877369880676,-0.06569265574216843,0.50885409116745,0.37512606382369995,-0.08844183385372162,0.514350175857544,0.3056042790412903,-0.10379042476415634,0.5793541669845581,0.5660300850868225,-0.02482851780951023,0.5639405250549316,0.42350849509239197,-0.06886352598667145,0.5566691160202026,0.33694031834602356,-0.09222852438688278,0.5567752122879028,0.26317235827445984,-0.09940852969884872,0.644425094127655,0.5961022973060608,-0.030703989788889885,0.6537326574325562,0.5254017114639282,-0.11058353632688522,0.6358875036239624,0.6176237463951111,-0.11838345974683762,0.6308080554008484,0.67801833152771,-0.09802446514368057,0.703667938709259,0.6466427445411682,-0.04133501648902893,0.6941992044448853,0.596405565738678,-0.11599894613027573,0.6688467860221863,0.6671141982078552,-0.12101488560438156,0.6584023237228394,0.7170500159263611,-0.10533053427934647,U
0.624807596206665,0.9134750962257385,9.459829470870318e-07,0.5289241075515747,0.8671270608901978,-0.06489713490009308,0.4801466763019562,0.7751551866531372,-0.08901605755090714,0.5269650220870972,0.667376697063446,-0.11097567528486252,0.5755419135093689,0.5807590484619141,-0.12789735198020935,0.4394690692424774,0.6194211840629578,-0.017856290563941002,0.3746357858181,0.49941128492355347,-0.05709068849682808,0.34188759326934814,0.4216172695159912,-0.08463107794523239,0.31883367896080017,0.3516779839992523,-0.10124076157808304,0.5254443287849426,0.6008011698722839,-0.01515769213438034,0.5280694961547852,0.4555280804634094,-0.05612102523446083,0.5334892272949219,0.35582634806632996,-0.08385670930147171,0.5411267876625061,0.27292531728744507,-0.09469716995954514,0.5989817976951599,0.625021755695343,-0.0226646289229393,0.6020190119743347,0.5511617064476013,-0.09822303056716919,0.589870035648346,0.641129195690155,-0.10949785262346268,0.5891569256782532,0.7110103368759155,-0.09110905230045319,0.66269850730896,0.672254204750061,-0.0345071405172348,0.656313419342041,0.6188396215438843,-0.10185080021619797,0.636695146560669,0.687648355960846,-0.10190407186746597,0.6289095282554626,0.7484586238861084,-0.08188022673130035,V
0.6294425129890442,0.9456222057342529,7.883416515142017e-07,0.5330175161361694,0.8976984024047852,-0.06861117482185364,0.4804891347885132,0.8050713539123535,-0.09776050597429276,0.5272607207298279,0.7031527757644653,-0.1250859797000885,0.5794105529785156,0.6168627142906189,-0.14787986874580383,0.44767940044403076,0.6381810903549194,-0.02670876309275627,0.38542303442955017,0.5200067758560181,-0.07056275010108948,0.3531479239463806,0.4428393244743347,-0.10068660229444504,0.334323525428772,0.371951699256897,-0.11884096264839172,0.5340625643730164,0.6184671521186829,-0.02538776770234108,0.532580554485321,0.47108253836631775,-0.07134449481964111,0.5345005393028259,0.3750348687171936,-0.10022257268428802,0.5441310405731201,0.29528361558914185,-0.11126228421926498,0.6115646362304688,0.6434921026229858,-0.03420143947005272,0.6136331558227539,0.5722787380218506,-0.11525493115186691,0.5960657000541687,0.6708518266677856,-0.12545059621334076,0.5929266214370728,0.7464626431465149,-0.10546617954969406,0.6803340315818787,0.6942307949066162,-0.04767327010631561,0.6713191866874695,0.6381942629814148,-0.1173047125339508,0.6493390798568726,0.7137338519096375,-0.11436091363430023,0.6410762667655945,0.7795850038528442,-0.09201400727033615,V
0.38836753368377686,0.7907663583755493,3.830946013749781e-07,0.3191417157649994,0.7181371450424194,-0.047361478209495544,0.28798750042915344,0.6326619386672974,-0.06958136707544327,0.33758029341697693,0.5702923536300659,-0.09287406504154205,0.40155839920043945,0.532800555229187,-0.11248184740543365,0.31578508019447327,0.5014563798904419,-0.02065146528184414,0.29333651065826416,0.39384326338768005,-0.059896402060985565,0.2868158221244812,0.3190104365348816,-0.08865081518888474,0.28614094853401184,0.2542513608932495,-0.10621573776006699,0.38270026445388794,0.5064532160758972,-0.025185829028487206,0.4029087722301483,0.3818396329879761,-0.06486549228429794,0.42105573415756226,0.3001592755317688,-0.08847054094076157,0.4369988739490509,0.23413428664207458,-0.09887576103210449,0.4392676055431366,0.5399971604347229,-0.03794177249073982,0.44900789856910706,0.4901644289493561,-0.10029881447553635,0.4171067774295807,0.5529340505599976,-0.10951576381921768,0.39412668347358704,0.6049239635467529,-0.0959784984588623,0.48486754298210144,0.589289665222168,-0.054839711636304855,0.48775216937065125,0.5457466244697571,-0.09948401898145676,0.45144543051719666,0.5863372087478638,-0.09472712129354477,0.4242457151412964,0.6275667548179626,-0.07917360216379166,V
0.49029988050460815,0.7774721384048462,5.407664502854459e-07,0.4409107267856598,0.7239682674407959,-0.06126205623149872,0.4284641444683075,0.6596563458442688,-0.08188772201538086,0.4842487573623657,0.6065433025360107,-0.09660150110721588,0.5382006168365479,0.5751848220825195,-0.10692580044269562,0.4267818033695221,0.552619993686676,-0.02925071306526661,0.41910672187805176,0.45952755212783813,-0.060632526874542236,0.4189601540565491,0.3972734808921814,-0.08506179600954056,0.4229012727737427,0.3449816107749939,-0.10129787772893906,0.4859263002872467,0.5546579360961914,-0.018448876217007637,0.5052002668380737,0.4514721632003784,-0.049918096512556076,0.5266202688217163,0.3866814970970154,-0.071090929210186,0.5480521321296692,0.3323840796947479,-0.080844447016716,0.5335663557052612,0.5810343623161316,-0.016302786767482758,0.5573183298110962,0.539302408695221,-0.07121141999959946,0.5382870435714722,0.59588223695755,-0.08276695758104324,0.5223557949066162,0.6391911506652832,-0.07278228551149368,0.5697258710861206,0.6183072924613953,-0.01871326006948948,0.5861521363258362,0.5774021744728088,-0.06930603832006454,0.5679256916046143,0.6171009540557861,-0.0741017758846283,0.5522540807723999,0.6538746953010559,-0.06403220444917679,V
0.6125043034553528,1.0186285972595215,8.055023386077664e-07,0.5252825021743774,0.9471410512924194,-0.08458486199378967,0.47535914182662964,0.8264759182929993,-0.11977522820234299,0.5311475992202759,0.6989852786064148,-0.14949004352092743,0.6087114214897156,0.6077547669410706,-0.1722613275051117,0.4231591820716858,0.649440586566925,-0.05003897473216057,0.3551633358001709,0.48372015357017517,-0.10516757518053055,0.31994450092315674,0.3800535202026367,-0.13939331471920013,0.30000701546669006,0.2898460030555725,-0.15872405469417572,0.523003101348877,0.6393821835517883,-0.04258441925048828,0.531950056552887,0.4525740146636963,-0.10164198279380798,0.5466629862785339,0.33083972334861755,-0.1351161152124405,0.5644412636756897,0.22658222913742065,-0.1472238302230835,0.6154385209083557,0.6772315502166748,-0.045375026762485504,0.6357428431510925,0.6099896430969238,-0.13725373148918152,0.6107040047645569,0.7216694951057434,-0.14404058456420898,0.5996720790863037,0.7988487482070923,-0.11767537146806717,0.6925342082977295,0.7421488165855408,-0.05375410616397858,0.6949681043624878,0.6736112236976624,-0.12877465784549713,0.6721845865249634,0.7590048909187317,-0.11813836544752121,0.6611620783805847,0.8280190229415894,-0.0877436175942421,V
0.5946410894393921,0.9824619293212891,8.94875540780049e-07,0.49652335047721863,0.9190471768379211,-0.081155925989151,0.443820059299469,0.7961870431900024,-0.11288870871067047,0.5021117329597473,0.6735963225364685,-0.1402152180671692,0.582488477230072,0.5875790119171143,-0.16078977286815643,0.4008908271789551,0.6263522505760193,-0.03950592502951622,0.33408430218696594,0.47199931740760803,-0.09723448008298874,0.2996412217617035,0.37366950511932373,-0.13351531326770782,0.27668413519859314,0.28791922330856323,-0.1539408415555954,0.4998492896556854,0.6166451573371887,-0.03683575615286827,0.5135997533798218,0.4387606978416443,-0.10007013380527496,0.5269158482551575,0.32159751653671265,-0.13480545580387115,0.5435899496078491,0.21946123242378235,-0.14637921750545502,0.5895268321037292,0.6547859907150269,-0.04596894606947899,0.6074544787406921,0.5926784873008728,-0.14726197719573975,0.5817192196846008,0.7092468738555908,-0.15322765707969666,0.5740453004837036,0.7862308025360107,-0.12323586642742157,0.6637240648269653,0.7193816900253296,-0.060355059802532196,0.6625719666481018,0.6589392423629761,-0.14225360751152039,0.6354711651802063,0.7476239204406738,-0.1319422423839569,0.625318169593811,0.8132724761962891,-0.10064370930194855,V
0.5584760308265686,0.988571286201477,9.516656973573845e-07,0.4594790041446686,0.9383692741394043,-0.07908892631530762,0.4097423255443573,0.8173516988754272,-0.11246007680892944,0.4709961414337158,0.6979407072067261,-0.14025717973709106,0.55001300573349,0.614697277545929,-0.16248159110546112,0.3672594726085663,0.6563522219657898,-0.05935727432370186,0.3010849356651306,0.5031009912490845,-0.11957632750272751,0.2652282416820526,0.4042980670928955,-0.15448902547359467,0.24016714096069336,0.317660391330719,-0.1736602634191513,0.4629625678062439,0.6472530364990234,-0.05762651935219765,0.48407793045043945,0.4720080494880676,-0.12062761187553406,0.496650367975235,0.356861412525177,-0.15140242874622345,0.5127780437469482,0.2565334737300873,-0.1600147783756256,0.5490478873252869,0.6826890707015991,-0.06572049856185913,0.5707552433013916,0.6196385025978088,-0.16176113486289978,0.5425411462783813,0.7272587418556213,-0.16173604130744934,0.5347400307655334,0.7975606918334961,-0.12951628863811493,0.6214604377746582,0.7443875074386597,-0.07898160070180893,0.6223600506782532,0.686010479927063,-0.1570640206336975,0.5942330956459045,0.7714789509773254,-0.14314043521881104,0.5853273868560791,0.8343394994735718,-0.10962244868278503,V
0.50633305311203,0.9395544528961182,4.0714587612455944e-07,0.40911534428596497,0.881963849067688,-0.06465323269367218,0.346885085105896,0.7789041996002197,-0.09515266865491867,0.38258096575737,0.6879062056541443,-0.12633422017097473,0.4511907398700714,0.6180104613304138,-0.15260425209999084,0.36652642488479614,0.6085054278373718,-0.02756110019981861,0.3141544461250305,0.48070597648620605,-0.07612922787666321,0.2899318039417267,0.39316457509994507,-0.10939455777406693,0.27897393703460693,0.31830400228500366,-0.12966419756412506,0.4500718116760254,0.6001023054122925,-0.031584423035383224,0.45183828473091125,0.44386476278305054,-0.08283458650112152,0.4528530538082123,0.342864990234375,-0.1131356731057167,0.456403911113739,0.2626153528690338,-0.12551361322402954,0.5247789621353149,0.6273887157440186,-0.0462997741997242,0.5097895860671997,0.5530436635017395,-0.1265600472688675,0.475398987531662,0.6403429508209229,-0.13751518726348877,0.45868927240371704,0.7097759246826172,-0.11974800378084183,0.590416669845581,0.6756143569946289,-0.06641782075166702,0.5691298842430115,0.6143395304679871,-0.1256764531135559,0.5281388759613037,0.6758576035499573,-0.12055426090955734,0.505919337272644,0.7338330745697021,-0.10100357979536057,V
0.6148993372917175,1.0385807752609253,1.1392170335966512e-06,0.5037145614624023,1.0130293369293213,-0.1700975000858307,0.46319180727005005,0.8704000115394592,-0.36779823899269104,0.502504289150238,0.7394717931747437,-0.5237339735031128,0.5485183000564575,0.6377456188201904,-0.6694279313087463,0.5324562191963196,0.8201713562011719,-0.5892350077629089,0.5138964653015137,0.6039926409721375,-0.8674904704093933,0.48976701498031616,0.5150427222251892,-1.0209559202194214,0.4403470754623413,0.46861934661865234,-1.1065337657928467,0.666009783744812,0.8315731287002563,-0.5817807912826538,0.6852657794952393,0.744197428226471,-0.9063438773155212,0.6739655137062073,0.8297927975654602,-1.0262761116027832,0.65104079246521,0.9140303134918213,-1.0943644046783447,0.7888389825820923,0.882742702960968,-0.5625102519989014,0.804061770439148,0.8387694358825684,-0.8055755496025085,0.7455147504806519,0.945472002029419,-0.8468327522277832,0.6782734990119934,1.0417526960372925,-0.8488787412643433,0.8766466379165649,0.9656813740730286,-0.5477045178413391,0.8959296941757202,0.9304017424583435,-0.7025933265686035,0.8695981502532959,0.9720231890678406,-0.7467077970504761,0.8321216106414795,1.0265218019485474,-0.7703199982643127,V
0.5182011127471924,0.7356127500534058,3.484458090952103e-07,0.48891735076904297,0.6593777537345886,-0.04734348505735397,0.48414188623428345,0.5870365500450134,-0.05581969395279884,0.5312281847000122,0.5288597941398621,-0.06089342385530472,0.5754775404930115,0.4883408844470978,-0.06218986213207245,0.4512883424758911,0.5101168751716614,-0.0021513262763619423,0.43632856011390686,0.42060381174087524,-0.016821617260575294,0.43524137139320374,0.36378002166748047,-0.03263764828443527,0.4385227560997009,0.31361573934555054,-0.04329190030694008,0.5013880729675293,0.5093851685523987,0.009824872948229313,0.5066061019897461,0.40529221296310425,-0.004355240613222122,0.5243695974349976,0.3482867181301117,-0.0237379502505064,0.5389156937599182,0.30160242319107056,-0.03564409539103508,0.5451099872589111,0.529291570186615,0.014469927176833153,0.5665988326072693,0.47533103823661804,-0.019250931218266487,0.5670385956764221,0.5137122869491577,-0.03969425708055496,0.5568110346794128,0.5474755167961121,-0.04222019016742706,0.5781006217002869,0.5581427812576294,0.015686415135860443,0.6022971272468567,0.5068045854568481,-0.007878385484218597,0.5994736552238464,0.5300793647766113,-0.012788794003427029,0.584985613822937,0.5583773851394653,-0.009709630161523819,V
0.6257258653640747,0.806108832359314,7.675010351704259e-07,0.5716331601142883,0.7330740690231323,-0.06126292422413826,0.5533364415168762,0.6510711908340454,-0.08075475692749023,0.6083257794380188,0.5731410980224609,-0.09703277796506882,0.6691184639930725,0.5226426124572754,-0.10827955603599548,0.5300699472427368,0.5417973399162292,-0.009848365560173988,0.5162466168403625,0.43389660120010376,-0.03864054009318352,0.5144994258880615,0.3656752109527588,-0.06140750274062157,0.5172595977783203,0.3069409430027008,-0.0749933123588562,0.5973357558250427,0.5385094881057739,0.0012532679829746485,0.61237633228302,0.4216126799583435,-0.028324726969003677,0.6318095326423645,0.34805217385292053,-0.049820903688669205,0.6491032838821411,0.28662118315696716,-0.05781393125653267,0.6536946892738342,0.5621694922447205,0.0020697000436484814,0.6701522469520569,0.5053945779800415,-0.05282457172870636,0.6558253169059753,0.5680925250053406,-0.06583032757043839,0.6428989171981812,0.6172963976860046,-0.05357688292860985,0.6986451745033264,0.5990407466888428,-0.0017769441474229097,0.7152186036109924,0.53792405128479,-0.04368104785680771,0.7021539211273193,0.5766119360923767,-0.04348396882414818,0.6882065534591675,0.6176851391792297,-0.029146715998649597,V
0.5059261918067932,0.9909696578979492,5.623372203444887e-07,0.41669315099716187,0.929190993309021,-0.07473096996545792,0.3643355369567871,0.8360903263092041,-0.11274701356887817,0.41466307640075684,0.7584016919136047,-0.14824984967708588,0.4940013885498047,0.7078821063041687,-0.17807236313819885,0.40145280957221985,0.655122697353363,-0.045594990253448486,0.36949422955513,0.5220540165901184,-0.10109667479991913,0.3562094569206238,0.43235498666763306,-0.13837885856628418,0.3517240285873413,0.35653793811798096,-0.1600765734910965,0.487299382686615,0.656544029712677,-0.04593139886856079,0.5049096345901489,0.5045678615570068,-0.10395797342061996,0.5221414566040039,0.4020276367664337,-0.13652455806732178,0.5380282402038574,0.31869497895240784,-0.1481817215681076,0.5594347715377808,0.6942682266235352,-0.0573810450732708,0.5581768155097961,0.6463733911514282,-0.144656240940094,0.5210038423538208,0.7375374436378479,-0.15758860111236572,0.4978349804878235,0.8045609593391418,-0.13789232075214386,0.6180766224861145,0.7527092695236206,-0.07444322109222412,0.6106917262077332,0.7061123847961426,-0.14030957221984863,0.5673419237136841,0.7687612771987915,-0.1364738494157791,0.5375782251358032,0.8226156234741211,-0.11481061577796936,V
0.4220331311225891,1.0043413639068604,5.267670530884061e-07,0.3526310324668884,0.9746447801589966,-0.048560477793216705,0.3173781633377075,0.9114528894424438,-0.07513264566659927,0.35377854108810425,0.8658331632614136,-0.10023882240056992,0.4055328369140625,0.8327599763870239,-0.12216218560934067,0.32552003860473633,0.7817867398262024,-0.0500638373196125,0.30758821964263916,0.6839670538902283,-0.09890705347061157,0.3023555874824524,0.6197519898414612,-0.12931494414806366,0.3002360761165619,0.5635067224502563,-0.14575748145580292,0.3952556550502777,0.7806724309921265,-0.053148332983255386,0.41211506724357605,0.6696327328681946,-0.09965801984071732,0.42577046155929565,0.5950036644935608,-0.12373575568199158,0.43802663683891296,0.529887318611145,-0.1316891759634018,0.45461055636405945,0.8053348660469055,-0.06203669309616089,0.45041054487228394,0.7863951921463013,-0.12441599369049072,0.42144709825515747,0.857037365436554,-0.12765628099441528,0.4029792845249176,0.9055587649345398,-0.10914625227451324,0.5017842054367065,0.8470343351364136,-0.07473313808441162,0.49040675163269043,0.8365796208381653,-0.12044017761945724,0.4571428894996643,0.8865481615066528,-0.112950898706913,0.43431439995765686,0.9259189367294312,-0.09313469380140305,V
0.5416914820671082,0.812031626701355,3.527809724346298e-07,0.42262542247772217,0.7351299524307251,-0.07509879767894745,0.3411000370979309,0.6019930243492126,-0.11513349413871765,0.3646019995212555,0.47006773948669434,-0.15765976905822754,0.4478003978729248,0.3747406303882599,-0.19405771791934967,0.38263392448425293,0.42416369915008545,-0.028408469632267952,0.3255234360694885,0.2623923718929291,-0.08942623436450958,0.2944428622722626,0.1592288762331009,-0.1300460398197174,0.2814924418926239,0.06721332669258118,-0.15401223301887512,0.4755856394767761,0.4097992181777954,-0.032800160348415375,0.48097020387649536,0.20803920924663544,-0.0934697762131691,0.47845298051834106,0.08880746364593506,-0.12588649988174438,0.4829283058643341,-0.004359722137451172,-0.13890938460826874,0.5622920989990234,0.4346106946468353,-0.05053527280688286,0.5363190770149231,0.3207636773586273,-0.14155805110931396,0.48600757122039795,0.4260280132293701,-0.15128733217716217,0.46448567509651184,0.5182484984397888,-0.12991440296173096,0.6432012319564819,0.4814687669277191,-0.07522599399089813,0.6130855679512024,0.38936281204223633,-0.13747702538967133,0.556091845035553,0.45474767684936523,-0.1302313208580017,0.5247737765312195,0.5249496698379517,-0.10918432474136353,V
0.5832401514053345,0.9711412191390991,8.29403859370359e-07,0.4869992733001709,0.9063042402267456,-0.0773627832531929,0.43943077325820923,0.7765443921089172,-0.10566666722297668,0.49695101380348206,0.6494162678718567,-0.12912334501743317,0.5712460279464722,0.5609045624732971,-0.14656426012516022,0.39123427867889404,0.6128300428390503,-0.038633815944194794,0.3297102451324463,0.45910587906837463,-0.09205258637666702,0.29718270897865295,0.3625810742378235,-0.12584258615970612,0.2763518989086151,0.27734655141830444,-0.14480255544185638,0.48631301522254944,0.6039451360702515,-0.035271357744932175,0.5047239065170288,0.42297884821891785,-0.0915374606847763,0.5185322165489197,0.3060337007045746,-0.12235920876264572,0.5345763564109802,0.20226827263832092,-0.13185009360313416,0.573185920715332,0.6409003138542175,-0.04261638596653938,0.5936026573181152,0.5666447877883911,-0.13602550327777863,0.5686216950416565,0.6802829504013062,-0.14119327068328857,0.5602617859840393,0.7554137110710144,-0.11253770440816879,0.6453436017036438,0.7022716999053955,-0.05490761622786522,0.6469594836235046,0.633480966091156,-0.13373000919818878,0.621196448802948,0.7216187715530396,-0.12372110038995743,0.6127831935882568,0.7867034673690796,-0.09298114478588104,V
0.561077892780304,0.9786898493766785,6.219392503226118e-07,0.4714716076850891,0.9060777425765991,-0.06929554790258408,0.41987144947052,0.7766305208206177,-0.0909465029835701,0.4795984923839569,0.6518603563308716,-0.1085585504770279,0.5622392296791077,0.5754404664039612,-0.1201404482126236,0.3811497092247009,0.6158496141433716,-0.033127591013908386,0.3161298334598541,0.45611968636512756,-0.07997320592403412,0.2818153500556946,0.3553401231765747,-0.11180014163255692,0.2617458701133728,0.2661009132862091,-0.13238072395324707,0.47654902935028076,0.6096959114074707,-0.030570968985557556,0.4907839000225067,0.4267219603061676,-0.08074045181274414,0.5092845559120178,0.30976900458335876,-0.11135885119438171,0.5283223986625671,0.20929256081581116,-0.12464500963687897,0.5615141987800598,0.6477131843566895,-0.03755182772874832,0.5828978419303894,0.5793470740318298,-0.12322787195444107,0.5581020712852478,0.6964662075042725,-0.12912319600582123,0.549823522567749,0.7749419212341309,-0.10460852831602097,0.6320499777793884,0.7099277377128601,-0.049076247960329056,0.6340187788009644,0.6411069631576538,-0.12376938760280609,0.609329879283905,0.7290804386138916,-0.11562733352184296,0.6002164483070374,0.7963962554931641,-0.08889205753803253,V
0.5427566170692444,0.8066710233688354,2.956675189125235e-07,0.47971025109291077,0.7454249262809753,-0.042209770530462265,0.44845321774482727,0.6676398515701294,-0.05901423469185829,0.4973644018173218,0.6051017045974731,-0.07595624029636383,0.552850604057312,0.5638024210929871,-0.08912214636802673,0.45769259333610535,0.5563240647315979,-0.013017821125686169,0.43283241987228394,0.4635452330112457,-0.04462086409330368,0.4251755475997925,0.3992063105106354,-0.06822603195905685,0.42363274097442627,0.3417893052101135,-0.08315407484769821,0.5170425772666931,0.553753137588501,-0.015670817345380783,0.5265058279037476,0.442394495010376,-0.048831719905138016,0.5387895107269287,0.3715309500694275,-0.06951240450143814,0.5510431528091431,0.3147355914115906,-0.07841923832893372,0.5687851905822754,0.5784385800361633,-0.025500185787677765,0.5800670385360718,0.5290183424949646,-0.08033594489097595,0.5584785342216492,0.5888595581054688,-0.08745473623275757,0.5433606505393982,0.6370214223861694,-0.07437808811664581,0.6126962304115295,0.6191216111183167,-0.03882065415382385,0.619220495223999,0.5719273686408997,-0.08077294379472733,0.5945479273796082,0.6122736930847168,-0.07616525143384933,0.5765810608863831,0.6520370244979858,-0.060923051089048386,V
0.5867113471031189,0.9240758419036865,5.859363341187418e-07,0.5171825289726257,0.861314058303833,-0.055842503905296326,0.49140679836273193,0.7776561975479126,-0.08206339180469513,0.5509850978851318,0.7145925164222717,-0.10750830918550491,0.6191666722297668,0.6760111451148987,-0.1285078078508377,0.511030375957489,0.6294206380844116,-0.025873126462101936,0.4941978454589844,0.5162791609764099,-0.06559184193611145,0.4907200038433075,0.4421061873435974,-0.09489411115646362,0.49426427483558655,0.3802405595779419,-0.11278939992189407,0.5820034742355347,0.6348349452018738,-0.02744343690574169,0.6082727909088135,0.5090577006340027,-0.06736315041780472,0.6306135058403015,0.42557114362716675,-0.09319916367530823,0.6519480347633362,0.357246994972229,-0.10414473712444305,0.640148937702179,0.6701489090919495,-0.03772343322634697,0.6589090824127197,0.6184720396995544,-0.10144994407892227,0.630341112613678,0.6859747767448425,-0.10966610908508301,0.6096037030220032,0.7421342134475708,-0.09376882761716843,0.6854071021080017,0.7226998209953308,-0.05249794200062752,0.699545681476593,0.6666373014450073,-0.10192054510116577,0.6701550483703613,0.7149003148078918,-0.09536800533533096,0.6480798721313477,0.7655707001686096,-0.07558083534240723,V
0.6735739707946777,0.6115280389785767,5.684239567926852e-07,0.635303258895874,0.526764988899231,-0.04577821120619774,0.6232382655143738,0.44510555267333984,-0.060849130153656006,0.6827465295791626,0.38720571994781494,-0.07453307509422302,0.7422106862068176,0.35731613636016846,-0.0839255228638649,0.6037790775299072,0.36142250895500183,-0.014686526730656624,0.589948296546936,0.25858527421951294,-0.045793402940034866,0.5915647745132446,0.19317936897277832,-0.06837127357721329,0.5957162380218506,0.13578122854232788,-0.08104296028614044,0.6645104885101318,0.36039862036705017,-0.009965632110834122,0.6846790313720703,0.2437974214553833,-0.042077165096998215,0.707832396030426,0.17359331250190735,-0.06151023507118225,0.7295085787773132,0.11342993378639221,-0.06838446110486984,0.7162656188011169,0.383248895406723,-0.012679538689553738,0.7423248291015625,0.33767780661582947,-0.062264397740364075,0.7251873016357422,0.38917410373687744,-0.06965643912553787,0.7091761827468872,0.4275091886520386,-0.0558936782181263,0.7562459111213684,0.41970953345298767,-0.019201871007680893,0.7840808033943176,0.3748113512992859,-0.04989471286535263,0.7687996625900269,0.40694716572761536,-0.04271399602293968,0.750781238079071,0.43773430585861206,-0.02625572308897972,V
0.4686974287033081,0.6656837463378906,3.94694495753356e-07,0.4426303207874298,0.6196391582489014,-0.03891950100660324,0.4362735152244568,0.5668570399284363,-0.04950375482439995,0.46717774868011475,0.5213684439659119,-0.0565468929708004,0.5007045865058899,0.4931851029396057,-0.06019684299826622,0.4167311191558838,0.4998433291912079,-0.011473326943814754,0.40679681301116943,0.43070340156555176,-0.026650894433259964,0.40518659353256226,0.3874330520629883,-0.039814285933971405,0.4062422513961792,0.3511546850204468,-0.048090945929288864,0.4560348093509674,0.4988280236721039,-0.001470919931307435,0.4642854332923889,0.4210832715034485,-0.015977080911397934,0.47767511010169983,0.37599319219589233,-0.029231371358036995,0.48900914192199707,0.34006890654563904,-0.03589675575494766,0.4905551075935364,0.5136722922325134,0.003164086490869522,0.507587730884552,0.471617192029953,-0.02500385046005249,0.5043025612831116,0.5009094476699829,-0.03609395772218704,0.49547120928764343,0.5275280475616455,-0.03363059088587761,0.5170486569404602,0.5364776253700256,0.005128628574311733,0.5323945879936218,0.5002291798591614,-0.016780726611614227,0.5300348401069641,0.5173938870429993,-0.019044695422053337,0.5208335518836975,0.5381785035133362,-0.013659101910889149,V
0.5876656770706177,1.0213783979415894,4.3851846953657514e-07,0.492181658744812,0.9878782033920288,-0.10751098394393921,0.4422682821750641,0.8982094526290894,-0.15532103180885315,0.5077542662620544,0.7980382442474365,-0.19297350943088531,0.594961404800415,0.7124117612838745,-0.22397774457931519,0.3998555839061737,0.6768010854721069,-0.09257636219263077,0.31875255703926086,0.5317468643188477,-0.15762726962566376,0.27071061730384827,0.43455618619918823,-0.2061779648065567,0.244511216878891,0.3460608124732971,-0.23937824368476868,0.5011350512504578,0.6478010416030884,-0.07631255686283112,0.4926599860191345,0.46548599004745483,-0.12810476124286652,0.5023589134216309,0.3532477617263794,-0.16290341317653656,0.5198640823364258,0.25869759917259216,-0.185355544090271,0.5929298400878906,0.6714315414428711,-0.07143280655145645,0.609639048576355,0.5694109201431274,-0.15990939736366272,0.5962722301483154,0.6929740905761719,-0.17493203282356262,0.5894598364830017,0.7827179431915283,-0.16234824061393738,0.6704459190368652,0.7267634868621826,-0.07391498982906342,0.6733920574188232,0.6695654392242432,-0.1585966944694519,0.6596794724464417,0.7558819651603699,-0.1644631177186966,0.6537274718284607,0.8270670175552368,-0.14922936260700226,V
0.5729070901870728,0.9622507095336914,1.7250398798296374e-07,0.47459056973457336,0.9257895946502686,-0.10454733669757843,0.41085726022720337,0.839832067489624,-0.16283464431762695,0.46281182765960693,0.7540919780731201,-0.21461434662342072,0.560990035533905,0.6962548494338989,-0.26000142097473145,0.4088785648345947,0.6241037845611572,-0.1171567365527153,0.318031907081604,0.4742279648780823,-0.19496837258338928,0.2609827220439911,0.37835222482681274,-0.25327068567276,0.2305215299129486,0.2892882823944092,-0.2940434217453003,0.5071648359298706,0.5979914665222168,-0.10717691481113434,0.5021212697029114,0.3978559970855713,-0.1743346005678177,0.50855553150177,0.27619409561157227,-0.22121869027614594,0.5171672701835632,0.17516079545021057,-0.25509801506996155,0.6054767370223999,0.6204060912132263,-0.1056663915514946,0.6239714026451111,0.4896785020828247,-0.19708240032196045,0.5971289873123169,0.6022389531135559,-0.2101679891347885,0.57308429479599,0.6951169967651367,-0.19927673041820526,0.7001254558563232,0.6692686080932617,-0.11227449029684067,0.7132107019424438,0.5800244212150574,-0.1872868835926056,0.6805102825164795,0.6444317102432251,-0.18631888926029205,0.6495161056518555,0.7115398645401001,-0.17079177498817444,V
0.3050271272659302,0.7046538591384888,2.6338818770454964e-07,0.2755664587020874,0.6628085970878601,-0.025853700935840607,0.2716769874095917,0.6130146980285645,-0.034403473138809204,0.3034908175468445,0.5750007629394531,-0.04277878627181053,0.3334810733795166,0.5524637699127197,-0.04908974841237068,0.26947683095932007,0.5480711460113525,-0.007947459816932678,0.26557090878486633,0.4871334135532379,-0.02818029373884201,0.2662353813648224,0.44618648290634155,-0.04338182508945465,0.2675662040710449,0.4115202724933624,-0.05259593203663826,0.30737653374671936,0.5491895079612732,-0.0074313548393547535,0.32197660207748413,0.48101919889450073,-0.027602534741163254,0.3357559144496918,0.43805867433547974,-0.04041400924324989,0.34626439213752747,0.40277236700057983,-0.04559705778956413,0.339938759803772,0.566154420375824,-0.011238515377044678,0.35480764508247375,0.5329393148422241,-0.04361793398857117,0.3396022319793701,0.5676824450492859,-0.04781229421496391,0.3261409401893616,0.5950044989585876,-0.039421919733285904,0.36612600088119507,0.5922099947929382,-0.016989415511488914,0.3773960769176483,0.5642022490501404,-0.0415312796831131,0.36111268401145935,0.587260365486145,-0.038486260920763016,0.3465287685394287,0.6105796098709106,-0.02863054908812046,V
0.3811302185058594,0.9574123620986938,4.4832643197878497e-07,0.35093072056770325,0.9121336936950684,-0.043774981051683426,0.3444554805755615,0.8577650189399719,-0.059961095452308655,0.3864891231060028,0.8186056613922119,-0.07342221587896347,0.4309612214565277,0.7997038960456848,-0.08389999717473984,0.34220314025878906,0.7632660269737244,-0.019018249586224556,0.33972376585006714,0.6863492131233215,-0.0430593304336071,0.34305500984191895,0.637625515460968,-0.061011504381895065,0.34810084104537964,0.5961971282958984,-0.07197567820549011,0.38785916566848755,0.7663669586181641,-0.013702571392059326,0.40713104605674744,0.6837273836135864,-0.038261521607637405,0.42690128087997437,0.6327990293502808,-0.054470714181661606,0.44415873289108276,0.5900894999504089,-0.06051330640912056,0.4247993528842926,0.7902297377586365,-0.014448598958551884,0.4433192312717438,0.7572312951087952,-0.057587504386901855,0.42541125416755676,0.8049460649490356,-0.06570360064506531,0.4102347791194916,0.8399818539619446,-0.05582648515701294,0.45177000761032104,0.8244696259498596,-0.018154051154851913,0.46772462129592896,0.79163658618927,-0.05435485765337944,0.45223838090896606,0.8237229585647583,-0.0533745251595974,0.4369279742240906,0.8534015417098999,-0.041325248777866364,V
0.5278410315513611,1.0472183227539062,4.394942720864492e-07,0.43513646721839905,1.028043270111084,-0.10175246745347977,0.38984057307243347,0.9679333567619324,-0.15494701266288757,0.45722055435180664,0.879492461681366,-0.1960945874452591,0.5359092354774475,0.8050523996353149,-0.2298990786075592,0.3600637912750244,0.74859219789505,-0.12621797621250153,0.28173190355300903,0.5915237665176392,-0.19648095965385437,0.2281387746334076,0.49891239404678345,-0.24412979185581207,0.1956866979598999,0.40990790724754333,-0.2766778767108917,0.45996707677841187,0.7177206873893738,-0.11278925836086273,0.4432491362094879,0.5272045731544495,-0.17492011189460754,0.4421975612640381,0.41408926248550415,-0.2156081646680832,0.4485398828983307,0.3104323446750641,-0.24288484454154968,0.5511943697929382,0.7457984685897827,-0.10491827875375748,0.5758774876594543,0.6700766086578369,-0.18936173617839813,0.5590447187423706,0.7962746620178223,-0.19400735199451447,0.542697012424469,0.8836905360221863,-0.17659011483192444,0.6245708465576172,0.8083978891372681,-0.10412121564149857,0.6391170620918274,0.7694348692893982,-0.18068751692771912,0.620076596736908,0.8545854687690735,-0.17638185620307922,0.5944831371307373,0.9217385053634644,-0.15518777072429657,V
0.648345947265625,0.9286577701568604,8.578167580708396e-07,0.5617719292640686,0.8855467438697815,-0.0689082220196724,0.5235543251037598,0.801353931427002,-0.09579110145568848,0.5778301954269409,0.7083936333656311,-0.11763166636228561,0.6291288733482361,0.6338860392570496,-0.13497430086135864,0.4863947629928589,0.6537806391716003,-0.03395708650350571,0.42783090472221375,0.5427120923995972,-0.07277576625347137,0.3998754620552063,0.4689686894416809,-0.10072291642427444,0.3846246600151062,0.40353479981422424,-0.11851704865694046,0.5680158734321594,0.6369589567184448,-0.027106372639536858,0.5737152695655823,0.4979977011680603,-0.06434763222932816,0.5842715501785278,0.4096287786960602,-0.09079087525606155,0.5992298126220703,0.33673667907714844,-0.10287678986787796,0.638307511806488,0.6604002714157104,-0.029150737449526787,0.6516189575195312,0.5913161039352417,-0.09545280784368515,0.6411380171775818,0.6661678552627563,-0.10751047730445862,0.6380988955497742,0.7261673808097839,-0.09489692747592926,0.6984135508537292,0.7059227228164673,-0.03602601960301399,0.7004904747009277,0.6659864187240601,-0.09797743707895279,0.6862025856971741,0.727377712726593,-0.09984489530324936,0.6798385977745056,0.7809017896652222,-0.0840083584189415,V
0.6523755192756653,0.969012975692749,9.010992698677001e-07,0.5657975673675537,0.9257436990737915,-0.06055847555398941,0.5252593755722046,0.8381009101867676,-0.0857018455862999,0.5761057734489441,0.7444416284561157,-0.10791878402233124,0.6270413398742676,0.6716384291648865,-0.12593808770179749,0.4902847409248352,0.6893718838691711,-0.03073136880993843,0.4326523542404175,0.5778827667236328,-0.06939294189214706,0.40539538860321045,0.5060432553291321,-0.09621457755565643,0.38803139328956604,0.44092613458633423,-0.11276597529649734,0.5691164135932922,0.6719685792922974,-0.029161956161260605,0.5771262645721436,0.5348770618438721,-0.0665898323059082,0.5848777294158936,0.44602876901626587,-0.0909281075000763,0.5954840183258057,0.3718258738517761,-0.1003940999507904,0.6370778679847717,0.697108805179596,-0.03589491546154022,0.6472877264022827,0.6341679096221924,-0.10104178637266159,0.6361557841300964,0.7140204310417175,-0.10913432389497757,0.6350019574165344,0.7755306959152222,-0.09261984378099442,0.6950505375862122,0.7457308173179626,-0.046977221965789795,0.6926091909408569,0.7051151990890503,-0.10472328215837479,0.6771193146705627,0.7676222920417786,-0.10208339244127274,0.6716799736022949,0.8207009434700012,-0.08273732662200928,V
0.5879279375076294,0.9464289546012878,8.704735705578059e-07,0.48830297589302063,0.8870389461517334,-0.09032586961984634,0.4368487596511841,0.75511234998703,-0.11995655298233032,0.49761784076690674,0.626322329044342,-0.14272870123386383,0.5748334527015686,0.5347235202789307,-0.1590076982975006,0.3832985758781433,0.5879400372505188,-0.03826195374131203,0.30752843618392944,0.4325306713581085,-0.09378426522016525,0.26855990290641785,0.33101505041122437,-0.12899468839168549,0.2444821000099182,0.24317193031311035,-0.1492289900779724,0.48500674962997437,0.5754004120826721,-0.029232840985059738,0.49425435066223145,0.3944823741912842,-0.08728985488414764,0.5073232650756836,0.27931565046310425,-0.11829686164855957,0.5245792865753174,0.17701447010040283,-0.12745210528373718,0.5766599774360657,0.6092657446861267,-0.03378454968333244,0.5945776700973511,0.5378981232643127,-0.13549135625362396,0.5710541605949402,0.6555185317993164,-0.1462492048740387,0.5668342709541321,0.7331774234771729,-0.11953391134738922,0.6542876958847046,0.6684011220932007,-0.044114209711551666,0.6504600048065186,0.607609748840332,-0.1323060393333435,0.6258045434951782,0.699305534362793,-0.1291516274213791,0.6208163499832153,0.7658550143241882,-0.10221174359321594,V
0.5749046206474304,0.9773910045623779,8.95713981208246e-07,0.47943174839019775,0.918846607208252,-0.08931934088468552,0.43240728974342346,0.7931081652641296,-0.12181875854730606,0.49507617950439453,0.6718320250511169,-0.14760597050189972,0.5677922964096069,0.5799005031585693,-0.16725602746009827,0.3811407685279846,0.6210619211196899,-0.04905520752072334,0.3151530921459198,0.47101888060569763,-0.10904446989297867,0.2802462875843048,0.37014126777648926,-0.14799381792545319,0.2574901878833771,0.28088292479515076,-0.17057329416275024,0.481185644865036,0.6090943813323975,-0.04180305823683739,0.49963486194610596,0.43408215045928955,-0.10337454080581665,0.5166659951210022,0.31793212890625,-0.13579578697681427,0.5353114604949951,0.21484383940696716,-0.14583750069141388,0.5722445249557495,0.6443445086479187,-0.047385767102241516,0.5980788469314575,0.5866981744766235,-0.15242999792099,0.5743269324302673,0.703709602355957,-0.16367384791374207,0.5663105249404907,0.7809178829193115,-0.13644956052303314,0.6474825739860535,0.7055569887161255,-0.058461565524339676,0.6523345708847046,0.6504992246627808,-0.14986413717269897,0.6266093254089355,0.7413082122802734,-0.14693401753902435,0.6188509464263916,0.808348536491394,-0.11930938065052032,V
0.5699751973152161,1.027370810508728,-1.3817212618505437e-07,0.4837905466556549,0.9902480840682983,-0.11077608913183212,0.4543065130710602,0.8799849152565002,-0.14786554872989655,0.5276224613189697,0.7605533599853516,-0.16085432469844818,0.6225107908248901,0.6776487827301025,-0.1720825880765915,0.4047824442386627,0.6838399767875671,-0.10852242261171341,0.33927252888679504,0.5224443078041077,-0.14902567863464355,0.3057864010334015,0.4206375479698181,-0.17876629531383514,0.28502199053764343,0.3271026611328125,-0.2040683776140213,0.4960056245326996,0.6556461453437805,-0.08539475500583649,0.44380438327789307,0.4737139940261841,-0.11835476756095886,0.41874751448631287,0.37508684396743774,-0.14498545229434967,0.4087837040424347,0.27820584177970886,-0.16723865270614624,0.5850934386253357,0.6658135056495667,-0.07286791503429413,0.5975101590156555,0.5105938911437988,-0.15050359070301056,0.602732241153717,0.4138050079345703,-0.2084806263446808,0.611723780632019,0.3085193634033203,-0.24432869255542755,0.6690459847450256,0.710597574710846,-0.06343040615320206,0.6786298751831055,0.617311954498291,-0.14048168063163757,0.6602843999862671,0.6769947409629822,-0.15847273170948029,0.6421874761581421,0.7401992082595825,-0.16561433672904968,W
0.5178729295730591,0.9688745141029358,-1.7973883714716976e-08,0.4267890453338623,0.9310057163238525,-0.06454028189182281,0.38841331005096436,0.8417540788650513,-0.08700796961784363,0.4535568654537201,0.7552974224090576,-0.09923512488603592,0.5298900008201599,0.6910790205001831,-0.109751395881176,0.37188875675201416,0.6776848435401917,-0.04316853731870651,0.3105844259262085,0.5601241588592529,-0.06911324709653854,0.2833106815814972,0.4811406135559082,-0.09229353070259094,0.26505738496780396,0.40812772512435913,-0.11332447081804276,0.44015032052993774,0.651117205619812,-0.039445385336875916,0.40046340227127075,0.505473256111145,-0.0688876286149025,0.3848888874053955,0.4237978458404541,-0.09261590242385864,0.37153342366218567,0.3500569462776184,-0.1085408478975296,0.5061074495315552,0.6635783314704895,-0.043283358216285706,0.5177058577537537,0.5403701066970825,-0.09502023458480835,0.5252853631973267,0.46271437406539917,-0.12958025932312012,0.5316480398178101,0.38536137342453003,-0.15007729828357697,0.5690358877182007,0.7124868035316467,-0.050421927124261856,0.5787039995193481,0.6366086006164551,-0.09981076419353485,0.5650043487548828,0.6821288466453552,-0.10478612035512924,0.5552117228507996,0.7368021607398987,-0.10355249792337418,W
0.6320468187332153,0.8984175324440002,-7.173768068469144e-08,0.5251522660255432,0.8590297698974609,-0.06913900375366211,0.4722570776939392,0.7695017457008362,-0.08414748311042786,0.52801913022995,0.6615645289421082,-0.08449389785528183,0.6060572266578674,0.5923357009887695,-0.08091212809085846,0.4420698881149292,0.593287467956543,-0.03449103981256485,0.36908793449401855,0.4725685119628906,-0.05508517101407051,0.3313213884830475,0.39305710792541504,-0.07424646615982056,0.3033161759376526,0.32049626111984253,-0.09161664545536041,0.5109121799468994,0.5642902851104736,-0.02570442482829094,0.4510633945465088,0.4148847758769989,-0.05474677309393883,0.4193383753299713,0.3335875868797302,-0.07450973242521286,0.3964526057243347,0.25422054529190063,-0.08435612171888351,0.5808436870574951,0.5729738473892212,-0.025543885305523872,0.5769574642181396,0.44157135486602783,-0.08379530161619186,0.5696413516998291,0.35564857721328735,-0.11798138171434402,0.5669326186180115,0.2650766968727112,-0.1327155977487564,0.6509365439414978,0.6241881847381592,-0.02803127095103264,0.6414542198181152,0.5289022326469421,-0.07355578243732452,0.6244570016860962,0.5773683190345764,-0.06821694225072861,0.6150456070899963,0.6421939730644226,-0.0575978122651577,W
0.6447510719299316,0.8806068301200867,2.6803718355949968e-08,0.5411797165870667,0.842485785484314,-0.06369791179895401,0.4910942316055298,0.7500718832015991,-0.0821162685751915,0.5509434342384338,0.6452376246452332,-0.08911091834306717,0.6276863217353821,0.5766464471817017,-0.09398622065782547,0.45571279525756836,0.5793939232826233,-0.03556950017809868,0.38229143619537354,0.4590384364128113,-0.059157323092222214,0.3450729548931122,0.37888699769973755,-0.08145824819803238,0.3176960349082947,0.3043815791606903,-0.10167180746793747,0.5255266427993774,0.548662543296814,-0.030727392062544823,0.4687872529029846,0.4022698402404785,-0.06233222410082817,0.44291210174560547,0.3170599341392517,-0.0869053527712822,0.4227501153945923,0.23743098974227905,-0.10124094039201736,0.5963476300239563,0.5572303533554077,-0.033296287059783936,0.5921192765235901,0.42626893520355225,-0.09061754494905472,0.5882395505905151,0.34122055768966675,-0.126736119389534,0.5860930681228638,0.25638487935066223,-0.14487779140472412,0.6680970788002014,0.6051005125045776,-0.03826591745018959,0.6600240468978882,0.519060492515564,-0.08788252621889114,0.6459296941757202,0.5665194988250732,-0.08825857192277908,0.6409597396850586,0.6270934343338013,-0.0819007158279419,W
0.49634119868278503,0.7163912057876587,3.567857120856388e-08,0.4248088002204895,0.6819462776184082,-0.060919348150491714,0.39380723237991333,0.6050376296043396,-0.08064145594835281,0.4504166841506958,0.5338864326477051,-0.08977466821670532,0.5180578231811523,0.49236154556274414,-0.09773322194814682,0.3786720037460327,0.4721151292324066,-0.047112319618463516,0.33540821075439453,0.36534997820854187,-0.07120227813720703,0.31862926483154297,0.2939836382865906,-0.09272534400224686,0.30862724781036377,0.22960829734802246,-0.1119026467204094,0.4410190284252167,0.452263206243515,-0.041408341377973557,0.4179684519767761,0.3269934058189392,-0.06430421769618988,0.4105558395385742,0.25073713064193726,-0.08659415692090988,0.4069742262363434,0.1808060109615326,-0.10334170609712601,0.5006972551345825,0.46318355202674866,-0.042128633707761765,0.5151677131652832,0.3587394952774048,-0.08550495654344559,0.5248914957046509,0.288178950548172,-0.11991105228662491,0.5347352027893066,0.21904994547367096,-0.1418527215719223,0.5571533441543579,0.5016970038414001,-0.045983605086803436,0.5710089206695557,0.4373285174369812,-0.09093130379915237,0.5581932663917542,0.46583807468414307,-0.10043781995773315,0.5452551245689392,0.5048971176147461,-0.10333924740552902,W
0.6362403035163879,0.906516432762146,6.501747407128278e-08,0.571046769618988,0.8547021150588989,-0.06078052893280983,0.5502387285232544,0.7692098021507263,-0.07864511758089066,0.617135763168335,0.6999194622039795,-0.0874583050608635,0.6912208795547485,0.6701436638832092,-0.09424803406000137,0.5469915270805359,0.6343345642089844,-0.02585410326719284,0.517624020576477,0.5281335711479187,-0.044109102338552475,0.5082756280899048,0.4593859910964966,-0.06551861763000488,0.5042559504508972,0.3993763327598572,-0.08572163432836533,0.6091583371162415,0.6238852143287659,-0.017773950472474098,0.5968852639198303,0.501664400100708,-0.030756665393710136,0.5970008969306946,0.4319549798965454,-0.05054345726966858,0.6018030643463135,0.3713516294956207,-0.06706670671701431,0.6659730076789856,0.6451858282089233,-0.01792408898472786,0.6859250664710999,0.5406438112258911,-0.05208635702729225,0.7040529251098633,0.47210466861724854,-0.08669258654117584,0.7209973335266113,0.4076533913612366,-0.11075694113969803,0.7163273096084595,0.6928919553756714,-0.022074276581406593,0.7382229566574097,0.629472017288208,-0.06475427001714706,0.733893632888794,0.6443991661071777,-0.07923014461994171,0.7240925431251526,0.6675621867179871,-0.08620070666074753,W
0.5130031704902649,0.6884862780570984,1.2500059654030338e-07,0.4752904772758484,0.6606370210647583,-0.0488787516951561,0.4726772606372833,0.60655277967453,-0.0656355619430542,0.5232049226760864,0.5591351389884949,-0.07474560290575027,0.5730175375938416,0.5298089385032654,-0.08175022155046463,0.45232123136520386,0.5046150088310242,-0.03542732819914818,0.4402494728565216,0.42725661396980286,-0.052507515996694565,0.43957534432411194,0.37516260147094727,-0.06860078126192093,0.4411470890045166,0.33023881912231445,-0.08334585279226303,0.49574968218803406,0.4930972158908844,-0.026486776769161224,0.48894035816192627,0.401691734790802,-0.04173518344759941,0.49247807264328003,0.34747129678726196,-0.05874261632561684,0.4954107105731964,0.3001243472099304,-0.07216312736272812,0.5364218950271606,0.5076520442962646,-0.022357987239956856,0.554858386516571,0.4297126531600952,-0.04918467998504639,0.5734753012657166,0.3848848342895508,-0.07314841449260712,0.5846447944641113,0.34047818183898926,-0.0895649716258049,0.569977879524231,0.5405720472335815,-0.021173015236854553,0.5958587527275085,0.5051618218421936,-0.052712470293045044,0.6016556024551392,0.5072641372680664,-0.06549874693155289,0.5985037088394165,0.5120635032653809,-0.0720691978931427,W
0.5308355689048767,0.8489830493927002,1.642712561533699e-07,0.4868001937866211,0.8176931142807007,-0.05639384314417839,0.47838711738586426,0.7553195357322693,-0.07516537606716156,0.5337933301925659,0.7012191414833069,-0.08638916164636612,0.5908598899841309,0.6658264994621277,-0.09619197249412537,0.4455111026763916,0.6295984387397766,-0.02696576528251171,0.4251807630062103,0.5453649759292603,-0.04493636265397072,0.4229099154472351,0.4874746799468994,-0.06528501212596893,0.42379748821258545,0.4375413656234741,-0.08414793014526367,0.49931827187538147,0.6149982213973999,-0.019274214282631874,0.48453545570373535,0.5167855024337769,-0.035921983420848846,0.4858787953853607,0.45684054493904114,-0.05838129669427872,0.48896855115890503,0.4008844494819641,-0.07608867436647415,0.5511730909347534,0.6292597651481628,-0.018554775044322014,0.5679721832275391,0.5414807796478271,-0.054503098130226135,0.5845038294792175,0.4933916926383972,-0.08638875186443329,0.5965235829353333,0.44363629817962646,-0.10744763910770416,0.5982928276062012,0.6653468608856201,-0.020999301224946976,0.619488000869751,0.6158692836761475,-0.06392812728881836,0.6151145100593567,0.640342652797699,-0.07808486372232437,0.6069976687431335,0.667432427406311,-0.08435074985027313,W
0.5373503565788269,0.8894389867782593,9.804779921296358e-08,0.4869955778121948,0.855431079864502,-0.06648233532905579,0.48145925998687744,0.7956323623657227,-0.09306198358535767,0.5510376691818237,0.7544274926185608,-0.10815341770648956,0.6195842623710632,0.7363057732582092,-0.12091124802827835,0.49244382977485657,0.6641088128089905,-0.06409620493650436,0.4826241135597229,0.5681423544883728,-0.09135973453521729,0.48609986901283264,0.506603479385376,-0.11380857229232788,0.493507444858551,0.4523129463195801,-0.13317975401878357,0.5519194602966309,0.6559267044067383,-0.05409996584057808,0.5606459379196167,0.5441286563873291,-0.08018160611391068,0.5753841400146484,0.4838186204433441,-0.10057909786701202,0.5898886322975159,0.4284933805465698,-0.11576533317565918,0.6030371785163879,0.6773184537887573,-0.05010288208723068,0.638930082321167,0.5919670462608337,-0.0919857770204544,0.6699904799461365,0.541081428527832,-0.12080390006303787,0.696002185344696,0.48663586378097534,-0.13869300484657288,0.6426881551742554,0.7236113548278809,-0.04986170306801796,0.6788282990455627,0.6758074760437012,-0.09098885953426361,0.669329047203064,0.6964342594146729,-0.09953919798135757,0.6507025957107544,0.7222684621810913,-0.1020227000117302,W
0.6884987354278564,0.9749921560287476,1.8531029866153403e-07,0.6474374532699585,0.9399769902229309,-0.05683969706296921,0.6480118036270142,0.8883456587791443,-0.07821346074342728,0.7156522274017334,0.8565130829811096,-0.09065451472997665,0.7781450152397156,0.8407046794891357,-0.10156336426734924,0.6494669318199158,0.7679104208946228,-0.04037978872656822,0.6464925408363342,0.6834689378738403,-0.05898081511259079,0.6545062065124512,0.6289575099945068,-0.07691755890846252,0.6634719371795654,0.5812618732452393,-0.0933867022395134,0.7039323449134827,0.7643357515335083,-0.03122558258473873,0.7148310542106628,0.6676219701766968,-0.047997377812862396,0.7288827896118164,0.6141186356544495,-0.06683924049139023,0.744874119758606,0.5628020167350769,-0.08171072602272034,0.7497469782829285,0.7870240211486816,-0.027889443561434746,0.783726692199707,0.7109158635139465,-0.06257431954145432,0.8112351894378662,0.6656085252761841,-0.09189896285533905,0.836520791053772,0.6159286499023438,-0.11134760826826096,0.7854653596878052,0.8297170400619507,-0.027516299858689308,0.8185954093933105,0.7949948310852051,-0.06570546329021454,0.8117351531982422,0.8182352781295776,-0.077095165848732,0.7995970249176025,0.842089056968689,-0.08211228996515274,W
0.44191667437553406,0.8503105640411377,-6.280522057977578e-08,0.38464435935020447,0.7902920246124268,-0.059151310473680496,0.3662866950035095,0.7015305161476135,-0.07438058406114578,0.4336131513118744,0.6318792104721069,-0.0811474472284317,0.5076078176498413,0.6014621257781982,-0.08665993809700012,0.357533723115921,0.5774617791175842,-0.0301072895526886,0.3239344358444214,0.4654701054096222,-0.04930619150400162,0.31380385160446167,0.3927362561225891,-0.07067704945802689,0.3114577531814575,0.3310156464576721,-0.0905504897236824,0.42196375131607056,0.5655524730682373,-0.021647244691848755,0.407470703125,0.4339308738708496,-0.035204555839300156,0.4062331020832062,0.35685351490974426,-0.05462021380662918,0.4083007574081421,0.29408514499664307,-0.07244827598333359,0.4815724492073059,0.5818182229995728,-0.021025529131293297,0.5082049369812012,0.47004514932632446,-0.05513211712241173,0.5264074206352234,0.40398621559143066,-0.08894068002700806,0.5434808731079102,0.34581902623176575,-0.11359526216983795,0.5353139042854309,0.6235373616218567,-0.024356035515666008,0.5526025891304016,0.5617613196372986,-0.06623979657888412,0.5494619607925415,0.572601854801178,-0.08166618645191193,0.5427479147911072,0.5944353342056274,-0.09045714884996414,W
0.5914637446403503,0.809554934501648,1.5660518215554475e-07,0.5320714116096497,0.7610751390457153,-0.06325852125883102,0.5166457891464233,0.6797444820404053,-0.0811230018734932,0.5824772119522095,0.6130948662757874,-0.08932969719171524,0.6526980996131897,0.5810431838035583,-0.09588693082332611,0.4895821809768677,0.5559797883033752,-0.032651472836732864,0.4582136869430542,0.4517337381839752,-0.05453120917081833,0.449341356754303,0.3814091682434082,-0.07750439643859863,0.4445490837097168,0.32012632489204407,-0.09796115010976791,0.5536676645278931,0.541153073310852,-0.02372058853507042,0.538264274597168,0.42369070649147034,-0.04252191632986069,0.5371471047401428,0.35055774450302124,-0.0674528256058693,0.5362763404846191,0.2864983081817627,-0.08694522082805634,0.6137611269950867,0.5557031631469727,-0.022607561200857162,0.6309745907783508,0.45347750186920166,-0.06285993754863739,0.6456736326217651,0.38544994592666626,-0.10149034857749939,0.6568688154220581,0.3223719000816345,-0.12711173295974731,0.668208122253418,0.594893217086792,-0.025285881012678146,0.6879058480262756,0.5367125868797302,-0.07249099016189575,0.6817049980163574,0.5592767000198364,-0.0887937992811203,0.6707382202148438,0.5922114849090576,-0.09604568779468536,W
0.5640600919723511,1.0901882648468018,-3.515197306569462e-07,0.4512244164943695,1.035050392150879,-0.07771565020084381,0.4041259288787842,0.941152811050415,-0.10210402309894562,0.477727472782135,0.8144544363021851,-0.10561463981866837,0.5808655619621277,0.7365802526473999,-0.10463391244411469,0.35090282559394836,0.7220727801322937,-0.09098374098539352,0.268627405166626,0.5430517792701721,-0.1297660619020462,0.22525909543037415,0.43855762481689453,-0.1577904373407364,0.194472998380661,0.3425610363483429,-0.17954577505588531,0.45418885350227356,0.6865735054016113,-0.07607642561197281,0.3865011930465698,0.48235374689102173,-0.11441300809383392,0.35070905089378357,0.38064152002334595,-0.13647803664207458,0.3248414397239685,0.2733091413974762,-0.15173693001270294,0.5523665547370911,0.7032477855682373,-0.06578941643238068,0.5474269986152649,0.5328645706176758,-0.14244572818279266,0.5449765920639038,0.4181699752807617,-0.18101680278778076,0.5437077283859253,0.2958860993385315,-0.19856707751750946,0.6342484354972839,0.7712143063545227,-0.054603662341833115,0.6344195008277893,0.6661257147789001,-0.09783391654491425,0.6241578459739685,0.7235363721847534,-0.07711765170097351,0.6058024764060974,0.7997058033943176,-0.058200281113386154,W
0.6213635802268982,0.8780536651611328,1.1420696210961978e-07,0.568378210067749,0.8322000503540039,-0.06742797791957855,0.5599765777587891,0.759516179561615,-0.0897793099284172,0.6343877911567688,0.7072506546974182,-0.10301162302494049,0.7079631686210632,0.679300844669342,-0.1152101680636406,0.5426574349403381,0.6074592471122742,-0.03251368924975395,0.5221003293991089,0.5061332583427429,-0.05553914234042168,0.5214523077011108,0.43911027908325195,-0.0812574252486229,0.5248744487762451,0.38083866238594055,-0.10477098822593689,0.6105489134788513,0.5974242091178894,-0.024485258385539055,0.6033000349998474,0.4783087372779846,-0.04398705065250397,0.6078557372093201,0.40839797258377075,-0.07011905312538147,0.6165415048599243,0.3426034450531006,-0.09113248437643051,0.6715119481086731,0.6206165552139282,-0.02520526759326458,0.699131965637207,0.5156880021095276,-0.0681535005569458,0.7183350920677185,0.45704981684684753,-0.1059328243136406,0.7370076179504395,0.3938484787940979,-0.1312406212091446,0.7223067283630371,0.6720593571662903,-0.02987557277083397,0.748102605342865,0.61025071144104,-0.07984239608049393,0.7372792363166809,0.6396796703338623,-0.09465987235307693,0.7252089381217957,0.6710919141769409,-0.10124001652002335,W
0.3091681897640228,0.8324991464614868,-1.1182574866097639e-07,0.2862634062767029,0.7886621952056885,-0.05506506562232971,0.3034142851829529,0.7208952903747559,-0.06555397808551788,0.36455225944519043,0.6721222400665283,-0.0644807294011116,0.4218795895576477,0.6463764905929565,-0.06218793988227844,0.2835255265235901,0.624026894569397,-0.03870236501097679,0.2801031470298767,0.5420565605163574,-0.052808865904808044,0.2856082022190094,0.4922477602958679,-0.06742041558027267,0.29387766122817993,0.4480385184288025,-0.08069862425327301,0.33124613761901855,0.6210739016532898,-0.023577146232128143,0.3336194157600403,0.5213378667831421,-0.02953997813165188,0.33889347314834595,0.46940574049949646,-0.0411631315946579,0.3489249646663666,0.42621856927871704,-0.05296005308628082,0.3740401864051819,0.6386133432388306,-0.014305230230093002,0.40067315101623535,0.5553205013275146,-0.039012741297483444,0.41873010993003845,0.510805070400238,-0.06604868918657303,0.44092345237731934,0.46497106552124023,-0.08681735396385193,0.4068254232406616,0.6727567315101624,-0.008066179230809212,0.4221687316894531,0.6403372883796692,-0.03938113525509834,0.41159895062446594,0.6626269817352295,-0.05133352428674698,0.40428903698921204,0.6857409477233887,-0.05870335176587105,W
0.4467496871948242,0.7728971838951111,4.989782809161625e-08,0.3777100145816803,0.7312929034233093,-0.058746643364429474,0.35282665491104126,0.6551628112792969,-0.07961591333150864,0.41859176754951477,0.5994073152542114,-0.09060508012771606,0.4911850392818451,0.5744978189468384,-0.10062612593173981,0.3658311367034912,0.5219168066978455,-0.046045057475566864,0.33569076657295227,0.4176976680755615,-0.07126346975564957,0.32728445529937744,0.3499649167060852,-0.0936591625213623,0.3242323398590088,0.28877192735671997,-0.11308804899454117,0.4309301972389221,0.5116733908653259,-0.041715435683727264,0.4232867956161499,0.3905312120914459,-0.06687348335981369,0.4252255856990814,0.31935930252075195,-0.08869618922472,0.4290879964828491,0.25376737117767334,-0.10419842600822449,0.48779556155204773,0.5306409597396851,-0.043669648468494415,0.511211633682251,0.43528780341148376,-0.08666248619556427,0.5280454754829407,0.37052345275878906,-0.11729148775339127,0.5457664728164673,0.30609095096588135,-0.13624036312103271,0.5382540822029114,0.5765527486801147,-0.04884253442287445,0.553979218006134,0.5165579319000244,-0.09064792841672897,0.5328505635261536,0.5447700023651123,-0.09601691365242004,0.5133408308029175,0.5810820460319519,-0.09616289287805557,W
0.5036017298698425,0.8050103187561035,1.3987710190122016e-07,0.4496338963508606,0.7712993025779724,-0.06708457320928574,0.444608211517334,0.7046959400177002,-0.09205063432455063,0.5111781358718872,0.6571959853172302,-0.1036774143576622,0.5824980735778809,0.6357244849205017,-0.11474619060754776,0.44484034180641174,0.5781981348991394,-0.06579212844371796,0.42963850498199463,0.48183244466781616,-0.09089798480272293,0.43056634068489075,0.4186430275440216,-0.11146169155836105,0.4363369345664978,0.3607330322265625,-0.12959891557693481,0.5048326253890991,0.5723695755004883,-0.0543782040476799,0.5039597749710083,0.4600367546081543,-0.08078962564468384,0.5119253993034363,0.3964917063713074,-0.10273633152246475,0.526141345500946,0.33367061614990234,-0.11875659972429276,0.5583776831626892,0.5913382172584534,-0.04837126284837723,0.5901060104370117,0.5062351226806641,-0.09578460454940796,0.6138885617256165,0.44969797134399414,-0.13082660734653473,0.6379665732383728,0.38962632417678833,-0.151913121342659,0.6034098267555237,0.6317858695983887,-0.04502543807029724,0.6295466423034668,0.5831577777862549,-0.09206467121839523,0.6107044219970703,0.6140020489692688,-0.10302457958459854,0.5903001427650452,0.6487651467323303,-0.10657738894224167,W
0.6673783659934998,0.9142807126045227,-6.123122489043453e-07,0.5377551317214966,0.8841124176979065,-0.09362918883562088,0.4701883792877197,0.7499338984489441,-0.11774250119924545,0.5473044514656067,0.6253910064697266,-0.12223797291517258,0.6523235440254211,0.5531961917877197,-0.12562662363052368,0.45120036602020264,0.5631399154663086,-0.07978662103414536,0.3606945872306824,0.4193778336048126,-0.11111105978488922,0.3113631308078766,0.3324209451675415,-0.1404745727777481,0.2764890789985657,0.24148347973823547,-0.169674813747406,0.5395714640617371,0.5219188928604126,-0.06901129335165024,0.4606456756591797,0.33684593439102173,-0.09567995369434357,0.4164237976074219,0.23710781335830688,-0.12121036648750305,0.38799846172332764,0.13742133975028992,-0.14512629806995392,0.6305354833602905,0.5234401822090149,-0.06841479986906052,0.6351729035377502,0.35433274507522583,-0.13556092977523804,0.6326486468315125,0.25234994292259216,-0.1871519833803177,0.6322999000549316,0.1431458592414856,-0.22203513979911804,0.7267398834228516,0.568059504032135,-0.0717751532793045,0.7278003692626953,0.4540695548057556,-0.14332744479179382,0.709027111530304,0.5098927021026611,-0.15697675943374634,0.6889403462409973,0.5732213854789734,-0.16309866309165955,W
0.6191072463989258,0.9518328905105591,-3.409314501823246e-07,0.5247344970703125,0.922177791595459,-0.12022639065980911,0.4906957745552063,0.8174924254417419,-0.1628149449825287,0.561592161655426,0.7135319709777832,-0.1795019656419754,0.649114191532135,0.6399189829826355,-0.19461743533611298,0.44635558128356934,0.6355389952659607,-0.13300584256649017,0.37150755524635315,0.495222270488739,-0.18306539952754974,0.3294193744659424,0.40891939401626587,-0.22113937139511108,0.3000286817550659,0.32562920451164246,-0.2525041997432709,0.5329597592353821,0.6039127707481384,-0.1095588430762291,0.4629902243614197,0.4251382350921631,-0.15226596593856812,0.42140382528305054,0.33471524715423584,-0.18275803327560425,0.39354825019836426,0.24384969472885132,-0.20926925539970398,0.621416449546814,0.6073490381240845,-0.0972852110862732,0.6368831396102905,0.4529869854450226,-0.180625319480896,0.6439520716667175,0.36249786615371704,-0.23938244581222534,0.646171510219574,0.2634264826774597,-0.27684691548347473,0.7079584002494812,0.6460182666778564,-0.08950167149305344,0.719287633895874,0.5437337160110474,-0.1685139536857605,0.7089454531669617,0.6010019779205322,-0.1865072399377823,0.689013659954071,0.6663191318511963,-0.19603903591632843,W
0.4790656864643097,0.6557174921035767,1.581188655563892e-07,0.422427237033844,0.6237627267837524,-0.05733456090092659,0.404447078704834,0.5584222078323364,-0.07794514298439026,0.46062374114990234,0.5025667548179626,-0.0899641290307045,0.5189928412437439,0.47366368770599365,-0.1010395810008049,0.3861228823661804,0.4540877640247345,-0.04490317404270172,0.3599669933319092,0.3673942983150482,-0.068196140229702,0.3531390130519867,0.3088996112346649,-0.08959401398897171,0.3484715223312378,0.255165696144104,-0.1082112193107605,0.4392578899860382,0.4366464912891388,-0.03643592819571495,0.42536208033561707,0.3359149992465973,-0.05663110315799713,0.424977570772171,0.27432554960250854,-0.07790493965148926,0.42474862933158875,0.21740630269050598,-0.09436749666929245,0.48856475949287415,0.446241557598114,-0.03354461491107941,0.4996331036090851,0.36016732454299927,-0.0681411623954773,0.5132777690887451,0.3050197660923004,-0.09774039685726166,0.5227582454681396,0.2515510320663452,-0.11777779459953308,0.5313647389411926,0.4768142104148865,-0.03425944596529007,0.5490354895591736,0.4306342601776123,-0.07376325875520706,0.5518185496330261,0.4482685327529907,-0.08677931874990463,0.5491259694099426,0.47112947702407837,-0.09278076887130737,W
0.5044695734977722,1.056074857711792,-1.194859464703768e-07,0.4184107780456543,1.0408490896224976,-0.10043410211801529,0.3948317766189575,0.9428700804710388,-0.1403149664402008,0.46934908628463745,0.8377285003662109,-0.15898694097995758,0.5685176849365234,0.7575361728668213,-0.1773238480091095,0.34619128704071045,0.7291817665100098,-0.11085441708564758,0.2791709303855896,0.5704197287559509,-0.15255416929721832,0.24830612540245056,0.4674808979034424,-0.18215852975845337,0.22751042246818542,0.37172168493270874,-0.2071915715932846,0.4363658130168915,0.6919716596603394,-0.0944119393825531,0.38787978887557983,0.5108177661895752,-0.13190828263759613,0.36440402269363403,0.4137025475502014,-0.1586247980594635,0.3535614013671875,0.3131387233734131,-0.17843878269195557,0.5256613492965698,0.6996199488639832,-0.0856964960694313,0.5476779341697693,0.554930567741394,-0.16143648326396942,0.5572196841239929,0.4560620188713074,-0.21043947339057922,0.5696248412132263,0.34545740485191345,-0.23976662755012512,0.6068557500839233,0.7466363906860352,-0.07927343994379044,0.6180623173713684,0.6798775792121887,-0.14976388216018677,0.5950447916984558,0.7474281191825867,-0.1565086990594864,0.575922429561615,0.8172894716262817,-0.1549643576145172,W
0.5256848335266113,1.01859450340271,-1.3444646640436986e-07,0.4287107586860657,0.9831631183624268,-0.10791146755218506,0.39879387617111206,0.8699896335601807,-0.1434093415737152,0.4717932641506195,0.7419768571853638,-0.1557738333940506,0.5661252737045288,0.6530882716178894,-0.168021097779274,0.33286619186401367,0.653619110584259,-0.10606203973293304,0.25327906012535095,0.4798559546470642,-0.1430741548538208,0.2135053277015686,0.37358954548835754,-0.1720229983329773,0.18812426924705505,0.27285951375961304,-0.19778606295585632,0.4325393736362457,0.623028039932251,-0.08488170057535172,0.3726804852485657,0.42652708292007446,-0.11639951169490814,0.3438641428947449,0.325558602809906,-0.1462792158126831,0.33088117837905884,0.2234663963317871,-0.170720174908638,0.529047429561615,0.6357892155647278,-0.07253680378198624,0.5389160513877869,0.4662770628929138,-0.15098194777965546,0.5440978407859802,0.3570684790611267,-0.21246540546417236,0.553143322467804,0.23985111713409424,-0.2511425316333771,0.6142077445983887,0.6837170124053955,-0.06213501840829849,0.6211598515510559,0.5938419103622437,-0.13967785239219666,0.6070446372032166,0.6613780856132507,-0.15500691533088684,0.5928851366043091,0.7340726852416992,-0.15991158783435822,W
0.7838189601898193,0.9322632551193237,-5.648881895581326e-08,0.6987558603286743,0.8899800181388855,-0.08372311294078827,0.6719468235969543,0.7905133366584778,-0.10545153170824051,0.7415667772293091,0.6968816518783569,-0.11158713698387146,0.8184118270874023,0.6317474842071533,-0.11515439301729202,0.6329578757286072,0.6320114731788635,-0.04962480813264847,0.5758737921714783,0.5115012526512146,-0.07321412116289139,0.5495533347129822,0.4300784468650818,-0.09610863029956818,0.533647894859314,0.35725343227386475,-0.11797581613063812,0.7042319774627686,0.6060638427734375,-0.03516697883605957,0.657811164855957,0.4588979482650757,-0.057779040187597275,0.6372779607772827,0.3767021596431732,-0.08198915421962738,0.6247586607933044,0.303157240152359,-0.1011180430650711,0.7750017046928406,0.61552494764328,-0.03078128769993782,0.786603569984436,0.48660948872566223,-0.0836649015545845,0.792768657207489,0.40571129322052,-0.12785473465919495,0.7993136048316956,0.32594335079193115,-0.1568986177444458,0.843078076839447,0.6567988395690918,-0.030890803784132004,0.8509177565574646,0.5846266150474548,-0.09096765518188477,0.8371421098709106,0.6257876753807068,-0.10841551423072815,0.8237435817718506,0.6726717352867126,-0.11602675914764404,W
0.5971387028694153,0.8802093863487244,6.155974574539869e-08,0.5054636597633362,0.8392845988273621,-0.08048273622989655,0.4674836993217468,0.7417840957641602,-0.10567407310009003,0.5349129438400269,0.6431874632835388,-0.1171492338180542,0.610637366771698,0.5716707110404968,-0.12687653303146362,0.43046075105667114,0.5809134840965271,-0.049240775406360626,0.3655288815498352,0.46069908142089844,-0.07617304474115372,0.33585983514785767,0.3785242736339569,-0.1024164929986,0.31568509340286255,0.3018699288368225,-0.12659651041030884,0.499969482421875,0.5518035292625427,-0.03906331583857536,0.44972842931747437,0.4092147946357727,-0.06804200261831284,0.4284001588821411,0.3226032853126526,-0.09866631776094437,0.4113095998764038,0.24309614300727844,-0.12119359523057938,0.5686495900154114,0.5600985288619995,-0.03795613721013069,0.5728047490119934,0.4347827136516571,-0.0948195606470108,0.5737380385398865,0.3507755994796753,-0.14079980552196503,0.5741904973983765,0.26757416129112244,-0.17021459341049194,0.6355715990066528,0.6024730205535889,-0.040968164801597595,0.6343596577644348,0.5310121774673462,-0.10216274857521057,0.6248656511306763,0.5780725479125977,-0.11776605248451233,0.6196987628936768,0.63136225938797,-0.12342269718647003,W
0.567237138748169,1.049828052520752,-2.1683237605429895e-07,0.47881585359573364,1.0071438550949097,-0.10674003511667252,0.45140135288238525,0.8869760632514954,-0.13930456340312958,0.5253560543060303,0.7615966200828552,-0.14986467361450195,0.6209055185317993,0.6741181015968323,-0.158553346991539,0.3931276202201843,0.6848748326301575,-0.09618482738733292,0.3226314187049866,0.5146915316581726,-0.12928155064582825,0.2903771698474884,0.41192200779914856,-0.15411119163036346,0.2718835771083832,0.3158644735813141,-0.17788629233837128,0.4882287383079529,0.657382071018219,-0.07547418773174286,0.4351091980934143,0.46404504776000977,-0.10508367419242859,0.4099225699901581,0.36321306228637695,-0.1301053911447525,0.39891016483306885,0.263597697019577,-0.15191343426704407,0.5817104578018188,0.6705790162086487,-0.06535150110721588,0.5907306671142578,0.5042586326599121,-0.1362224668264389,0.5986741185188293,0.3967713713645935,-0.19148759543895721,0.6090028285980225,0.2842531204223633,-0.227325901389122,0.6682382225990295,0.7191172242164612,-0.05876714736223221,0.6729764938354492,0.6152939796447754,-0.1301664113998413,0.6588358879089355,0.6612597703933716,-0.14758311212062836,0.6432176232337952,0.7149547934532166,-0.15567420423030853,W
0.5372969508171082,1.0669841766357422,-2.550793567479559e-07,0.4355353116989136,1.022415041923523,-0.11173200607299805,0.4011382460594177,0.9111031293869019,-0.15066809952259064,0.48082053661346436,0.7789213061332703,-0.16357789933681488,0.5896729826927185,0.6919154524803162,-0.17181138694286346,0.34959572553634644,0.6813381314277649,-0.11498692631721497,0.27742570638656616,0.5049379467964172,-0.15633758902549744,0.23907503485679626,0.40100881457328796,-0.18540634214878082,0.2157594859600067,0.30236202478408813,-0.20928627252578735,0.4534621238708496,0.6503576636314392,-0.09008388966321945,0.3963192105293274,0.441500186920166,-0.12948743999004364,0.36620068550109863,0.33644115924835205,-0.14964453876018524,0.3509586453437805,0.22803443670272827,-0.16442209482192993,0.5515840649604797,0.6648886203765869,-0.07507528364658356,0.5563648343086243,0.4918197989463806,-0.16250766813755035,0.5603979825973511,0.38149476051330566,-0.21068669855594635,0.5676251649856567,0.2593797445297241,-0.23471303284168243,0.6394479274749756,0.7228056192398071,-0.062087398022413254,0.6523012518882751,0.604021430015564,-0.12660661339759827,0.6312481760978699,0.6715875267982483,-0.12135893106460571,0.6050541400909424,0.752415120601654,-0.11223432421684265,W
0.43558767437934875,0.8023922443389893,-9.7646255525774e-09,0.375652551651001,0.737549364566803,-0.061480261385440826,0.3615410625934601,0.6441158056259155,-0.07871812582015991,0.4374575614929199,0.5761747360229492,-0.08729380369186401,0.5146872401237488,0.5451030731201172,-0.09405077993869781,0.36043375730514526,0.5209155082702637,-0.026899440214037895,0.338113933801651,0.4027644693851471,-0.047360461205244064,0.3359082043170929,0.32790929079055786,-0.0700187012553215,0.33913934230804443,0.26463544368743896,-0.09085657447576523,0.42746710777282715,0.5136113166809082,-0.01872478798031807,0.4226033091545105,0.3821636438369751,-0.0364186055958271,0.4256773591041565,0.3077521324157715,-0.05963005870580673,0.42962390184402466,0.2450188398361206,-0.07866035401821136,0.4871801435947418,0.5354068279266357,-0.018906842917203903,0.5173336863517761,0.42188578844070435,-0.05750400945544243,0.5361412763595581,0.3556720018386841,-0.09352870285511017,0.5517794489860535,0.29535478353500366,-0.1182369515299797,0.5403947234153748,0.582813560962677,-0.02302417904138565,0.5675133466720581,0.5117164850234985,-0.06882797926664352,0.5554795265197754,0.5295252203941345,-0.08401954174041748,0.5387965440750122,0.5584821701049805,-0.09146062284708023,W
0.36181190609931946,0.6438581943511963,9.619179230924146e-09,0.3281741440296173,0.6048916578292847,-0.051961589604616165,0.33183276653289795,0.5427484512329102,-0.06471894681453705,0.39089757204055786,0.49571019411087036,-0.06848663836717606,0.44408583641052246,0.4658295512199402,-0.07074356079101562,0.31235671043395996,0.44844454526901245,-0.031199000775814056,0.30006861686706543,0.3703797161579132,-0.047395188361406326,0.3011642098426819,0.3201400637626648,-0.06381206214427948,0.3039536476135254,0.2740978002548218,-0.07860854268074036,0.3591468632221222,0.4396718740463257,-0.019604213535785675,0.3522966802120209,0.345994234085083,-0.030988937243819237,0.3563075065612793,0.2940441966056824,-0.045840535312891006,0.3613075315952301,0.24820218980312347,-0.05848788470029831,0.40120264887809753,0.45396795868873596,-0.013952385634183884,0.41922324895858765,0.3757651746273041,-0.04004359617829323,0.4339766502380371,0.3341135084629059,-0.06360596418380737,0.44849884510040283,0.2906665802001953,-0.08066251128911972,0.435363233089447,0.48590680956840515,-0.011807209812104702,0.44627147912979126,0.4510839581489563,-0.04465463012456894,0.44087713956832886,0.4663291573524475,-0.05609116703271866,0.4381653070449829,0.48273807764053345,-0.06192036345601082,W
0.4659929573535919,0.7518702745437622,-4.1385977311847455e-08,0.4259674549102783,0.7040350437164307,-0.05713528022170067,0.4160199761390686,0.6360895037651062,-0.07436218857765198,0.4706514775753021,0.5817369222640991,-0.08260273933410645,0.5309462547302246,0.5540961623191833,-0.08820384740829468,0.40384477376937866,0.5281991362571716,-0.03444969654083252,0.3852396607398987,0.43742790818214417,-0.05061083287000656,0.3827318847179413,0.3803480565547943,-0.06827997416257858,0.384604811668396,0.3312375545501709,-0.08492755144834518,0.456157386302948,0.5162573456764221,-0.022683991119265556,0.4432583451271057,0.409601092338562,-0.03284600377082825,0.44329315423965454,0.3535225987434387,-0.04842827469110489,0.44515925645828247,0.3078427314758301,-0.06362563371658325,0.5034204721450806,0.5299960374832153,-0.017632100731134415,0.5181640386581421,0.43999865651130676,-0.04336833208799362,0.5340715646743774,0.39346203207969666,-0.06908126175403595,0.5456434488296509,0.34768813848495483,-0.08878692239522934,0.5435431599617004,0.5633244514465332,-0.01674119010567665,0.5654202699661255,0.5145227313041687,-0.048412568867206573,0.5664334297180176,0.5271497368812561,-0.06010022386908531,0.5593962073326111,0.5449050664901733,-0.06704597920179367,W
0.6008140444755554,1.0560572147369385,-5.602258283943229e-07,0.5048462748527527,1.028787612915039,-0.08502219617366791,0.4595452845096588,0.9339146614074707,-0.11486298590898514,0.5151835680007935,0.8315751552581787,-0.1268051117658615,0.5987995266914368,0.7583554983139038,-0.13700415194034576,0.43498414754867554,0.762180745601654,-0.09404873102903366,0.3527079224586487,0.6298861503601074,-0.13039779663085938,0.3088361322879791,0.549652099609375,-0.15707933902740479,0.2783927023410797,0.4700770080089569,-0.18011002242565155,0.5164074897766113,0.7242247462272644,-0.08240415155887604,0.44836997985839844,0.5517942905426025,-0.11677701026201248,0.4086737632751465,0.46210819482803345,-0.137144535779953,0.38551002740859985,0.3699522316455841,-0.15463542938232422,0.5976501107215881,0.7254295945167542,-0.07816211879253387,0.5936149954795837,0.5740720629692078,-0.1467321515083313,0.5869436860084534,0.4777161478996277,-0.1868278682231903,0.5841931700706482,0.37243324518203735,-0.21109789609909058,0.674564003944397,0.7648423910140991,-0.07617746293544769,0.6788199543952942,0.6620873212814331,-0.13251912593841553,0.6641964912414551,0.7127612829208374,-0.13317103683948517,0.6463006734848022,0.7744872570037842,-0.13111095130443573,W
0.7083253264427185,0.8553218841552734,-6.779956720492919e-07,0.6280997395515442,0.7924572229385376,-0.0656190738081932,0.5758546590805054,0.702505886554718,-0.11430191248655319,0.6358556151390076,0.6246925592422485,-0.16071653366088867,0.7242156267166138,0.5781082510948181,-0.19325000047683716,0.5771138668060303,0.4853037893772125,-0.054710112512111664,0.5522650480270386,0.3402293026447296,-0.14037734270095825,0.5762113928794861,0.2969602346420288,-0.17895646393299103,0.5991058349609375,0.3221011459827423,-0.19411657750606537,0.6706500053405762,0.48343798518180847,-0.055396631360054016,0.6835538148880005,0.47960352897644043,-0.15013077855110168,0.6654877662658691,0.5906106233596802,-0.15386784076690674,0.6558143496513367,0.6238574981689453,-0.13410906493663788,0.7573614716529846,0.5153560638427734,-0.07131405919790268,0.7617254257202148,0.5638354420661926,-0.15922820568084717,0.7285537123680115,0.6533519625663757,-0.1343821883201599,0.7162414789199829,0.650251030921936,-0.09942738711833954,0.8322207927703857,0.5698890686035156,-0.09543843567371368,0.8264901638031006,0.6359638571739197,-0.15973429381847382,0.7877044081687927,0.6982426047325134,-0.15704770386219025,0.7681064605712891,0.6857918500900269,-0.1406039446592331,X
0.515886127948761,0.7328624725341797,-3.3784309039219806e-07,0.4678281843662262,0.6786026954650879,-0.025904709473252296,0.4480145573616028,0.6078563928604126,-0.04057389870285988,0.48238956928253174,0.5653467178344727,-0.056381866335868835,0.5336488485336304,0.5557048916816711,-0.0695437341928482,0.45708656311035156,0.5171548128128052,-0.006090801674872637,0.4479089677333832,0.4450075626373291,-0.0293579064309597,0.45015406608581543,0.41736987233161926,-0.044473543763160706,0.45824575424194336,0.40086254477500916,-0.05488098785281181,0.512385368347168,0.5241711139678955,-0.007384095340967178,0.5216121673583984,0.49430927634239197,-0.04443509131669998,0.5129153728485107,0.551008403301239,-0.05710652098059654,0.5031893253326416,0.5915578007698059,-0.05733992159366608,0.5626552700996399,0.5472162961959839,-0.01337367668747902,0.5680811405181885,0.5382471084594727,-0.05558573082089424,0.5505603551864624,0.5923829078674316,-0.054770082235336304,0.5351648330688477,0.6293504238128662,-0.04342825338244438,0.6026527285575867,0.5789220333099365,-0.02115662954747677,0.6067711710929871,0.5717372894287109,-0.05102655291557312,0.5853515267372131,0.6139803528785706,-0.04793494939804077,0.5677022933959961,0.6461358666419983,-0.03829895704984665,X
0.4221591055393219,0.7992987036705017,-3.9914948501973413e-07,0.36495038866996765,0.7523980736732483,-0.04006538540124893,0.3364354968070984,0.6913034915924072,-0.06386569887399673,0.37652796506881714,0.6503692865371704,-0.08543338626623154,0.4322666823863983,0.6339771151542664,-0.09987366944551468,0.34205326437950134,0.5679388642311096,-0.02589965984225273,0.33368778228759766,0.48234525322914124,-0.07324995845556259,0.34382498264312744,0.458543986082077,-0.09694942086935043,0.3494700789451599,0.46366792917251587,-0.10729066282510757,0.4008980989456177,0.5719954967498779,-0.025251034647226334,0.40812548995018005,0.546125590801239,-0.07979599386453629,0.39306652545928955,0.6132389307022095,-0.08631403744220734,0.38262951374053955,0.6401598453521729,-0.07683327049016953,0.45381590723991394,0.5923784971237183,-0.03332185372710228,0.4557197391986847,0.6049806475639343,-0.08792903274297714,0.42996299266815186,0.6668029427528381,-0.07621113210916519,0.419911652803421,0.676339328289032,-0.05446992814540863,0.49841177463531494,0.626158595085144,-0.04560265317559242,0.4936632215976715,0.6453855037689209,-0.08269902318716049,0.4681161940097809,0.68973308801651,-0.0771748498082161,0.45579278469085693,0.6950497627258301,-0.06368915736675262,X
0.3119918704032898,0.6290886402130127,-2.9462449901984655e-07,0.26586392521858215,0.5884672403335571,-0.03415793925523758,0.23905426263809204,0.5361949801445007,-0.057772792875766754,0.27419835329055786,0.4969209134578705,-0.08021518588066101,0.32556408643722534,0.47729378938674927,-0.09611516445875168,0.24140632152557373,0.42241835594177246,-0.022499313578009605,0.22924824059009552,0.3412087559700012,-0.0658889189362526,0.24195405840873718,0.31745466589927673,-0.08615099638700485,0.24989420175552368,0.33138060569763184,-0.09284383058547974,0.2925988435745239,0.42835819721221924,-0.02234240435063839,0.30134469270706177,0.40889972448349,-0.06934082508087158,0.29093673825263977,0.46926349401474,-0.07155951112508774,0.28481802344322205,0.4952167570590973,-0.05982319638133049,0.33829283714294434,0.4487498700618744,-0.030108509585261345,0.3410545587539673,0.45593851804733276,-0.0774211660027504,0.32040590047836304,0.5087369680404663,-0.06191250681877136,0.31299716234207153,0.5197066068649292,-0.03852691873908043,0.37728646397590637,0.4807169735431671,-0.04147031530737877,0.37765955924987793,0.48746025562286377,-0.0735812857747078,0.35644131898880005,0.5262163281440735,-0.06374642997980118,0.34510719776153564,0.5337093472480774,-0.046980567276477814,X
0.437638521194458,0.7863470315933228,-3.848027745334548e-07,0.3802497088909149,0.7556536793708801,-0.041141681373119354,0.34116262197494507,0.700886607170105,-0.07102770358324051,0.3715249300003052,0.6498728394508362,-0.09900373965501785,0.42261287569999695,0.6157928705215454,-0.1188860610127449,0.3352552056312561,0.5617274641990662,-0.03138088062405586,0.3180761933326721,0.46934497356414795,-0.08543868362903595,0.33049464225769043,0.44677603244781494,-0.1107800155878067,0.339754581451416,0.46873122453689575,-0.11908184736967087,0.3917653262615204,0.5620165467262268,-0.03109467774629593,0.40187668800354004,0.548887312412262,-0.0896739661693573,0.392983078956604,0.6212072372436523,-0.09325197339057922,0.38391172885894775,0.6437717080116272,-0.08003699034452438,0.4449288547039032,0.5797626376152039,-0.040262822061777115,0.4511283040046692,0.6004616618156433,-0.09828134626150131,0.4338188171386719,0.6622113585472107,-0.08346157521009445,0.42565014958381653,0.6639927625656128,-0.05913671851158142,0.49135735630989075,0.610482931137085,-0.053457487374544144,0.4906461834907532,0.6339095234870911,-0.09364233911037445,0.47075361013412476,0.6789835095405579,-0.08625787496566772,0.45870691537857056,0.6785479784011841,-0.07011774182319641,X
0.26694023609161377,0.9021636247634888,-8.580946655456501e-07,0.1820628046989441,0.8715234994888306,-0.03784524276852608,0.10677261650562286,0.7954497933387756,-0.06857285648584366,0.12045533210039139,0.7240024209022522,-0.10150139778852463,0.18540185689926147,0.6927281618118286,-0.12496718764305115,0.137566477060318,0.6083106994628906,-0.03342327103018761,0.12718090415000916,0.4894281029701233,-0.10590752959251404,0.1089944839477539,0.47295141220092773,-0.13950733840465546,0.09110990166664124,0.5196778178215027,-0.15099500119686127,0.21375992894172668,0.6028103828430176,-0.040518615394830704,0.1702793389558792,0.5954452753067017,-0.11140206456184387,0.1642109751701355,0.6863913536071777,-0.11131277680397034,0.17661264538764954,0.7177811861038208,-0.09342079609632492,0.2831680476665497,0.6244841814041138,-0.05896598473191261,0.2321368306875229,0.6627256274223328,-0.11772580444812775,0.2197277545928955,0.738615095615387,-0.08820060640573502,0.2308207005262375,0.7446743249893188,-0.055064570158720016,0.34460321068763733,0.6641612648963928,-0.08416599035263062,0.2876536548137665,0.7276407480239868,-0.12345819175243378,0.2725508511066437,0.7800570726394653,-0.11108344048261642,0.28507834672927856,0.7720790505409241,-0.0907386839389801,X
0.47170698642730713,0.6767655611038208,-3.662558469841315e-07,0.40217018127441406,0.6103274822235107,-0.13009963929653168,0.3598098158836365,0.5095086097717285,-0.2248631715774536,0.4116152822971344,0.42465221881866455,-0.306469202041626,0.49227601289749146,0.35402435064315796,-0.369979590177536,0.4425376057624817,0.28262460231781006,-0.17234539985656738,0.4411620497703552,0.136243999004364,-0.29848358035087585,0.48157432675361633,0.13396905362606049,-0.34082266688346863,0.5028829574584961,0.1774621605873108,-0.35155388712882996,0.5398243069648743,0.2952686548233032,-0.1527271717786789,0.5886554718017578,0.3525480031967163,-0.2849825620651245,0.5161886215209961,0.4647618532180786,-0.2813640832901001,0.48389196395874023,0.45308050513267517,-0.25166448950767517,0.6236742734909058,0.342801034450531,-0.15122652053833008,0.641185998916626,0.4383211135864258,-0.28546014428138733,0.5600846409797668,0.5295472145080566,-0.24956148862838745,0.5242477655410767,0.5018565654754639,-0.19919438660144806,0.686030924320221,0.40427660942077637,-0.16102196276187897,0.6786718964576721,0.5036812424659729,-0.25685402750968933,0.610003650188446,0.5705592036247253,-0.24840712547302246,0.5747644901275635,0.5459933280944824,-0.22147832810878754,X
0.5636485815048218,0.6491096615791321,-4.6059136593612493e-07,0.4940968453884125,0.6039527058601379,-0.03875839337706566,0.4552827477455139,0.5375949144363403,-0.05539201945066452,0.48763254284858704,0.47854381799697876,-0.06925706565380096,0.5399607419967651,0.44211798906326294,-0.07681777328252792,0.44379904866218567,0.41831716895103455,-0.01208759006112814,0.4347037076950073,0.3466002643108368,-0.055721964687108994,0.4387131631374359,0.3090466856956482,-0.07888343930244446,0.443002849817276,0.2764703631401062,-0.09268639981746674,0.5031408071517944,0.4153726398944855,-0.01245926134288311,0.5093039274215698,0.3765046000480652,-0.063387431204319,0.5070888996124268,0.4563485383987427,-0.06580256670713425,0.5059747099876404,0.477322518825531,-0.0536671057343483,0.5598105788230896,0.4294270873069763,-0.022562216967344284,0.5633561611175537,0.42808932065963745,-0.080927774310112,0.549767017364502,0.5054352283477783,-0.06578756123781204,0.547950267791748,0.5105010867118835,-0.040525320917367935,0.6083370447158813,0.4565010070800781,-0.03659982606768608,0.6033623814582825,0.4643172025680542,-0.07794028520584106,0.5853139758110046,0.520887553691864,-0.0708998441696167,0.5783446431159973,0.5267370343208313,-0.05638762563467026,X
0.4718858003616333,0.556633710861206,-3.884384227603732e-07,0.41450750827789307,0.5054590106010437,-0.04113290086388588,0.3801944851875305,0.4418610632419586,-0.06936857849359512,0.42014002799987793,0.3901004493236542,-0.09635113179683685,0.4774128496646881,0.3572728633880615,-0.11625654250383377,0.36906930804252625,0.3069889545440674,-0.02826666831970215,0.3493499159812927,0.21170639991760254,-0.07775154709815979,0.36465850472450256,0.17789311707019806,-0.09996289759874344,0.37801188230514526,0.1849900484085083,-0.10831671953201294,0.4342225193977356,0.3095855116844177,-0.03009275533258915,0.4447556138038635,0.2770269811153412,-0.08741755038499832,0.43715736269950867,0.35546422004699707,-0.08937986940145493,0.43204233050346375,0.3907039165496826,-0.07490871846675873,0.49516478180885315,0.3329140841960907,-0.041096996515989304,0.4988662302494049,0.3301629424095154,-0.1003633588552475,0.47786423563957214,0.40057826042175293,-0.0824306383728981,0.4677964746952057,0.4164130389690399,-0.05543508380651474,0.5452045202255249,0.3705497980117798,-0.05605197325348854,0.5415534973144531,0.37558138370513916,-0.09794281423091888,0.5202871561050415,0.4255814254283905,-0.0881325975060463,0.5093086957931519,0.43561720848083496,-0.07020119577646255,X
0.4901226758956909,0.7647870779037476,-6.661076099589991e-07,0.4174441993236542,0.6942225694656372,-0.1071227490901947,0.38525524735450745,0.5893770456314087,-0.18961329758167267,0.4483436942100525,0.5101184844970703,-0.26206204295158386,0.5316760540008545,0.44366103410720825,-0.3164737820625305,0.47522324323654175,0.3563850224018097,-0.15565183758735657,0.489473819732666,0.1897841989994049,-0.27201661467552185,0.5336563587188721,0.19671936333179474,-0.3056633472442627,0.5496806502342224,0.2598435878753662,-0.30810704827308655,0.5794209837913513,0.36866095662117004,-0.1438910812139511,0.6335439085960388,0.4409802556037903,-0.266365110874176,0.5524523258209229,0.5506071448326111,-0.2606585621833801,0.5143983960151672,0.5374792218208313,-0.22960081696510315,0.667651891708374,0.4177134931087494,-0.14682069420814514,0.6879705786705017,0.5255800485610962,-0.27142298221588135,0.5968430042266846,0.6137552261352539,-0.237209290266037,0.558722198009491,0.5818653702735901,-0.1888641119003296,0.7348753809928894,0.4809088408946991,-0.1584797352552414,0.7303968667984009,0.5859386324882507,-0.2448316514492035,0.6536110639572144,0.6523869633674622,-0.23230834305286407,0.6150193810462952,0.6262797117233276,-0.2027321308851242,X
0.4148731231689453,0.7697172164916992,-6.375252610268944e-07,0.3410828411579132,0.7077628970146179,-0.1128077283501625,0.2883622348308563,0.6071990728378296,-0.20109811425209045,0.3363255560398102,0.5277587175369263,-0.2806086540222168,0.42520296573638916,0.4716809093952179,-0.34268811345100403,0.38217365741729736,0.36566099524497986,-0.15188151597976685,0.39116913080215454,0.20180794596672058,-0.27045950293540955,0.4322725236415863,0.20462606847286224,-0.3073389232158661,0.45204150676727295,0.2592901885509491,-0.3131939470767975,0.49185147881507874,0.37855225801467896,-0.13978679478168488,0.5382004380226135,0.44693711400032043,-0.2596692144870758,0.4526556730270386,0.5613987445831299,-0.25117993354797363,0.4172033667564392,0.5482876300811768,-0.21912416815757751,0.5810176134109497,0.43270987272262573,-0.14411915838718414,0.5992741584777832,0.5451756715774536,-0.2696978449821472,0.5047040581703186,0.6364028453826904,-0.23109404742717743,0.4642394185066223,0.6060842275619507,-0.17952047288417816,0.6465584635734558,0.5035456418991089,-0.15821495652198792,0.6402826905250549,0.6099048852920532,-0.2450520247220993,0.5621505975723267,0.6791543960571289,-0.2297123223543167,0.5228860974311829,0.655602753162384,-0.1979818493127823,X
0.7784081697463989,0.6156820058822632,-4.7352148158097407e-07,0.7002840638160706,0.5602409839630127,-0.05252908915281296,0.6443885564804077,0.47846361994743347,-0.08382460474967957,0.6770556569099426,0.39377862215042114,-0.11403899639844894,0.74131840467453,0.34021809697151184,-0.1372356116771698,0.6342809200286865,0.34462130069732666,-0.015311320312321186,0.6141806244850159,0.25269973278045654,-0.06879489123821259,0.6165798902511597,0.20606514811515808,-0.09245268255472183,0.6268675923347473,0.16895776987075806,-0.1052185669541359,0.7061167359352112,0.34167563915252686,-0.015863783657550812,0.7045945525169373,0.28494808077812195,-0.08146140724420547,0.6978960037231445,0.3869609832763672,-0.07922649383544922,0.7038518190383911,0.4150046110153198,-0.058616433292627335,0.7768797278404236,0.3579697012901306,-0.029289018362760544,0.7718377113342285,0.3399547338485718,-0.10312797129154205,0.752119243144989,0.4340205192565918,-0.07818465679883957,0.7541688680648804,0.44327008724212646,-0.04162704572081566,0.8383941650390625,0.3887709379196167,-0.04805036634206772,0.8229026794433594,0.3850991725921631,-0.0947762206196785,0.801047146320343,0.4527106285095215,-0.08062949776649475,0.8000774383544922,0.46071872115135193,-0.05920613184571266,X
0.778145432472229,0.5759061574935913,-3.4303357665521617e-07,0.7042208909988403,0.5097618699073792,-0.052130863070487976,0.6556699275970459,0.4222565293312073,-0.07813174277544022,0.6934429407119751,0.3324817419052124,-0.10230801999568939,0.7596059441566467,0.2796362042427063,-0.12100917100906372,0.6432317495346069,0.2917671799659729,-0.0011300387559458613,0.6283469200134277,0.20308244228363037,-0.04498295485973358,0.6327134370803833,0.15202520787715912,-0.06175203621387482,0.6477707624435425,0.1139640361070633,-0.06989702582359314,0.7183606624603271,0.2984030842781067,0.0008464812999591231,0.7230648994445801,0.2236185371875763,-0.057151518762111664,0.7084770202636719,0.3226403295993805,-0.05062691494822502,0.7121976017951965,0.35555270314216614,-0.024721771478652954,0.7889793515205383,0.3232097625732422,-0.010635306127369404,0.7906759977340698,0.28294360637664795,-0.08390279859304428,0.7642624974250793,0.3800652027130127,-0.06013128161430359,0.7644657492637634,0.395184725522995,-0.021758930757641792,0.8505569100379944,0.3613886833190918,-0.02654593624174595,0.8426341414451599,0.33011001348495483,-0.07822311669588089,0.8150712251663208,0.400448203086853,-0.06540641188621521,0.8096829056739807,0.41561853885650635,-0.042831625789403915,X
0.47385329008102417,0.9612842798233032,-8.609993074060185e-07,0.35358691215515137,0.9317923784255981,-0.09358096122741699,0.24291260540485382,0.8408852219581604,-0.16864736378192902,0.26399141550064087,0.742085337638855,-0.23871080577373505,0.36221617460250854,0.6766083240509033,-0.29335343837738037,0.26942920684814453,0.556809663772583,-0.10003648698329926,0.2583523988723755,0.3828403651714325,-0.2163856029510498,0.2323014885187149,0.3218534290790558,-0.2692759037017822,0.18645548820495605,0.2932842969894409,-0.29507383704185486,0.3865492343902588,0.5340088605880737,-0.09953192621469498,0.3525414764881134,0.5257670283317566,-0.21883141994476318,0.3468652367591858,0.6863595843315125,-0.22089369595050812,0.3572843074798584,0.7257289886474609,-0.19506406784057617,0.49695613980293274,0.5657161474227905,-0.11730845272541046,0.4516488313674927,0.6590723991394043,-0.22556237876415253,0.42597657442092896,0.7828564047813416,-0.19116757810115814,0.4311794340610504,0.7686898112297058,-0.14760999381542206,0.6011500954627991,0.6280515789985657,-0.14653103053569794,0.5444806814193726,0.7488449811935425,-0.22274895012378693,0.5066929459571838,0.8385090231895447,-0.21606022119522095,0.502735435962677,0.8162770867347717,-0.1959250271320343,X
0.5473306775093079,0.7987807989120483,-8.756977649682085e-07,0.46372872591018677,0.7584230899810791,-0.05567043274641037,0.3990136384963989,0.6753728985786438,-0.09875206649303436,0.43426209688186646,0.5923760533332825,-0.14087769389152527,0.5083140134811401,0.545573890209198,-0.1700977087020874,0.4023016095161438,0.4806496798992157,-0.05049748346209526,0.38834506273269653,0.3394085764884949,-0.13011287152767181,0.4039583206176758,0.32250505685806274,-0.16304171085357666,0.4126918911933899,0.37046846747398376,-0.17260229587554932,0.4839799702167511,0.47681859135627747,-0.05082933232188225,0.4843926429748535,0.4672403037548065,-0.13238786160945892,0.4691881835460663,0.5685220956802368,-0.1303667426109314,0.4625893533229828,0.5891040563583374,-0.10979454219341278,0.5614058971405029,0.49750298261642456,-0.0647728368639946,0.5532844066619873,0.5303609371185303,-0.13807137310504913,0.5263788104057312,0.615736722946167,-0.10909910500049591,0.5218780636787415,0.6122697591781616,-0.07496215403079987,0.6322671175003052,0.5345609784126282,-0.08631707727909088,0.6082592010498047,0.5921946167945862,-0.13779683411121368,0.5813671350479126,0.6520364284515381,-0.1299474686384201,0.5788278579711914,0.6407254934310913,-0.11224564164876938,X
0.4883922040462494,0.8092442750930786,-3.3311113156742067e-07,0.4438057839870453,0.768243670463562,-0.03263890743255615,0.42062997817993164,0.7143953442573547,-0.055503979325294495,0.4562873840332031,0.6726798415184021,-0.07724498957395554,0.5018680691719055,0.6471428275108337,-0.0921124517917633,0.4105907380580902,0.5950987935066223,-0.02039615623652935,0.40089190006256104,0.5145900845527649,-0.06277928501367569,0.4184879660606384,0.4934503436088562,-0.08200815320014954,0.43105942010879517,0.5168241262435913,-0.08762333542108536,0.4620106518268585,0.6017677783966064,-0.020823290571570396,0.48209819197654724,0.5825180411338806,-0.06942807883024216,0.4721755087375641,0.6475152969360352,-0.07190106809139252,0.4606992304325104,0.6769370436668396,-0.05955229699611664,0.5100085139274597,0.6213503479957581,-0.02903120592236519,0.5239073634147644,0.6261829733848572,-0.0774301216006279,0.5055137276649475,0.6813662052154541,-0.06318488717079163,0.49160847067832947,0.6941363215446472,-0.04096577316522598,0.5496944785118103,0.6535552144050598,-0.040363091975450516,0.5591190457344055,0.6569972038269043,-0.07456069439649582,0.5371547937393188,0.6958001255989075,-0.06652399152517319,0.5186910033226013,0.7019520401954651,-0.051314279437065125,X
0.8027613162994385,0.8869733214378357,-2.629873847581621e-07,0.7657922506332397,0.829522967338562,-0.0419628843665123,0.7561624646186829,0.7651799321174622,-0.0688181072473526,0.8168639540672302,0.7248784303665161,-0.09378722310066223,0.8791563510894775,0.7058790922164917,-0.1115022823214531,0.7456376552581787,0.6245393753051758,-0.023939302191138268,0.7469933032989502,0.5324094891548157,-0.07379144430160522,0.7764924764633179,0.5102187395095825,-0.09952034801244736,0.8003831505775452,0.5394917130470276,-0.10908710956573486,0.8098361492156982,0.6392935514450073,-0.021737460047006607,0.8483161926269531,0.6215726733207703,-0.07825123518705368,0.8265321254730225,0.693202018737793,-0.08265019953250885,0.8069269061088562,0.7276378870010376,-0.06923731416463852,0.8661010265350342,0.6700544357299805,-0.028920980170369148,0.8920890688896179,0.6721884608268738,-0.08276887983083725,0.8628225326538086,0.7324987053871155,-0.06452366709709167,0.8412371873855591,0.7517038583755493,-0.03744739294052124,0.9072322845458984,0.7163474559783936,-0.04047557711601257,0.9299955368041992,0.7107721567153931,-0.07836724817752838,0.9024149775505066,0.7518322467803955,-0.0667508989572525,0.8784075975418091,0.7617909908294678,-0.04690222442150116,X
0.752813458442688,0.6624712944030762,-2.950141606561374e-07,0.680948793888092,0.5996770262718201,-0.04664212465286255,0.6303930282592773,0.5124861598014832,-0.06696753203868866,0.6650568842887878,0.42668989300727844,-0.08596739917993546,0.7250105738639832,0.3747932016849518,-0.09929085522890091,0.6092882752418518,0.38322505354881287,0.002498912625014782,0.598177433013916,0.291221022605896,-0.0389709398150444,0.6063315272331238,0.24030795693397522,-0.05732720345258713,0.6196237206459045,0.20082446932792664,-0.06693121045827866,0.6782323122024536,0.3890046179294586,0.0026001587975770235,0.6924083232879639,0.31794556975364685,-0.05698782950639725,0.6814207434654236,0.410747766494751,-0.05835936218500137,0.6781222820281982,0.44295334815979004,-0.03833650425076485,0.7460676431655884,0.4119434356689453,-0.009029758162796497,0.760255753993988,0.37641701102256775,-0.08206956833600998,0.7380645275115967,0.4678362011909485,-0.06310585141181946,0.7318963408470154,0.48295900225639343,-0.027907921001315117,0.8056156039237976,0.4496362507343292,-0.024480845779180527,0.8107535243034363,0.42193055152893066,-0.07405026257038116,0.786365807056427,0.48781365156173706,-0.060597822070121765,0.7764878869056702,0.5031284689903259,-0.0374852754175663,X
0.38354042172431946,0.64215087890625,-5.284376243253064e-07,0.2946043908596039,0.6097376942634583,-0.0358726941049099,0.22120484709739685,0.5332684516906738,-0.06626633554697037,0.22960138320922852,0.44887423515319824,-0.09941273927688599,0.2806958854198456,0.3921094536781311,-0.1273195743560791,0.2290017306804657,0.3890375792980194,-0.013056278228759766,0.2143646627664566,0.2917347252368927,-0.07222893089056015,0.19533753395080566,0.24369287490844727,-0.10100868344306946,0.17567725479602814,0.22376933693885803,-0.11440376192331314,0.2952469289302826,0.3817925751209259,-0.021093441173434258,0.25732970237731934,0.3301514983177185,-0.08249771595001221,0.25320473313331604,0.4281352162361145,-0.07975907623767853,0.27212047576904297,0.46018701791763306,-0.06078268587589264,0.3613146245479584,0.3945525884628296,-0.04050968214869499,0.32291990518569946,0.380901962518692,-0.10424422472715378,0.3109305500984192,0.47590625286102295,-0.07557743787765503,0.32852575182914734,0.4937995970249176,-0.040083084255456924,0.42432764172554016,0.4232891798019409,-0.06448602676391602,0.3771916627883911,0.4229196012020111,-0.10292384773492813,0.3619994819164276,0.49130016565322876,-0.08418451249599457,0.37686145305633545,0.5048616528511047,-0.060884989798069,X
0.5825027227401733,0.7561689615249634,-1.0663898137863725e-06,0.4600924849510193,0.6958980560302734,-0.07468975335359573,0.35609573125839233,0.5841478109359741,-0.13124661147594452,0.3915344476699829,0.4749630093574524,-0.1850203424692154,0.4976474940776825,0.4149293303489685,-0.2235909402370453,0.38189950585365295,0.31064629554748535,-0.06883244216442108,0.36953282356262207,0.14405867457389832,-0.17795392870903015,0.35105204582214355,0.0851447731256485,-0.2319343388080597,0.3177465796470642,0.0723729133605957,-0.2583475112915039,0.4950996935367584,0.2974252998828888,-0.07357650995254517,0.4626469910144806,0.2642573118209839,-0.18451373279094696,0.45554906129837036,0.41080740094184875,-0.19126766920089722,0.4674568176269531,0.45344722270965576,-0.17139962315559387,0.6053860783576965,0.3281288743019104,-0.09556278586387634,0.5608282089233398,0.39146894216537476,-0.201445534825325,0.5306487679481506,0.5226513743400574,-0.16997705399990082,0.5419164299964905,0.5207071304321289,-0.12785468995571136,0.7086858153343201,0.387397438287735,-0.1272500604391098,0.646693766117096,0.4786435067653656,-0.20162677764892578,0.6093236207962036,0.572441816329956,-0.19510522484779358,0.6163365244865417,0.5620459914207458,-0.17567408084869385,X
0.39556798338890076,0.6225782036781311,-4.007394807103992e-07,0.3406062424182892,0.5842921733856201,-0.025004109367728233,0.3060746192932129,0.5290362238883972,-0.04088478162884712,0.33487752079963684,0.48000553250312805,-0.056884974241256714,0.38337740302085876,0.4542253911495209,-0.06817014515399933,0.3003871738910675,0.43097448348999023,-0.01126167830079794,0.28555232286453247,0.36159971356391907,-0.052690476179122925,0.2874959111213684,0.33240649104118347,-0.07500558346509933,0.2887071371078491,0.3239351511001587,-0.08578421175479889,0.3492087423801422,0.42963263392448425,-0.01566651090979576,0.34769368171691895,0.3950871229171753,-0.06220795586705208,0.3434376120567322,0.45852214097976685,-0.06647978723049164,0.3427485227584839,0.4846358597278595,-0.05704035237431526,0.3963431715965271,0.44207826256752014,-0.02722974494099617,0.39518383145332336,0.43806904554367065,-0.07539080828428268,0.38221168518066406,0.49758023023605347,-0.06122002750635147,0.38245001435279846,0.5084404945373535,-0.03911983594298363,0.43835899233818054,0.4670354425907135,-0.04155614227056503,0.4306669533252716,0.46914517879486084,-0.07356879115104675,0.4159053862094879,0.5130082964897156,-0.06454706937074661,0.4140542447566986,0.5215401649475098,-0.049890391528606415,X
0.6641892790794373,0.4924428462982178,-1.2957893602560944e-07,0.6166529655456543,0.4412130117416382,-0.038718901574611664,0.58757483959198,0.3736918568611145,-0.05719723552465439,0.6213479042053223,0.3070225119590759,-0.07368139922618866,0.6634514331817627,0.26269209384918213,-0.08428289741277695,0.5595298409461975,0.26117366552352905,-0.0055565801449120045,0.5448957681655884,0.17744144797325134,-0.04812084510922432,0.5597752332687378,0.1329151839017868,-0.06901829689741135,0.5779218077659607,0.12276285886764526,-0.07722022384405136,0.6166638135910034,0.26961374282836914,-0.00437350757420063,0.63661789894104,0.21888399124145508,-0.057814594358205795,0.6337188482284546,0.29308444261550903,-0.05902225524187088,0.6295809149742126,0.3228878974914551,-0.04157135635614395,0.6722896099090576,0.29079481959342957,-0.013124041259288788,0.6887545585632324,0.2689872086048126,-0.07326915860176086,0.6744760870933533,0.3379476070404053,-0.054584357887506485,0.6643989086151123,0.35075992345809937,-0.024184389039874077,0.7183047533035278,0.3252224326133728,-0.02525741420686245,0.7296366691589355,0.30623552203178406,-0.06910129636526108,0.711168646812439,0.35710784792900085,-0.05728980526328087,0.6964071989059448,0.36884477734565735,-0.036500681191682816,X
0.41389328241348267,0.7149459719657898,-2.9240433718769054e-07,0.3678329288959503,0.659943163394928,-0.022537216544151306,0.35101592540740967,0.5960828065872192,-0.032289668917655945,0.38679882884025574,0.5530091524124146,-0.04389980435371399,0.43101128935813904,0.5412682890892029,-0.05314072594046593,0.3369999825954437,0.520262598991394,0.003055491019040346,0.3248223662376404,0.45653778314590454,-0.023269036784768105,0.3320460319519043,0.4264755845069885,-0.03937224671244621,0.3433002233505249,0.40673673152923584,-0.048331767320632935,0.38435348868370056,0.5228527784347534,-0.0007146205753087997,0.3959830105304718,0.4770682454109192,-0.03981927037239075,0.390865296125412,0.5276444554328918,-0.05155479162931442,0.384937584400177,0.5633144974708557,-0.04770475625991821,0.42899665236473083,0.5386816263198853,-0.009842690080404282,0.4330521821975708,0.5174669623374939,-0.05132809281349182,0.41920340061187744,0.5650601983070374,-0.04974653571844101,0.41161996126174927,0.590710461139679,-0.03539888188242912,0.4644240438938141,0.5640730857849121,-0.02079162560403347,0.46364378929138184,0.5417346954345703,-0.04239599406719208,0.4502902328968048,0.5721349716186523,-0.03473961725831032,0.44099119305610657,0.5938918590545654,-0.02206532470881939,X
0.5698364973068237,0.8563112020492554,-9.887405667541316e-07,0.4489881992340088,0.7957357168197632,-0.08311057090759277,0.34664827585220337,0.6775040626525879,-0.14837130904197693,0.3878178894519806,0.5631929039955139,-0.20909850299358368,0.497938334941864,0.49101492762565613,-0.252770334482193,0.3638671636581421,0.3881257474422455,-0.09290044754743576,0.3400537967681885,0.21118611097335815,-0.20284493267536163,0.3287147283554077,0.15118888020515442,-0.25095707178115845,0.3017101287841797,0.14038926362991333,-0.2747724652290344,0.4807589650154114,0.3801504075527191,-0.09735528379678726,0.4821416735649109,0.3576587438583374,-0.21594946086406708,0.4698200225830078,0.5083087086677551,-0.22046662867069244,0.4688306748867035,0.5447652339935303,-0.1993408352136612,0.5966328382492065,0.4179994463920593,-0.11848265677690506,0.5842693448066711,0.4817107915878296,-0.22819827497005463,0.5419297218322754,0.6087354421615601,-0.19502148032188416,0.5380393266677856,0.5951452851295471,-0.15463455021381378,0.7037238478660583,0.4843858778476715,-0.14982962608337402,0.6602891683578491,0.5904383659362793,-0.2316405326128006,0.6169920563697815,0.6764706969261169,-0.23021332919597626,0.6174048781394958,0.649274468421936,-0.21529696881771088,X
0.8324645161628723,0.7822989225387573,-4.969043629898806e-07,0.7567672729492188,0.7134999632835388,-0.05327800661325455,0.7109246850013733,0.6261372566223145,-0.09369654953479767,0.7673733234405518,0.5511152744293213,-0.13285371661186218,0.848004162311554,0.5009923577308655,-0.16129501163959503,0.6904147863388062,0.4296226501464844,-0.035546112805604935,0.6653708219528198,0.3054744303226471,-0.10785837471485138,0.6883385181427002,0.25859084725379944,-0.14143863320350647,0.7106621265411377,0.2756062150001526,-0.15512727200984955,0.7833061218261719,0.43164971470832825,-0.03986383229494095,0.8054238557815552,0.3992263376712799,-0.12048808485269547,0.7945621609687805,0.5080890655517578,-0.12085481733083725,0.7863558530807495,0.5552806258201599,-0.0994318500161171,0.8710222840309143,0.46114876866340637,-0.0576770156621933,0.8899179697036743,0.47735509276390076,-0.13561700284481049,0.862514317035675,0.5679320096969604,-0.10649456828832626,0.8456799387931824,0.580103874206543,-0.06903088837862015,0.9438968896865845,0.5166440010070801,-0.08181850612163544,0.9564046263694763,0.538554310798645,-0.13935837149620056,0.9193085432052612,0.6026894450187683,-0.12770165503025055,0.8911807537078857,0.603104829788208,-0.10571368038654327,X
0.5344064831733704,0.6736193895339966,-5.099220743431943e-07,0.4625633955001831,0.6037281155586243,-0.04591839015483856,0.4186769723892212,0.5218780040740967,-0.07617557793855667,0.46045243740081787,0.45716410875320435,-0.10611359030008316,0.53518146276474,0.426297128200531,-0.1279999017715454,0.4298850893974304,0.36824771761894226,-0.022617219015955925,0.4075413942337036,0.2577514946460724,-0.08747833967208862,0.4138544797897339,0.21672312915325165,-0.12368479371070862,0.41825568675994873,0.21757039427757263,-0.13872793316841125,0.5000016093254089,0.37433525919914246,-0.02567465230822563,0.5004315376281738,0.33264902234077454,-0.0989280417561531,0.48728638887405396,0.41596585512161255,-0.11227820068597794,0.47992759943008423,0.4593665897846222,-0.1009950190782547,0.566580057144165,0.4018845856189728,-0.04000093415379524,0.563980758190155,0.41369667649269104,-0.11247152090072632,0.5390893220901489,0.49339205026626587,-0.0993913933634758,0.5325225591659546,0.5142104625701904,-0.06948865950107574,0.625240683555603,0.44505900144577026,-0.05933928117156029,0.6173271536827087,0.4568725526332855,-0.10249971598386765,0.5910037159919739,0.5166078805923462,-0.09032124280929565,0.5818725824356079,0.5323842167854309,-0.06799785792827606,X
0.47754696011543274,0.8086827397346497,-1.147922148447833e-06,0.38517171144485474,0.742572546005249,-0.055282384157180786,0.32466503977775574,0.64316326379776,-0.09698927402496338,0.3621717691421509,0.5696409344673157,-0.13972394168376923,0.4489491581916809,0.5393537282943726,-0.17025436460971832,0.36406823992729187,0.42205139994621277,-0.044954411685466766,0.35439491271972656,0.27216482162475586,-0.13021482527256012,0.3424108624458313,0.23659954965114594,-0.17299923300743103,0.3217516541481018,0.26395004987716675,-0.18845410645008087,0.45192527770996094,0.4268321096897125,-0.050903670489788055,0.4312986135482788,0.43150565028190613,-0.14553748071193695,0.40767499804496765,0.5309397578239441,-0.162489652633667,0.40182387828826904,0.5727769732475281,-0.15120621025562286,0.5324580669403076,0.46465373039245605,-0.0695737898349762,0.49624258279800415,0.5229463577270508,-0.15365548431873322,0.46285778284072876,0.6147483587265015,-0.138139009475708,0.46043798327445984,0.6289017200469971,-0.10745691508054733,0.6036396026611328,0.5197488069534302,-0.09585738182067871,0.5588217377662659,0.5980849266052246,-0.14792212843894958,0.5212262868881226,0.6669869422912598,-0.1407836675643921,0.51665198802948,0.6718237400054932,-0.1205286979675293,X
0.5626236796379089,0.6954663395881653,-5.168076882000605e-07,0.4884117841720581,0.6433161497116089,-0.04165296256542206,0.44630780816078186,0.5606714487075806,-0.06854871660470963,0.48403453826904297,0.48970767855644226,-0.09574095904827118,0.5436292290687561,0.4448179006576538,-0.1149946004152298,0.43884336948394775,0.40047121047973633,-0.014026663266122341,0.41385525465011597,0.2906433641910553,-0.07441052794456482,0.4230327010154724,0.24814565479755402,-0.10650219768285751,0.4383827745914459,0.2506827116012573,-0.11998377740383148,0.5079256892204285,0.4055249094963074,-0.01966613158583641,0.5204324126243591,0.3651507794857025,-0.09385985881090164,0.5053725242614746,0.4537815749645233,-0.10453697293996811,0.4959219694137573,0.4941881000995636,-0.09051474928855896,0.5743946433067322,0.4300750494003296,-0.03652358800172806,0.5826972723007202,0.429312139749527,-0.10846554487943649,0.558459460735321,0.5096508264541626,-0.09190015494823456,0.5500465035438538,0.5252335071563721,-0.061244621872901917,0.6318012475967407,0.4703490138053894,-0.05803222954273224,0.631986141204834,0.4830373525619507,-0.1046551987528801,0.6038523316383362,0.5400109887123108,-0.09420781582593918,0.5907071828842163,0.5471529364585876,-0.07368285208940506,X
0.8068755269050598,0.6764830350875854,-3.8732892448933853e-07,0.7501896619796753,0.6107414960861206,-0.05052343010902405,0.7201780080795288,0.5308945178985596,-0.08195462077856064,0.7720503807067871,0.46082156896591187,-0.11236637085676193,0.8400918841362,0.4147723913192749,-0.1344282031059265,0.6835841536521912,0.35869815945625305,-0.021582063287496567,0.6689550876617432,0.2451947182416916,-0.07892102748155594,0.6932492256164551,0.20538555085659027,-0.10817207396030426,0.7221688032150269,0.21484872698783875,-0.12111718207597733,0.765067458152771,0.36978456377983093,-0.021213436499238014,0.7972078323364258,0.32356324791908264,-0.08869833499193192,0.7856294512748718,0.4174341857433319,-0.09311053156852722,0.7734147906303406,0.4649372398853302,-0.07709281146526337,0.8417946696281433,0.39971989393234253,-0.032545316964387894,0.8649471402168274,0.3845425844192505,-0.09645054489374161,0.8415408730506897,0.466146856546402,-0.07142820954322815,0.8211075663566589,0.4913320243358612,-0.038246963173151016,0.8990213871002197,0.44831880927085876,-0.049750734120607376,0.9179327487945557,0.4370708763599396,-0.09295492619276047,0.8880566358566284,0.4943431615829468,-0.077215276658535,0.861228883266449,0.508664071559906,-0.05421646311879158,X
0.38644248247146606,0.779959499835968,-5.678900265593256e-07,0.31514495611190796,0.7183806896209717,-0.12475892901420593,0.2678849697113037,0.6229490041732788,-0.21759478747844696,0.312286376953125,0.5495463609695435,-0.29925060272216797,0.40324485301971436,0.4909609258174896,-0.36308082938194275,0.3586115837097168,0.3781864047050476,-0.15592458844184875,0.36628931760787964,0.2297229766845703,-0.27757835388183594,0.41147589683532715,0.21775656938552856,-0.3219594359397888,0.43499284982681274,0.2626129984855652,-0.3345007598400116,0.46680688858032227,0.38879114389419556,-0.1395844966173172,0.5024040937423706,0.46877047419548035,-0.2697155773639679,0.42831847071647644,0.5792807340621948,-0.27353397011756897,0.39518821239471436,0.576313853263855,-0.24868115782737732,0.55384361743927,0.4399162530899048,-0.14076198637485504,0.5581111907958984,0.5543898940086365,-0.2721536159515381,0.47227394580841064,0.6445015668869019,-0.2420589029788971,0.4373019337654114,0.6182048320770264,-0.1953173577785492,0.6185344457626343,0.5075579285621643,-0.1530138999223709,0.5957983732223511,0.6225337386131287,-0.2448127716779709,0.5251619815826416,0.6898685693740845,-0.23681935667991638,0.49451830983161926,0.66450035572052,-0.20976567268371582,X
0.444821834564209,0.7780337333679199,-1.11408894554188e-06,0.315610408782959,0.6729686260223389,-0.08797604590654373,0.21519336104393005,0.5244014263153076,-0.13505974411964417,0.1310437023639679,0.40031158924102783,-0.1729525923728943,0.03727424144744873,0.3453129231929779,-0.19481487572193146,0.3710394501686096,0.40968477725982666,-0.10526054352521896,0.4453892111778259,0.3254713714122772,-0.1527019590139389,0.42644667625427246,0.4459548890590668,-0.15229560434818268,0.3798424005508423,0.48877817392349243,-0.1397051215171814,0.4634414315223694,0.4285639822483063,-0.0776124894618988,0.5280642509460449,0.3536379635334015,-0.13554683327674866,0.483751118183136,0.49197882413864136,-0.13776196539402008,0.43612927198410034,0.5126897096633911,-0.12657231092453003,0.5448464751243591,0.45309802889823914,-0.056656740605831146,0.6040204763412476,0.3837306797504425,-0.11157460510730743,0.5499811172485352,0.5042499303817749,-0.10315253585577011,0.49629586935043335,0.5367406010627747,-0.08122050017118454,0.6050593852996826,0.4724155366420746,-0.041178274899721146,0.6631028652191162,0.3637802004814148,-0.06346525996923447,0.7081665992736816,0.32031911611557007,-0.062458738684654236,0.7478452920913696,0.25487151741981506,-0.05582873895764351,Y
0.39549168944358826,0.7652552723884583,-9.730139254315873e-07,0.26305463910102844,0.6562758684158325,-0.10611877590417862,0.155452698469162,0.5053743720054626,-0.1639290601015091,0.06091156601905823,0.3788553774356842,-0.20883195102214813,-0.036419689655303955,0.32010382413864136,-0.23668090999126434,0.32103055715560913,0.3832418918609619,-0.13002312183380127,0.39464110136032104,0.3239264488220215,-0.17173849046230316,0.3722972869873047,0.4450763761997223,-0.16288870573043823,0.32861071825027466,0.47573399543762207,-0.14644712209701538,0.42019906640052795,0.4054282307624817,-0.09519445896148682,0.4749229848384857,0.3478434085845947,-0.15118657052516937,0.4275878369808197,0.4824509620666504,-0.15105146169662476,0.3853957951068878,0.4938812255859375,-0.14099588990211487,0.5060760378837585,0.4341506063938141,-0.06688830256462097,0.5525761246681213,0.3729456961154938,-0.12251603603363037,0.4962957799434662,0.4964428246021271,-0.11837022006511688,0.4462161958217621,0.5237064957618713,-0.10164357721805573,0.5674213171005249,0.45570695400238037,-0.04507693275809288,0.6232101321220398,0.3466924726963043,-0.06835821270942688,0.6614827513694763,0.30221641063690186,-0.07013413310050964,0.6942318677902222,0.23256851732730865,-0.0671759620308876,Y
0.6596530675888062,0.8335214257240295,-3.437119175941916e-07,0.6030821800231934,0.7734116911888123,-0.04503187909722328,0.5578567981719971,0.6839123964309692,-0.07044918835163116,0.5315697193145752,0.6141908764839172,-0.09298089146614075,0.4992992877960205,0.5748332738876343,-0.10887257009744644,0.6369929909706116,0.616586446762085,-0.04265779256820679,0.6908702850341797,0.5937985777854919,-0.07858260720968246,0.6916912794113159,0.6555410623550415,-0.09435289353132248,0.6740512847900391,0.6991224884986877,-0.09631076455116272,0.6898007988929749,0.6260820031166077,-0.03389223292469978,0.7422717809677124,0.5974696278572083,-0.07472872734069824,0.7259249687194824,0.6664795279502869,-0.08659576624631882,0.6973089575767517,0.7063705325126648,-0.08307033777236938,0.7325642108917236,0.640476405620575,-0.03073273040354252,0.7748641967773438,0.6148818731307983,-0.06736219674348831,0.7523470520973206,0.6738744378089905,-0.07049430161714554,0.7220647931098938,0.7086120247840881,-0.05891931802034378,0.763001561164856,0.6584829688072205,-0.030904093757271767,0.8048598766326904,0.6061574816703796,-0.04478009045124054,0.8333553075790405,0.5827692747116089,-0.04501934349536896,0.8543395400047302,0.5557624697685242,-0.03981895372271538,Y
0.7375556826591492,0.6909680366516113,-7.691801897635742e-07,0.6087686419487,0.6278105974197388,-0.0722460001707077,0.49935850501060486,0.504589319229126,-0.10834582895040512,0.41151538491249084,0.399339884519577,-0.14170043170452118,0.3306715190410614,0.35678988695144653,-0.1620219647884369,0.5996271371841431,0.3697315454483032,-0.05092219263315201,0.6374953985214233,0.28736287355422974,-0.10510552674531937,0.6622445583343506,0.3923456370830536,-0.12015043944120407,0.6560502648353577,0.4605208933353424,-0.11539679020643234,0.6870068311691284,0.3648659288883209,-0.03500521183013916,0.7261433601379395,0.2917611598968506,-0.1086680144071579,0.7234381437301636,0.4215909540653229,-0.12903955578804016,0.6946366429328918,0.4846874177455902,-0.12209927290678024,0.7624170184135437,0.37129655480384827,-0.028699470683932304,0.8047048449516296,0.30260947346687317,-0.09754419326782227,0.7878857254981995,0.4162028133869171,-0.1009707972407341,0.7530374526977539,0.48428648710250854,-0.07808487117290497,0.8239918947219849,0.3871482014656067,-0.02734125591814518,0.8722705245018005,0.2863540053367615,-0.053868718445301056,0.9076821804046631,0.232001394033432,-0.05684923008084297,0.929172694683075,0.1687568575143814,-0.049623504281044006,Y
0.495498925447464,0.6949909925460815,-1.0959458904835628e-06,0.34997856616973877,0.6379704475402832,-0.06016487255692482,0.23367322981357574,0.5230080485343933,-0.09517430514097214,0.14891821146011353,0.41893744468688965,-0.13075102865695953,0.06656011939048767,0.3731568157672882,-0.1537841558456421,0.3390566408634186,0.3824436068534851,-0.04815402254462242,0.3574006259441376,0.294521301984787,-0.10716457664966583,0.3752412796020508,0.400671124458313,-0.12335371971130371,0.3689231276512146,0.4728528559207916,-0.11810918152332306,0.42729562520980835,0.3749261498451233,-0.04007730633020401,0.4445289671421051,0.3042956292629242,-0.11342179775238037,0.44194507598876953,0.4307860732078552,-0.12868066132068634,0.42225539684295654,0.4923112988471985,-0.11907491832971573,0.5094756484031677,0.37977609038352966,-0.041300177574157715,0.5285186767578125,0.31640625,-0.10949476063251495,0.509110152721405,0.43381744623184204,-0.10567840188741684,0.47965720295906067,0.5001015663146973,-0.07882071286439896,0.5801169872283936,0.39436569809913635,-0.04707561805844307,0.6143630743026733,0.28814759850502014,-0.07395801693201065,0.6424416303634644,0.22915565967559814,-0.07203973084688187,0.6596665382385254,0.15739382803440094,-0.060771241784095764,Y
0.5608516335487366,0.7069910764694214,-8.348117148671008e-07,0.4544931948184967,0.6257214546203613,-0.07349323481321335,0.3806164860725403,0.499274879693985,-0.11128172278404236,0.3276534080505371,0.38209301233291626,-0.14469681680202484,0.2644047737121582,0.308859646320343,-0.16628055274486542,0.5106459259986877,0.3928717374801636,-0.042457252740859985,0.5767004489898682,0.342227041721344,-0.09556753188371658,0.5579904913902283,0.43552064895629883,-0.12066318094730377,0.5229976773262024,0.49054303765296936,-0.1273432970046997,0.5881692171096802,0.40925222635269165,-0.026207733899354935,0.6482003927230835,0.36127614974975586,-0.09464676678180695,0.612404465675354,0.47035443782806396,-0.11802302300930023,0.5651894807815552,0.5217347741127014,-0.1164618507027626,0.6544994115829468,0.43569785356521606,-0.020422661677002907,0.7055225372314453,0.3937583565711975,-0.08846421539783478,0.6695871353149414,0.48172223567962646,-0.0935932919383049,0.6244046092033386,0.5301658511161804,-0.0744825154542923,0.7097012996673584,0.4664354622364044,-0.018754780292510986,0.7713690996170044,0.3797731101512909,-0.04972907155752182,0.8163418769836426,0.3345032036304474,-0.052256688475608826,0.851107120513916,0.28347721695899963,-0.04407110810279846,Y
0.6014119982719421,0.7228076457977295,-9.228997441823594e-07,0.47954875230789185,0.6259207129478455,-0.09058599919080734,0.3890089690685272,0.4755251407623291,-0.14100439846515656,0.3337186574935913,0.3400755524635315,-0.18514184653759003,0.2643393576145172,0.26692137122154236,-0.21343249082565308,0.5430328845977783,0.35701197385787964,-0.09448423236608505,0.6027620434761047,0.29698723554611206,-0.15725719928741455,0.5965726971626282,0.417188823223114,-0.16871261596679688,0.5654395818710327,0.48485463857650757,-0.1617439091205597,0.6391080617904663,0.3683511018753052,-0.07480401545763016,0.7017029523849487,0.3097872734069824,-0.15375059843063354,0.6650281548500061,0.44451698660850525,-0.1609443575143814,0.6204031705856323,0.5015804767608643,-0.1465260535478592,0.7191014885902405,0.39197641611099243,-0.06609921902418137,0.7783025503158569,0.34155964851379395,-0.1415497064590454,0.7325763702392578,0.45441529154777527,-0.13597606122493744,0.6815404891967773,0.5103299021720886,-0.10853388905525208,0.7785962224006653,0.4229434132575989,-0.06440240144729614,0.8521446585655212,0.33425259590148926,-0.1023019328713417,0.9020915031433105,0.2884511649608612,-0.10762608051300049,0.9412311315536499,0.22670190036296844,-0.10190613567829132,Y
0.5661597847938538,0.761959969997406,-3.2186974863179785e-07,0.5070458650588989,0.7047300934791565,-0.04628540202975273,0.4710537791252136,0.6195536255836487,-0.07325241714715958,0.45529094338417053,0.545600950717926,-0.09792156517505646,0.4204498529434204,0.5020914077758789,-0.11619748920202255,0.5535303354263306,0.5578573942184448,-0.043242473155260086,0.6070184707641602,0.5269532799720764,-0.08179539442062378,0.603127121925354,0.5877759456634521,-0.09991803020238876,0.5822935104370117,0.6294780969619751,-0.103005051612854,0.6045355200767517,0.5716385841369629,-0.034620288759469986,0.6524823904037476,0.5360041260719299,-0.07872013747692108,0.6344044208526611,0.6046374440193176,-0.09336215257644653,0.6050169467926025,0.6445192098617554,-0.0912487581372261,0.6468868255615234,0.5892327427864075,-0.03172506392002106,0.6834436058998108,0.5579085350036621,-0.06902497261762619,0.6603239178657532,0.6154441833496094,-0.07283186167478561,0.6310102343559265,0.6515125632286072,-0.06203848496079445,0.677147626876831,0.6085965037345886,-0.03257693350315094,0.7203264236450195,0.5599852204322815,-0.046971339732408524,0.7506843209266663,0.5378556251525879,-0.04881911724805832,0.7734805941581726,0.5127912163734436,-0.045114051550626755,Y
0.6475828289985657,0.7611367106437683,-3.252930298458523e-07,0.592223048210144,0.7141622304916382,-0.054923783987760544,0.5536118745803833,0.6283987760543823,-0.08217436075210571,0.5319702625274658,0.5559403896331787,-0.10435211658477783,0.5006759166717529,0.5127452611923218,-0.1198229193687439,0.6231895089149475,0.5559664964675903,-0.05313211306929588,0.6778892874717712,0.5238327383995056,-0.0910138338804245,0.6823691129684448,0.5827882289886475,-0.10589511692523956,0.6693838238716125,0.6237555742263794,-0.10678669810295105,0.6735424399375916,0.5635360479354858,-0.039017174392938614,0.7281426787376404,0.5319631099700928,-0.08499827980995178,0.7156794667243958,0.6038335561752319,-0.09747296571731567,0.6896179914474487,0.6457825303077698,-0.09275378286838531,0.7153501510620117,0.5757488012313843,-0.031170254573225975,0.76005619764328,0.5491903424263,-0.07355193048715591,0.7392542958259583,0.6119064688682556,-0.07800965756177902,0.7110365033149719,0.6502678394317627,-0.06536528468132019,0.7463046312332153,0.5924320220947266,-0.027300769463181496,0.7889205813407898,0.539955735206604,-0.04617723450064659,0.8200825452804565,0.5174058079719543,-0.05023021623492241,0.8437339663505554,0.4905970096588135,-0.046897128224372864,Y
0.4114421010017395,0.513542890548706,-4.907407742393843e-07,0.3282032310962677,0.44265156984329224,-0.060609906911849976,0.2657066583633423,0.356280118227005,-0.09761151671409607,0.22280874848365784,0.2669712007045746,-0.12995269894599915,0.1712925136089325,0.21699774265289307,-0.15111149847507477,0.3677455186843872,0.2538704574108124,-0.047764409333467484,0.40909337997436523,0.22916437685489655,-0.08500775694847107,0.4027802348136902,0.30695459246635437,-0.09763240069150925,0.379596471786499,0.3540516793727875,-0.09721691906452179,0.4322682321071625,0.2616550326347351,-0.03257731720805168,0.4665166437625885,0.2371217906475067,-0.08183462917804718,0.44551512598991394,0.32473981380462646,-0.09572809189558029,0.41616225242614746,0.3663902282714844,-0.09299851953983307,0.48605453968048096,0.284258097410202,-0.023853087797760963,0.5165494680404663,0.25767508149147034,-0.06781415641307831,0.49098318815231323,0.33164316415786743,-0.06715922057628632,0.45879462361335754,0.3735579550266266,-0.05211883410811424,0.5253728628158569,0.31259486079216003,-0.01946135051548481,0.5690675973892212,0.2539224326610565,-0.036663711071014404,0.5962364673614502,0.22097858786582947,-0.035522155463695526,0.6165185570716858,0.18037551641464233,-0.02859324961900711,Y
0.47436749935150146,0.8465662598609924,-9.788378747543902e-07,0.34154215455055237,0.7925556898117065,-0.047806818038225174,0.23876960575580597,0.6807963252067566,-0.07681140303611755,0.16872185468673706,0.5812973976135254,-0.11057014018297195,0.09075701236724854,0.5367044806480408,-0.13504213094711304,0.33572685718536377,0.5514959692955017,-0.025499502196907997,0.3538305461406708,0.47862398624420166,-0.08151037245988846,0.3726467490196228,0.5755084753036499,-0.10123445838689804,0.3714466094970703,0.6431789994239807,-0.0995396226644516,0.41574278473854065,0.5488989353179932,-0.02453038841485977,0.4341573715209961,0.48154035210609436,-0.09545303881168365,0.4311717748641968,0.5992314219474792,-0.11241675913333893,0.41365036368370056,0.6606713533401489,-0.10296887159347534,0.49214375019073486,0.5547841787338257,-0.03328715264797211,0.515570878982544,0.48752444982528687,-0.10018829256296158,0.4972987174987793,0.5955986380577087,-0.09846226871013641,0.46979111433029175,0.6588435173034668,-0.07229921966791153,0.5571236610412598,0.5686610341072083,-0.04598109796643257,0.5925444960594177,0.47132375836372375,-0.07114716619253159,0.6167213320732117,0.41911134123802185,-0.06928103417158127,0.631720244884491,0.35531216859817505,-0.058113694190979004,Y
0.4486587643623352,0.8491562008857727,-9.268227358916192e-07,0.29363754391670227,0.7739590406417847,-0.13293707370758057,0.1704748570919037,0.6327543258666992,-0.20988664031028748,0.08598515391349792,0.4944380521774292,-0.2741067707538605,-0.0011155009269714355,0.407840371131897,-0.32053086161613464,0.33544740080833435,0.44104015827178955,-0.15054631233215332,0.3921986222267151,0.4097890853881836,-0.23006021976470947,0.39371514320373535,0.5523156523704529,-0.244902104139328,0.3684144616127014,0.65015709400177,-0.23505152761936188,0.4575570225715637,0.44581344723701477,-0.11714664846658707,0.5107812881469727,0.41982677578926086,-0.21892398595809937,0.47908344864845276,0.5720788240432739,-0.23872554302215576,0.4328659772872925,0.6581842303276062,-0.227301225066185,0.5583768486976624,0.4745795726776123,-0.09585211426019669,0.6093093752861023,0.4465979337692261,-0.19505859911441803,0.5642160773277283,0.5791105628013611,-0.20260702073574066,0.5117252469062805,0.6562016010284424,-0.17579270899295807,0.6373070478439331,0.5139880180358887,-0.0834074541926384,0.7176100015640259,0.41212448477745056,-0.13140372931957245,0.769575834274292,0.3548163175582886,-0.14116960763931274,0.8061137199401855,0.28236275911331177,-0.13483752310276031,Y
0.47083261609077454,0.5311775803565979,-8.06348680271185e-07,0.32331013679504395,0.4411475658416748,-0.1000743955373764,0.21385380625724792,0.28818124532699585,-0.15811704099178314,0.13192236423492432,0.14751052856445312,-0.21365121006965637,0.04202026128768921,0.06788709759712219,-0.25593218207359314,0.37371379137039185,0.12542162835597992,-0.07866843789815903,0.40967488288879395,0.04696046561002731,-0.17081685364246368,0.4206908941268921,0.17771857976913452,-0.21349914371967316,0.4137926697731018,0.2784571647644043,-0.2200266718864441,0.48677247762680054,0.13432909548282623,-0.06061388924717903,0.5263401865959167,0.056656040251255035,-0.1700022667646408,0.5057320594787598,0.20775966346263885,-0.20170092582702637,0.4752997159957886,0.30311012268066406,-0.19275081157684326,0.5809555649757385,0.15891699492931366,-0.05817806348204613,0.6196076273918152,0.1039699912071228,-0.1592228263616562,0.579285740852356,0.23243941366672516,-0.16945524513721466,0.5355879664421082,0.31693071126937866,-0.1392245888710022,0.6590949296951294,0.19041234254837036,-0.06344859302043915,0.7466796636581421,0.07975655794143677,-0.10405654460191727,0.8031982779502869,0.01727444678544998,-0.10940203815698624,0.8451932668685913,-0.050406694412231445,-0.09855588525533676,Y
0.4133557081222534,0.69065260887146,-8.727164413357968e-07,0.2864033877849579,0.5893625020980835,-0.11866915225982666,0.1714349091053009,0.45453715324401855,-0.1824498325586319,0.06927970051765442,0.3333771526813507,-0.23043857514858246,-0.024556964635849,0.27007856965065,-0.25956079363822937,0.31301161646842957,0.3152134418487549,-0.13581088185310364,0.3930467367172241,0.24695757031440735,-0.1895926594734192,0.38061603903770447,0.36755168437957764,-0.19219806790351868,0.33411210775375366,0.4069652259349823,-0.181492879986763,0.41188427805900574,0.3329133987426758,-0.09251376241445541,0.47448858618736267,0.273611456155777,-0.15739043056964874,0.4354778528213501,0.4083248972892761,-0.16546329855918884,0.385758638381958,0.42367181181907654,-0.15990979969501495,0.4976600110530853,0.3598264455795288,-0.05747876316308975,0.5534159541130066,0.3027728796005249,-0.1182120069861412,0.5061792135238647,0.4168267250061035,-0.11727554351091385,0.45306241512298584,0.44749391078948975,-0.10120895504951477,0.5595299005508423,0.38045892119407654,-0.02964072860777378,0.6148597002029419,0.27887868881225586,-0.053408220410346985,0.6579037308692932,0.23130522668361664,-0.05695477873086929,0.6932549476623535,0.1650734692811966,-0.05458323657512665,Y
0.42442649602890015,0.717767059803009,-9.14818031105824e-07,0.3079274892807007,0.6075435280799866,-0.10246225446462631,0.20736169815063477,0.4625850021839142,-0.15296028554439545,0.10876217484474182,0.33127859234809875,-0.1908939629793167,0.008410423994064331,0.2754869759082794,-0.21158333122730255,0.3448486328125,0.3352150321006775,-0.09928064048290253,0.42161044478416443,0.261899471282959,-0.14411868155002594,0.40392908453941345,0.38163894414901733,-0.14495442807674408,0.35796254873275757,0.42310893535614014,-0.13317309319972992,0.43885740637779236,0.35388973355293274,-0.06066207215189934,0.5038049817085266,0.2913724184036255,-0.11573372781276703,0.4587829113006592,0.4260639250278473,-0.12325727939605713,0.41129550337791443,0.44135090708732605,-0.11678615212440491,0.5198273658752441,0.38225769996643066,-0.030431052669882774,0.5770319104194641,0.3260206878185272,-0.08546549081802368,0.5245775580406189,0.4403216242790222,-0.08586975187063217,0.47145774960517883,0.46990102529525757,-0.06968821585178375,0.5773451328277588,0.4047737121582031,-0.006050202529877424,0.6354756355285645,0.3035297691822052,-0.023250240832567215,0.6767756938934326,0.25967878103256226,-0.023776624351739883,0.7110764980316162,0.19752183556556702,-0.019348639994859695,Y
0.5115715265274048,0.5739147663116455,-6.613660730181437e-07,0.4324270188808441,0.5112099647521973,-0.03350119665265083,0.3761875033378601,0.42662009596824646,-0.049891818314790726,0.33209723234176636,0.3556179702281952,-0.06517844647169113,0.2841506898403168,0.3226924538612366,-0.0735018327832222,0.4379022717475891,0.3744352161884308,-0.026577334851026535,0.4693372845649719,0.3205548822879791,-0.050466388463974,0.47354137897491455,0.3852960467338562,-0.054876767098903656,0.45502156019210815,0.42186614871025085,-0.05087662488222122,0.4924478232860565,0.3801189959049225,-0.018519755452871323,0.5192686915397644,0.33149880170822144,-0.048507705330848694,0.5085082650184631,0.40858176350593567,-0.055831171572208405,0.4825831353664398,0.4374542832374573,-0.053601767867803574,0.5408074855804443,0.39075788855552673,-0.014259080402553082,0.5679571628570557,0.34572601318359375,-0.042837150394916534,0.5510237812995911,0.41395753622055054,-0.03990806266665459,0.5242688059806824,0.45034992694854736,-0.028292877599596977,0.578026294708252,0.40547630190849304,-0.012099732644855976,0.6047716736793518,0.3429778516292572,-0.020797619596123695,0.6270899176597595,0.31453031301498413,-0.017930546775460243,0.6429785490036011,0.28033339977264404,-0.01316844206303358,Y
0.4903313219547272,0.5852116346359253,-7.958941523611429e-07,0.3858609199523926,0.5176323652267456,-0.0440751351416111,0.3084644377231598,0.41732481122016907,-0.0676509365439415,0.2514549791812897,0.33374539017677307,-0.09090390056371689,0.19225487112998962,0.2926695644855499,-0.10610378533601761,0.39348915219306946,0.34361913800239563,-0.03927859663963318,0.4204692840576172,0.2806863784790039,-0.07437163591384888,0.42821386456489563,0.3624908924102783,-0.08292897045612335,0.4125348925590515,0.4099695384502411,-0.07974272221326828,0.4653981328010559,0.3486829102039337,-0.0318942666053772,0.4883972406387329,0.28672605752944946,-0.07631707936525345,0.4761328101158142,0.382809579372406,-0.0856163501739502,0.4519067406654358,0.4263877272605896,-0.0816621258854866,0.5268436670303345,0.3618128299713135,-0.029999390244483948,0.552984356880188,0.30786365270614624,-0.0711907222867012,0.5297880172729492,0.3927513360977173,-0.06618278473615646,0.5006533265113831,0.44181251525878906,-0.04957723617553711,0.575576663017273,0.38107502460479736,-0.03154182434082031,0.6076751947402954,0.30245867371559143,-0.046758539974689484,0.6330493688583374,0.26134538650512695,-0.043677523732185364,0.6530719995498657,0.21219925582408905,-0.03749411553144455,Y
0.5998986959457397,0.8308781981468201,-3.666119994250039e-07,0.5326231718063354,0.7780497670173645,-0.07182798534631729,0.48157989978790283,0.6895917654037476,-0.11241664737462997,0.4517754316329956,0.6022263765335083,-0.14396141469478607,0.4081113934516907,0.5519523024559021,-0.16499774158000946,0.569396436214447,0.5875548124313354,-0.07412661612033844,0.620690107345581,0.5704247951507568,-0.1050444170832634,0.6174526214599609,0.6405136585235596,-0.1085967868566513,0.5943034291267395,0.6790532469749451,-0.10340660065412521,0.627739667892456,0.5931545495986938,-0.05256763845682144,0.6753267645835876,0.5744026899337769,-0.09160325676202774,0.6546058654785156,0.6527957320213318,-0.09623712301254272,0.6210503578186035,0.684630811214447,-0.08952569961547852,0.6765953302383423,0.6115207076072693,-0.03713256120681763,0.7212235331535339,0.5874190926551819,-0.07477879524230957,0.6983723044395447,0.6512131690979004,-0.07499329000711441,0.6655085682868958,0.6825628876686096,-0.0634203851222992,0.7125321626663208,0.6344339847564697,-0.026804674416780472,0.7561956644058228,0.5783253908157349,-0.044281959533691406,0.7883108854293823,0.5508540272712708,-0.04857955873012543,0.8130608797073364,0.5178208351135254,-0.0473233163356781,Y
0.4458250403404236,0.8385915160179138,-6.461834232140973e-07,0.3458114266395569,0.779927134513855,-0.054227571934461594,0.2713169753551483,0.6888751983642578,-0.08840163797140121,0.2279108762741089,0.6020464301109314,-0.12222526967525482,0.17386052012443542,0.5544404983520508,-0.14675365388393402,0.3718913793563843,0.5787799954414368,-0.04888346418738365,0.3976761996746063,0.5310808420181274,-0.09697011113166809,0.40196382999420166,0.6150678992271423,-0.11377929896116257,0.39116400480270386,0.6720348000526428,-0.1130124107003212,0.44078806042671204,0.5835016369819641,-0.04245572164654732,0.4667516052722931,0.5456206798553467,-0.09927767515182495,0.4546601176261902,0.6398181319236755,-0.1121952086687088,0.4332379996776581,0.6903597712516785,-0.10605622828006744,0.5019830465316772,0.5995553135871887,-0.043841402977705,0.5312800407409668,0.564075231552124,-0.09615807980298996,0.5077577233314514,0.6464316248893738,-0.09623545408248901,0.4786134362220764,0.6938670873641968,-0.07828206568956375,0.5504618287086487,0.623111367225647,-0.049849797040224075,0.5909023284912109,0.5534129738807678,-0.07106693089008331,0.6191135048866272,0.5174296498298645,-0.07072222977876663,0.6411408185958862,0.4745572507381439,-0.06293773651123047,Y
0.6036044359207153,0.8404297828674316,-7.532213999184023e-07,0.48131033778190613,0.7834030389785767,-0.07018956542015076,0.377144992351532,0.6737140417098999,-0.10851480066776276,0.29743140935897827,0.5743013620376587,-0.14502818882465363,0.22408780455589294,0.5271118879318237,-0.1702529489994049,0.4703374207019806,0.5494599938392639,-0.049599502235651016,0.5038235187530518,0.4791290760040283,-0.1025710254907608,0.5214664340019226,0.5727411508560181,-0.1195005476474762,0.5115296840667725,0.6374586224555969,-0.11641628295183182,0.5516726970672607,0.5463666319847107,-0.035528406500816345,0.5837284326553345,0.4818277060985565,-0.10539711266756058,0.5785882472991943,0.5956052541732788,-0.12517164647579193,0.551328182220459,0.6570078730583191,-0.11856604367494583,0.6235871315002441,0.5529457330703735,-0.031209906563162804,0.657132625579834,0.4965397119522095,-0.09774596989154816,0.6394623517990112,0.5973799228668213,-0.10297809541225433,0.6073240041732788,0.6586968898773193,-0.0816817656159401,0.6834456920623779,0.5669482350349426,-0.03180240839719772,0.7238155603408813,0.47391054034233093,-0.05737733840942383,0.7542468309402466,0.4230719804763794,-0.059562865644693375,0.7730530500411987,0.36459147930145264,-0.051674794405698776,Y
0.5329198241233826,0.6136496067047119,-1.1710460512404097e-06,0.40017297863960266,0.529891848564148,-0.05792878568172455,0.3003971576690674,0.39077669382095337,-0.08462721854448318,0.21911537647247314,0.2828570604324341,-0.11118688434362411,0.13655856251716614,0.23358696699142456,-0.12563231587409973,0.40656810998916626,0.2931196987628937,-0.0431293249130249,0.4435233771800995,0.21268615126609802,-0.09246927499771118,0.4461868703365326,0.32509878277778625,-0.10074403136968613,0.4239594340324402,0.3858284056186676,-0.09232956916093826,0.498331218957901,0.30532771348953247,-0.03216245770454407,0.5285742878913879,0.22381073236465454,-0.09711389988660812,0.5056247115135193,0.35163116455078125,-0.10730919241905212,0.4715591073036194,0.40058502554893494,-0.09701986610889435,0.5801382660865784,0.3241443336009979,-0.02969631738960743,0.6152142882347107,0.24950744211673737,-0.09319869428873062,0.5800533890724182,0.3634515404701233,-0.08558950573205948,0.5399847626686096,0.42131122946739197,-0.0586925633251667,0.6464589834213257,0.34595516324043274,-0.030915437266230583,0.6882704496383667,0.24195577204227448,-0.05542692914605141,0.7233951687812805,0.1868389993906021,-0.051952511072158813,0.7519968748092651,0.11713463068008423,-0.04199032112956047,Y
0.5246808528900146,0.7729707956314087,-1.1427256367824157e-06,0.4006442427635193,0.6632710695266724,-0.11927321553230286,0.2874983847141266,0.5041905045509338,-0.18864284455776215,0.1917978823184967,0.3652036786079407,-0.24213847517967224,0.08742415904998779,0.2932458221912384,-0.2756476402282715,0.4494725167751312,0.3587721288204193,-0.16259779036045074,0.5424879193305969,0.28746092319488525,-0.21634125709533691,0.5164492130279541,0.4215988516807556,-0.20643676817417145,0.4574778079986572,0.46024125814437866,-0.18783509731292725,0.5506674647331238,0.3812811076641083,-0.12262570858001709,0.6283687353134155,0.31340351700782776,-0.1795276254415512,0.5703871846199036,0.46960777044296265,-0.16184161603450775,0.5221481919288635,0.47585925459861755,-0.13973687589168549,0.6416453719139099,0.41162288188934326,-0.09122677147388458,0.7118925452232361,0.34409835934638977,-0.1477067768573761,0.6497316360473633,0.47879406809806824,-0.12399288266897202,0.5876136422157288,0.5087257623672485,-0.09534832090139389,0.7100459337234497,0.4350394606590271,-0.06842419505119324,0.776758074760437,0.3162279725074768,-0.10343669354915619,0.8330564498901367,0.26883336901664734,-0.10722815245389938,0.882825493812561,0.19700667262077332,-0.10454335808753967,Y
0.5245615839958191,0.6104687452316284,-4.6235075501499523e-07,0.46734923124313354,0.5545297265052795,-0.03776083141565323,0.42358383536338806,0.47756487131118774,-0.05563917011022568,0.39169323444366455,0.4085305631160736,-0.07085791975259781,0.3553839921951294,0.3722446858882904,-0.07931697368621826,0.4727672040462494,0.4235382080078125,-0.025775538757443428,0.5037494897842407,0.3774135410785675,-0.048123955726623535,0.5062000751495361,0.43427774310112,-0.052927933633327484,0.4904330372810364,0.46700093150138855,-0.04950134456157684,0.5193815231323242,0.42834022641181946,-0.014596891589462757,0.5491664409637451,0.38695576786994934,-0.044231295585632324,0.5375605821609497,0.45406100153923035,-0.053019799292087555,0.5133480429649353,0.48226362466812134,-0.05084369704127312,0.5589630007743835,0.4384996294975281,-0.0076561118476092815,0.5865734219551086,0.4046260416507721,-0.035684481263160706,0.5701121687889099,0.46205848455429077,-0.03589458763599396,0.5450655221939087,0.4928945302963257,-0.02585950307548046,0.5892288684844971,0.4521767795085907,-0.0029841603245586157,0.6151111125946045,0.3999063968658447,-0.011377779766917229,0.6357951760292053,0.37629270553588867,-0.010000941343605518,0.6507453322410583,0.34840676188468933,-0.005814226809889078,Y
0.3458820581436157,0.6818091869354248,-8.93248966349347e-07,0.21195368468761444,0.5889450311660767,-0.11143612116575241,0.09565284848213196,0.4614420235157013,-0.17348206043243408,1.6927719116210938e-05,0.3537675738334656,-0.22351562976837158,-0.0794609785079956,0.30046722292900085,-0.2554280459880829,0.2478041648864746,0.31319302320480347,-0.12495189905166626,0.3212551772594452,0.24788974225521088,-0.17828863859176636,0.3087942600250244,0.3683435320854187,-0.17664377391338348,0.2646004557609558,0.4096071124076843,-0.1604086011648178,0.34116309881210327,0.33053770661354065,-0.08979340642690659,0.4027119278907776,0.2720458507537842,-0.1605057418346405,0.3633727729320526,0.4103947579860687,-0.16908693313598633,0.31404897570610046,0.4358289837837219,-0.15737095475196838,0.4267420470714569,0.35356858372688293,-0.06280022114515305,0.47952672839164734,0.2987772822380066,-0.1294485181570053,0.43039506673812866,0.42330920696258545,-0.12979687750339508,0.3784791827201843,0.45957404375076294,-0.10857965797185898,0.49209344387054443,0.3730694651603699,-0.04240361601114273,0.5462052822113037,0.26933160424232483,-0.06587038934230804,0.590111255645752,0.226870596408844,-0.06488775461912155,0.6277807354927063,0.16258737444877625,-0.05567094683647156,Y
0.5441263318061829,0.8289444446563721,-9.319876994595688e-07,0.4250733256340027,0.75721275806427,-0.08424976468086243,0.332019567489624,0.6379839777946472,-0.13228625059127808,0.27368009090423584,0.525503396987915,-0.17507712543010712,0.20560669898986816,0.4646208584308624,-0.204818993806839,0.4689967632293701,0.5027868151664734,-0.07831195741891861,0.521234929561615,0.48622649908065796,-0.13482394814491272,0.5163489580154419,0.5879787802696228,-0.15009437501430511,0.4927141070365906,0.6554808020591736,-0.1474391222000122,0.5596534609794617,0.5060173869132996,-0.06076020002365112,0.6047128438949585,0.49842461943626404,-0.1345256268978119,0.5728722214698792,0.6099830269813538,-0.15235857665538788,0.5359429121017456,0.6688434481620789,-0.14699792861938477,0.6340877413749695,0.5294598937034607,-0.052818894386291504,0.6830856204032898,0.5163815021514893,-0.12857143580913544,0.6413318514823914,0.6117666959762573,-0.13407354056835175,0.5965079665184021,0.6674090027809143,-0.11331025511026382,0.6912965178489685,0.5627647638320923,-0.050456251949071884,0.7526029348373413,0.4848361909389496,-0.08763114362955093,0.792251467704773,0.4384879767894745,-0.09381183236837387,0.8234275579452515,0.38552260398864746,-0.08763005584478378,Y
0.48779720067977905,0.8446813821792603,-5.598960228780925e-07,0.39034783840179443,0.7898621559143066,-0.05635034665465355,0.32218438386917114,0.6962583661079407,-0.08590134978294373,0.27718210220336914,0.6133888959884644,-0.11403704434633255,0.22510680556297302,0.566047728061676,-0.13411957025527954,0.4211812913417816,0.5934433937072754,-0.02786998637020588,0.45795938372612,0.5663953423500061,-0.06988559663295746,0.4560508131980896,0.6427074074745178,-0.09096240252256393,0.4414757490158081,0.7006312012672424,-0.0936243087053299,0.49173688888549805,0.597316563129425,-0.015891604125499725,0.5269339680671692,0.5709455013275146,-0.07034239172935486,0.5077541470527649,0.6599996089935303,-0.09232855588197708,0.4803479313850403,0.7164432406425476,-0.09052824974060059,0.5511741638183594,0.6126834750175476,-0.012100736610591412,0.585403561592102,0.5873053669929504,-0.06284000724554062,0.5584271550178528,0.6637963652610779,-0.07196318358182907,0.525459349155426,0.7136671543121338,-0.05811306834220886,0.5975975394248962,0.6328421831130981,-0.012219090014696121,0.6412414312362671,0.564806342124939,-0.030066490173339844,0.6700946092605591,0.5267276763916016,-0.03185581788420677,0.6920843720436096,0.48594409227371216,-0.02521519735455513,Y
0.5038098692893982,0.5514410734176636,-6.525983167193772e-07,0.4252675175666809,0.48061591386795044,-0.05104425922036171,0.3649870753288269,0.3845190405845642,-0.08349564671516418,0.31851762533187866,0.2994304895401001,-0.11423090845346451,0.26414185762405396,0.2538738250732422,-0.13698354363441467,0.4603732228279114,0.2924486994743347,-0.03648608550429344,0.5069552063941956,0.2783217430114746,-0.07958055287599564,0.4994332194328308,0.3485705852508545,-0.10285093635320663,0.4778965711593628,0.3957147002220154,-0.10950262099504471,0.5262395739555359,0.3016442358493805,-0.028227245435118675,0.5661764740943909,0.2860463857650757,-0.07806538790464401,0.542518675327301,0.36755892634391785,-0.09527799487113953,0.5129218101501465,0.41326257586479187,-0.09426075220108032,0.5798798203468323,0.3262457549571991,-0.027117760851979256,0.6136095523834229,0.30910059809684753,-0.07490044087171555,0.5850104689598083,0.3792269229888916,-0.07842741906642914,0.5534615516662598,0.4212607741355896,-0.06431640684604645,0.6214112639427185,0.35768556594848633,-0.029444990679621696,0.6679674386978149,0.2992006838321686,-0.048230260610580444,0.700214147567749,0.2666718363761902,-0.04719805344939232,0.7262606620788574,0.2300676703453064,-0.03966734558343887,Y
0.45851585268974304,0.5685772895812988,-5.757227654612507e-07,0.3742094337940216,0.49081385135650635,-0.06140371784567833,0.3190332055091858,0.37556764483451843,-0.09661063551902771,0.2814917266368866,0.27060845494270325,-0.1282016485929489,0.23036906123161316,0.20978465676307678,-0.14979250729084015,0.43126049637794495,0.3071843981742859,-0.047731734812259674,0.4858681857585907,0.2537396252155304,-0.08879157900810242,0.4747026264667511,0.33109229803085327,-0.1024041473865509,0.449158638715744,0.37779784202575684,-0.1018708124756813,0.49653080105781555,0.3222399950027466,-0.0338410921394825,0.5479598045349121,0.2663864493370056,-0.08715732395648956,0.5192679166793823,0.3570720851421356,-0.10007437318563461,0.4859423041343689,0.40198639035224915,-0.09389403462409973,0.551142156124115,0.3449462652206421,-0.02766241692006588,0.5948736071586609,0.3023006021976471,-0.07659173011779785,0.5615349411964417,0.38050422072410583,-0.07740059494972229,0.5245444774627686,0.42164555191993713,-0.060458920896053314,0.5934968590736389,0.3712705373764038,-0.025904154404997826,0.6486917734146118,0.30374962091445923,-0.04508835822343826,0.6881186962127686,0.2721603512763977,-0.0464804470539093,0.7195300459861755,0.2320673167705536,-0.04117889702320099,Y
0.787717878818512,0.833146870136261,-4.2045959958159074e-07,0.7088537216186523,0.7712992429733276,-0.06930191069841385,0.6575947999954224,0.6746179461479187,-0.10841584950685501,0.6204573512077332,0.5858675837516785,-0.14120954275131226,0.5755895972251892,0.528978168964386,-0.16389909386634827,0.7544775605201721,0.5725191235542297,-0.07531128823757172,0.8113471865653992,0.5350187420845032,-0.12045272439718246,0.8057671785354614,0.6187070608139038,-0.13107930123806,0.7821258306503296,0.6716963052749634,-0.12604093551635742,0.8228725790977478,0.5852272510528564,-0.0581074133515358,0.8745737075805664,0.5539981722831726,-0.11169052124023438,0.8504403233528137,0.6485435962677002,-0.12301395833492279,0.815264880657196,0.6938484311103821,-0.11610434204339981,0.8800442814826965,0.6049322485923767,-0.047766927629709244,0.9248355627059937,0.5681118369102478,-0.09504134207963943,0.8939511775970459,0.6498213410377502,-0.09605006873607635,0.8561885356903076,0.693886399269104,-0.08088910579681396,0.9202189445495605,0.627498209476471,-0.042537424713373184,0.964943528175354,0.5629464387893677,-0.06336595863103867,0.9958623647689819,0.5400866866111755,-0.06626474857330322,1.0174487829208374,0.5092654824256897,-0.06153170391917229,Y
0.7931755185127258,0.9177613258361816,-5.395477273850702e-07,0.6996814012527466,0.85707688331604,-0.06275635957717896,0.6245200037956238,0.7603380680084229,-0.09807942062616348,0.5729777216911316,0.668749213218689,-0.1298116147518158,0.5188320875167847,0.6161497831344604,-0.1519886553287506,0.7148117423057556,0.6504690051078796,-0.04973355680704117,0.7607351541519165,0.5996988415718079,-0.09775348752737045,0.7704176306724548,0.6786220669746399,-0.11718323081731796,0.7563706636428833,0.7377024292945862,-0.11776621639728546,0.7849892973899841,0.6521283984184265,-0.036406371742486954,0.8288516998291016,0.6108985543251038,-0.09308632463216782,0.8195672035217285,0.7098013162612915,-0.11052760481834412,0.7889575958251953,0.7620804309844971,-0.10680688917636871,0.8462449908256531,0.6652740240097046,-0.031413935124874115,0.8863273859024048,0.6263709664344788,-0.08633318543434143,0.8719905018806458,0.7146042585372925,-0.08975932002067566,0.8420090675354004,0.7692899703979492,-0.07278981804847717,0.8946818709373474,0.685867190361023,-0.03073871321976185,0.9390929341316223,0.608664870262146,-0.0547824427485466,0.973046064376831,0.5724225044250488,-0.0558687224984169,0.9963704943656921,0.5329271554946899,-0.04847840964794159,Y
0.7372327446937561,0.7640696167945862,7.094888587744208e-07,0.6889967918395996,0.7444736957550049,-0.25994059443473816,0.6370141506195068,0.6649627685546875,-0.39566805958747864,0.6350221037864685,0.551790714263916,-0.4873800575733185,0.6741125583648682,0.4164538085460663,-0.5660393834114075,0.47260743379592896,0.48714932799339294,-0.3212828040122986,0.34536856412887573,0.39305272698402405,-0.4917309284210205,0.27533021569252014,0.3280346095561981,-0.5961154699325562,0.2181515097618103,0.25558269023895264,-0.6561006903648376,0.5605427026748657,0.4669765532016754,-0.24486324191093445,0.589059591293335,0.3658968210220337,-0.4211895167827606,0.641919732093811,0.477359414100647,-0.47135987877845764,0.643511950969696,0.5278023481369019,-0.47797003388404846,0.6682882905006409,0.45282530784606934,-0.19114847481250763,0.7202038168907166,0.37973839044570923,-0.3589431643486023,0.7445647120475769,0.5160776376724243,-0.3515937626361847,0.7241424322128296,0.5647754073143005,-0.3125433623790741,0.7544016242027283,0.42984822392463684,-0.15748479962348938,0.7887078523635864,0.3934308588504791,-0.2639978528022766,0.7972176671028137,0.4934048354625702,-0.25321435928344727,0.7733938694000244,0.5411024689674377,-0.2258717268705368,Z
0.6888676881790161,0.7436059713363647,-4.2684160916905967e-07,0.5981194972991943,0.7004679441452026,-0.036729902029037476,0.5092957615852356,0.6333630084991455,-0.05141548067331314,0.49987298250198364,0.5449105501174927,-0.06478121876716614,0.5378007292747498,0.48119303584098816,-0.07404865324497223,0.44996190071105957,0.5466977953910828,-0.009390508756041527,0.3716600835323334,0.46719682216644287,-0.05320384353399277,0.3231898546218872,0.41050997376441956,-0.08385629206895828,0.28618109226226807,0.35134071111679077,-0.10642164200544357,0.5183419585227966,0.5187543034553528,-0.012390337884426117,0.47721680998802185,0.443554550409317,-0.06840217113494873,0.5043538212776184,0.5225344896316528,-0.08153748512268066,0.5317816734313965,0.5641563534736633,-0.07684639096260071,0.590252161026001,0.5095707774162292,-0.022833194583654404,0.5694639682769775,0.4621347188949585,-0.08474274724721909,0.5830954909324646,0.5500466823577881,-0.06812694668769836,0.5995139479637146,0.5828031301498413,-0.039914581924676895,0.660466194152832,0.5202407836914062,-0.036592040210962296,0.6379920244216919,0.4854642450809479,-0.07477723062038422,0.6411361694335938,0.5494145154953003,-0.05616868659853935,0.6504346132278442,0.5774927139282227,-0.03275565057992935,Z
0.5176693201065063,0.7039347887039185,-7.177197289820469e-07,0.4159964323043823,0.6915894746780396,-0.026029562577605247,0.3125186264514923,0.6362637281417847,-0.04176642745733261,0.29126185178756714,0.5382699370384216,-0.05694717541337013,0.32189857959747314,0.45977964997291565,-0.06597865372896194,0.25081324577331543,0.5245859026908875,-0.018970467150211334,0.1657312661409378,0.44726383686065674,-0.07807896286249161,0.11741583049297333,0.39648765325546265,-0.11272982507944107,0.07479539513587952,0.34008312225341797,-0.1363856941461563,0.319779634475708,0.49291619658470154,-0.02410149574279785,0.26747608184814453,0.4392002820968628,-0.07941091060638428,0.3189375400543213,0.5457873344421387,-0.07032719254493713,0.3527470529079437,0.564711332321167,-0.050926659256219864,0.3922814428806305,0.4785303771495819,-0.03805043175816536,0.3504069149494171,0.43719682097435,-0.10101999342441559,0.3840814530849457,0.5454193353652954,-0.0625084862112999,0.41305267810821533,0.5595431327819824,-0.02199476584792137,0.46536093950271606,0.4792017340660095,-0.05449007824063301,0.42271342873573303,0.462947279214859,-0.10173092782497406,0.43540841341018677,0.543431282043457,-0.08043751865625381,0.4577752351760864,0.5550934672355652,-0.054670583456754684,Z
0.8460274934768677,0.7734609842300415,-7.681589409003209e-07,0.7299155592918396,0.7619451284408569,-0.07511153817176819,0.5999457836151123,0.6731234788894653,-0.12419944256544113,0.5814270973205566,0.5455768704414368,-0.16894929111003876,0.6206414699554443,0.4363747239112854,-0.20243728160858154,0.5334072709083557,0.4832771122455597,-0.07483256608247757,0.4112367630004883,0.3715400993824005,-0.17952847480773926,0.33872419595718384,0.3069863021373749,-0.23510125279426575,0.27710187435150146,0.22490981221199036,-0.2703579068183899,0.6301888823509216,0.44912075996398926,-0.07300534844398499,0.565890371799469,0.407380074262619,-0.1751028299331665,0.6319764256477356,0.5532509684562683,-0.17390841245651245,0.6776736974716187,0.5708775520324707,-0.1539185494184494,0.7349937558174133,0.43961429595947266,-0.08664128929376602,0.6885297894477844,0.41468676924705505,-0.194154292345047,0.7200809717178345,0.5702579617500305,-0.1461484283208847,0.7500789761543274,0.5811291933059692,-0.09193890541791916,0.837333619594574,0.447223961353302,-0.10751806944608688,0.7867960929870605,0.45544010400772095,-0.1791311651468277,0.7934123277664185,0.5678011775016785,-0.15121929347515106,0.8184189796447754,0.5753315687179565,-0.11618492752313614,Z
0.6763414144515991,0.8182307481765747,-1.0830033261299832e-06,0.5361364483833313,0.8062484264373779,-0.07173380255699158,0.37752532958984375,0.7310347557067871,-0.12048845738172531,0.3384973406791687,0.6132635474205017,-0.16808979213237762,0.3870367407798767,0.5010836720466614,-0.20725592970848083,0.3250653147697449,0.5216058492660522,-0.056395240128040314,0.18474087119102478,0.4203697144985199,-0.14128032326698303,0.09587454795837402,0.367981880903244,-0.18934817612171173,0.027363240718841553,0.29647451639175415,-0.22436648607254028,0.4263632297515869,0.478610634803772,-0.06064092367887497,0.33199894428253174,0.445240318775177,-0.15739266574382782,0.40145668387413025,0.5885928273200989,-0.16627509891986847,0.4726586639881134,0.6151375770568848,-0.15527726709842682,0.537198543548584,0.463884562253952,-0.07845030725002289,0.4625106155872345,0.4626005291938782,-0.17580881714820862,0.4953096807003021,0.6104121804237366,-0.13425152003765106,0.5443586111068726,0.6203796863555908,-0.08771899342536926,0.6478595733642578,0.4699454605579376,-0.10427097231149673,0.5674381852149963,0.47810348868370056,-0.16824562847614288,0.5758154988288879,0.5926070213317871,-0.13853032886981964,0.6143394708633423,0.6065817475318909,-0.10494448989629745,Z
0.6237172484397888,0.6407212018966675,-2.146545199366301e-07,0.5308466553688049,0.6338241696357727,-0.0442059226334095,0.4255259037017822,0.5722039937973022,-0.06522894650697708,0.3806031346321106,0.47371041774749756,-0.08262759447097778,0.38269904255867004,0.3881802558898926,-0.09545894712209702,0.3420388400554657,0.47681811451911926,-0.02742726169526577,0.24665412306785583,0.4053226709365845,-0.08245575428009033,0.18930456042289734,0.3566044867038727,-0.1164044737815857,0.13820558786392212,0.30009543895721436,-0.13940417766571045,0.4042706787586212,0.4419911801815033,-0.028372615575790405,0.37842267751693726,0.35099709033966064,-0.08632518351078033,0.4237140417098999,0.42777207493782043,-0.09144234657287598,0.4327976405620575,0.4528316557407379,-0.07994133979082108,0.47772592306137085,0.42747581005096436,-0.037373896688222885,0.4769393503665924,0.3660421669483185,-0.10556120425462723,0.5111277103424072,0.4699579179286957,-0.0783618837594986,0.5149146318435669,0.4981721043586731,-0.041369013488292694,0.5529175996780396,0.42983150482177734,-0.04984378442168236,0.5490551590919495,0.3951830267906189,-0.09684080630540848,0.5633729100227356,0.4746290445327759,-0.07422053813934326,0.5630555748939514,0.49968114495277405,-0.04589743912220001,Z
0.6854415535926819,0.6616907119750977,-5.994081675453344e-08,0.593666672706604,0.6660536527633667,-0.0759153738617897,0.4997161030769348,0.6072396039962769,-0.1015859842300415,0.4754927158355713,0.49630582332611084,-0.11575537174940109,0.4783356189727783,0.40191295742988586,-0.12279964238405228,0.3878867030143738,0.543708860874176,-0.040326084941625595,0.30603712797164917,0.4631751775741577,-0.0877307578921318,0.25846195220947266,0.4042153060436249,-0.11598082631826401,0.21228623390197754,0.3440760672092438,-0.13714340329170227,0.4479674696922302,0.49493327736854553,-0.025016725063323975,0.41916364431381226,0.4158029556274414,-0.08990637958049774,0.4837183952331543,0.48807182908058167,-0.09959184378385544,0.5012770891189575,0.5232524275779724,-0.08760026097297668,0.5179358124732971,0.46645551919937134,-0.020563095808029175,0.5071782469749451,0.40705546736717224,-0.09722701460123062,0.5607411861419678,0.49563300609588623,-0.07700973749160767,0.5610700845718384,0.5206232070922852,-0.04181687906384468,0.5901368856430054,0.45876815915107727,-0.02166926860809326,0.5765966176986694,0.4085540473461151,-0.07881906628608704,0.610767126083374,0.48130276799201965,-0.06396836042404175,0.6106021404266357,0.5075182914733887,-0.03913641348481178,Z
0.849373996257782,0.7432182431221008,-3.5550633015191124e-07,0.7604249119758606,0.7170097231864929,-0.05978335067629814,0.6852168440818787,0.640873372554779,-0.07561688870191574,0.6884139776229858,0.5452736616134644,-0.08213602006435394,0.7115440368652344,0.4722236692905426,-0.08175266534090042,0.5898075103759766,0.5448852181434631,-0.031884364783763885,0.5139854550361633,0.45095622539520264,-0.08105417340993881,0.4724046587944031,0.390536904335022,-0.11129682511091232,0.4354315996170044,0.32697728276252747,-0.1313559114933014,0.6628923416137695,0.5192858576774597,-0.023786377161741257,0.6429280042648315,0.44061607122421265,-0.08263055235147476,0.6756961345672607,0.5280742049217224,-0.09150910377502441,0.684991717338562,0.560753345489502,-0.0813818871974945,0.7388541102409363,0.5121750235557556,-0.02513459138572216,0.7396843433380127,0.45646074414253235,-0.09652697294950485,0.756763219833374,0.5557321906089783,-0.07506345212459564,0.7538995742797852,0.5775978565216064,-0.04078244790434837,0.8101173639297485,0.5239830017089844,-0.03095630556344986,0.8089677691459656,0.484499454498291,-0.08017215877771378,0.8152027726173401,0.560522198677063,-0.05912341549992561,0.809486448764801,0.5851304531097412,-0.031077418476343155,Z
0.8483397364616394,0.847324013710022,-3.3676514021863113e-07,0.7616335153579712,0.807464599609375,-0.04270840063691139,0.6797513365745544,0.7306530475616455,-0.05764785408973694,0.683282196521759,0.6359726786613464,-0.06886273622512817,0.7216908931732178,0.5632728934288025,-0.07522217184305191,0.6049099564552307,0.6269391775131226,-0.013436638750135899,0.5322948694229126,0.5331989526748657,-0.06359395384788513,0.4880935251712799,0.46522256731987,-0.0998239666223526,0.4526870846748352,0.3993673324584961,-0.12555909156799316,0.6797404289245605,0.6061412692070007,-0.013621002435684204,0.6573654413223267,0.5234359502792358,-0.07538380473852158,0.6830407977104187,0.6109668612480164,-0.08987612277269363,0.7039881944656372,0.6542726755142212,-0.0830954909324646,0.7570410370826721,0.6051974892616272,-0.02214808575809002,0.7486381530761719,0.5484965443611145,-0.09336089342832565,0.7596057057380676,0.646598219871521,-0.07521650940179825,0.7734609246253967,0.675080418586731,-0.042367417365312576,0.833074688911438,0.6213130950927734,-0.03372163698077202,0.8206095695495605,0.581251323223114,-0.08122344315052032,0.8168748617172241,0.6555759906768799,-0.06114279478788376,0.8217157125473022,0.6796726584434509,-0.03368507698178291,Z
0.8467732667922974,0.6498981714248657,-7.976279903232353e-08,0.7393629550933838,0.6378403902053833,-0.07238049805164337,0.6399800181388855,0.5739743113517761,-0.09541510045528412,0.616819441318512,0.45090004801750183,-0.10874330252408981,0.6219422221183777,0.3473353385925293,-0.11413959413766861,0.5014092326164246,0.48532798886299133,-0.010628506541252136,0.4133460521697998,0.401927649974823,-0.0531807467341423,0.3583314120769501,0.33655980229377747,-0.07897534221410751,0.31046047806739807,0.27477651834487915,-0.09774118661880493,0.5777880549430847,0.43742987513542175,0.004123295657336712,0.5427997708320618,0.3493989109992981,-0.054125841706991196,0.609871506690979,0.43337640166282654,-0.058227404952049255,0.6273821592330933,0.46753716468811035,-0.03959554806351662,0.661543071269989,0.4129210114479065,0.005746860522776842,0.6499269008636475,0.3509581387042999,-0.0701773390173912,0.7041438221931458,0.45257696509361267,-0.04785111919045448,0.7041816115379333,0.4774456322193146,-0.009119175374507904,0.7459600567817688,0.4105187654495239,0.0020735033322125673,0.731356680393219,0.35396626591682434,-0.054089754819869995,0.7633446455001831,0.4389534592628479,-0.03639127314090729,0.7609441876411438,0.4679711163043976,-0.00865121465176344,Z
0.7229397296905518,0.7123447060585022,-2.8905850513183395e-07,0.6199403405189514,0.7232403755187988,-0.06516231596469879,0.5021914839744568,0.6648280620574951,-0.08536527305841446,0.4745631515979767,0.5416808724403381,-0.09893273562192917,0.48879048228263855,0.4413354694843292,-0.10614286363124847,0.39297816157341003,0.5713323354721069,-0.012542066164314747,0.3112640976905823,0.5011852979660034,-0.04945307970046997,0.26402974128723145,0.44189274311065674,-0.06982841342687607,0.21937447786331177,0.38565194606781006,-0.08755332231521606,0.4562702775001526,0.5199083685874939,-0.0028015959542244673,0.43543028831481934,0.45570510625839233,-0.059742219746112823,0.5093598365783691,0.543574333190918,-0.06222231313586235,0.5294394493103027,0.5804075002670288,-0.045636702328920364,0.5301529765129089,0.49314993619918823,-0.004454018082469702,0.5224047303199768,0.448839396238327,-0.07960345596075058,0.5794419050216675,0.5459399819374084,-0.05489615350961685,0.5876011848449707,0.5722469687461853,-0.01688217930495739,0.6093616485595703,0.4867151081562042,-0.010999687947332859,0.5923551917076111,0.4485225975513458,-0.06905390322208405,0.6278401017189026,0.5238305926322937,-0.05337439477443695,0.6357890367507935,0.5466040372848511,-0.027680756524205208,Z
0.641198992729187,0.670129656791687,-3.3924845865840325e-07,0.5361633896827698,0.6723465919494629,-0.06178860738873482,0.4256274700164795,0.6176372766494751,-0.0746021494269371,0.4007880389690399,0.5031171441078186,-0.08148529380559921,0.41152292490005493,0.41082873940467834,-0.08276371657848358,0.31520968675613403,0.5535969138145447,-0.002121904632076621,0.22670255601406097,0.484636515378952,-0.036072783172130585,0.17805801331996918,0.434510737657547,-0.056840766221284866,0.13054856657981873,0.38271594047546387,-0.07361682504415512,0.3789042830467224,0.5030743479728699,0.007556249387562275,0.3424934446811676,0.4312359690666199,-0.05110357329249382,0.40959540009498596,0.49942779541015625,-0.06252503395080566,0.4343249201774597,0.5356661081314087,-0.05058688297867775,0.44886457920074463,0.47161945700645447,0.006018028128892183,0.4307880699634552,0.4196456968784332,-0.06896954774856567,0.4884849488735199,0.5053675770759583,-0.05586763471364975,0.4977523684501648,0.5313441157341003,-0.023716947063803673,0.5220226049423218,0.4585200548171997,2.8257011308596702e-06,0.5001510381698608,0.4118971526622772,-0.05465874448418617,0.5385908484458923,0.4813920557498932,-0.042417220771312714,0.548381507396698,0.5087930560112,-0.019060645252466202,Z
0.5884914994239807,0.6675122976303101,4.796547159457987e-07,0.4984018802642822,0.6296879053115845,-0.22008343040943146,0.4241132140159607,0.5308762192726135,-0.34134724736213684,0.4119458794593811,0.4174904227256775,-0.42528170347213745,0.44293054938316345,0.2974790930747986,-0.4939950108528137,0.2977881133556366,0.393375426530838,-0.2822319269180298,0.17749786376953125,0.30453574657440186,-0.45730751752853394,0.11671715974807739,0.28018540143966675,-0.5541089177131653,0.06973588466644287,0.24590927362442017,-0.6006307005882263,0.382983922958374,0.38299524784088135,-0.22215570509433746,0.4192050099372864,0.2992015480995178,-0.3976697027683258,0.4829978048801422,0.4137605130672455,-0.429747611284256,0.48580285906791687,0.4589371681213379,-0.4192591607570648,0.48900163173675537,0.3751784861087799,-0.18629011511802673,0.5250904560089111,0.30633360147476196,-0.35483214259147644,0.5545692443847656,0.4342566728591919,-0.3403491973876953,0.5381519198417664,0.46702319383621216,-0.2935832440853119,0.584801435470581,0.35511744022369385,-0.16716893017292023,0.5983681678771973,0.33162349462509155,-0.277124285697937,0.6093393564224243,0.4193494915962219,-0.2711254060268402,0.5861278176307678,0.450732558965683,-0.2446761131286621,Z
0.562308669090271,0.6536716222763062,-3.8259545931396133e-07,0.44871944189071655,0.6568821668624878,-0.05780302733182907,0.334135502576828,0.6084673404693604,-0.07476688921451569,0.29809197783470154,0.4950915575027466,-0.08659975230693817,0.31147637963294983,0.4001891613006592,-0.09193357825279236,0.23426076769828796,0.5346938967704773,-0.0017911526374518871,0.13567407429218292,0.4648340046405792,-0.04179324954748154,0.0871892124414444,0.41130682826042175,-0.0661936104297638,0.036769360303878784,0.3545684218406677,-0.08473510295152664,0.29434865713119507,0.48559877276420593,0.0054861935786902905,0.2462659776210785,0.4139436185359955,-0.05500779300928116,0.31877949833869934,0.4919712543487549,-0.06594235450029373,0.3430232107639313,0.5311249494552612,-0.053750425577163696,0.3657718896865845,0.4559006094932556,0.00222733779810369,0.3393961787223816,0.399565726518631,-0.07387866079807281,0.39980998635292053,0.4944552481174469,-0.05666409805417061,0.4118211269378662,0.5262196063995361,-0.02117690071463585,0.4398810863494873,0.4470595121383667,-0.0049999430775642395,0.41511496901512146,0.4060325622558594,-0.06024783477187157,0.4529026448726654,0.47819483280181885,-0.04639029502868652,0.46439453959465027,0.5060078501701355,-0.021109867841005325,Z
0.7343971729278564,0.6479003429412842,1.576331065678005e-08,0.6267396807670593,0.6293713450431824,-0.07143505662679672,0.532242476940155,0.5609681010246277,-0.08838532119989395,0.5125600099563599,0.4455086588859558,-0.09551585465669632,0.5168143510818481,0.34727513790130615,-0.09720516949892044,0.41520997881889343,0.49857908487319946,-0.007710468489676714,0.32661712169647217,0.42131224274635315,-0.034173280000686646,0.2722192108631134,0.35985398292541504,-0.05224743112921715,0.22298216819763184,0.30459487438201904,-0.06727245450019836,0.4816930890083313,0.44728872179985046,0.008588794618844986,0.43005257844924927,0.3554375171661377,-0.034541018307209015,0.48302915692329407,0.41600286960601807,-0.042773064225912094,0.5101973414421082,0.4545067548751831,-0.030726511031389236,0.5581748485565186,0.4196784794330597,0.01389488484710455,0.5344786643981934,0.35376614332199097,-0.04779011756181717,0.5797807574272156,0.44173142313957214,-0.035027481615543365,0.5899806022644043,0.47512051463127136,-0.005332024767994881,0.6337000131607056,0.41395652294158936,0.013937490060925484,0.6088914275169373,0.3580867648124695,-0.03487643599510193,0.6388399600982666,0.4313238859176636,-0.021636588498950005,0.647530198097229,0.4655369520187378,0.002134985290467739,Z
0.6886096000671387,0.6215583682060242,-3.9738188206683844e-07,0.5829246640205383,0.6202009916305542,-0.028143109753727913,0.4682389497756958,0.5517928600311279,-0.04184136167168617,0.42179733514785767,0.44634759426116943,-0.054475631564855576,0.42866045236587524,0.3601694405078888,-0.06410100311040878,0.41236501932144165,0.44595545530319214,-0.011195249855518341,0.32116377353668213,0.3746280074119568,-0.06313022971153259,0.25878748297691345,0.31873875856399536,-0.09084246307611465,0.20978882908821106,0.26302942633628845,-0.10848421603441238,0.483864963054657,0.4112970530986786,-0.014726621098816395,0.42982158064842224,0.32518270611763,-0.06534230709075928,0.48112764954566956,0.43244683742523193,-0.05224352702498436,0.5185524821281433,0.46097224950790405,-0.024493476375937462,0.5616845488548279,0.3960666060447693,-0.027024170383810997,0.5222181081771851,0.3347349464893341,-0.08806349337100983,0.5567669868469238,0.44734543561935425,-0.050824444741010666,0.5832684636116028,0.46547001600265503,-0.006860588677227497,0.6409143209457397,0.3924897015094757,-0.04138772189617157,0.6052747368812561,0.3653433322906494,-0.08362185209989548,0.6170930862426758,0.449948787689209,-0.05867265909910202,0.6349660754203796,0.4678862690925598,-0.028953073546290398,Z
0.5791440606117249,0.6655853986740112,-4.6192590730242955e-07,0.47569435834884644,0.6809735298156738,-0.02449730969965458,0.3527812361717224,0.6212683916091919,-0.03998231515288353,0.3093053698539734,0.5255508422851562,-0.05510646849870682,0.3288987874984741,0.4461219608783722,-0.06778040528297424,0.31913885474205017,0.5089219808578491,-0.01871531642973423,0.23242755234241486,0.4309118092060089,-0.06891842186450958,0.17555859684944153,0.3717588484287262,-0.10212374478578568,0.13032189011573792,0.31982871890068054,-0.12647224962711334,0.38732948899269104,0.47594526410102844,-0.02675655484199524,0.3347506821155548,0.41494864225387573,-0.08239170908927917,0.3809047341346741,0.5082504153251648,-0.08260273933410645,0.41957607865333557,0.5453623533248901,-0.06817300617694855,0.45927342772483826,0.4644815921783447,-0.041155941784381866,0.4162820875644684,0.41279083490371704,-0.10048134624958038,0.44766926765441895,0.5126784443855286,-0.06776124984025955,0.4787347912788391,0.5417112112045288,-0.0307165514677763,0.5364224314689636,0.4666508734226227,-0.05764289200305939,0.49369072914123535,0.4394548535346985,-0.10223382711410522,0.5052189826965332,0.5215631127357483,-0.08004606515169144,0.5277681350708008,0.5480359792709351,-0.0534905344247818,Z
0.6802951693534851,0.7042758464813232,3.6097284805691743e-07,0.58925861120224,0.6742278337478638,-0.24100007116794586,0.5145106315612793,0.5712386965751648,-0.3739049732685089,0.499386191368103,0.44561368227005005,-0.46337759494781494,0.5372963547706604,0.3128974735736847,-0.5397651195526123,0.3910531997680664,0.41766494512557983,-0.337856650352478,0.2586345672607422,0.3120937943458557,-0.518775224685669,0.1978127658367157,0.29338064789772034,-0.6185210347175598,0.14819619059562683,0.268179327249527,-0.6685814261436462,0.4875420331954956,0.3959669768810272,-0.2703258991241455,0.5167927145957947,0.29745009541511536,-0.45128896832466125,0.571618378162384,0.4291725158691406,-0.48668304085731506,0.5669162273406982,0.48885589838027954,-0.4829503297805786,0.5979195237159729,0.3803568482398987,-0.224472314119339,0.6317984461784363,0.30579596757888794,-0.39550966024398804,0.6547224521636963,0.4472057819366455,-0.37870222330093384,0.6370491981506348,0.5004807710647583,-0.33388519287109375,0.6878502368927002,0.36418354511260986,-0.19651812314987183,0.6913924813270569,0.32926157116889954,-0.31304672360420227,0.7007684111595154,0.425828218460083,-0.3062484562397003,0.679185152053833,0.47430533170700073,-0.2804925739765167,Z
0.7053451538085938,0.7339397668838501,5.588765361608239e-07,0.6230897307395935,0.7066967487335205,-0.26219120621681213,0.5561195015907288,0.6053900718688965,-0.4080356955528259,0.5555728077888489,0.4743090569972992,-0.505139172077179,0.6078468561172485,0.3336513638496399,-0.5876940488815308,0.4121641516685486,0.43438443541526794,-0.35382091999053955,0.2782808244228363,0.3298552930355072,-0.5282474160194397,0.2083476483821869,0.2846372723579407,-0.6165088415145874,0.15801528096199036,0.2296106368303299,-0.6598652601242065,0.5118944644927979,0.41243675351142883,-0.2734808921813965,0.5620453357696533,0.3167443573474884,-0.43877264857292175,0.6192938685417175,0.4655067026615143,-0.4439752995967865,0.6160839796066284,0.5194013118743896,-0.41797977685928345,0.6296301484107971,0.40165746212005615,-0.21748118102550507,0.6852288246154785,0.32750260829925537,-0.3766268789768219,0.7002953290939331,0.4818043112754822,-0.33420291543006897,0.6717143058776855,0.5224648714065552,-0.2742498815059662,0.7234998941421509,0.3858593702316284,-0.18208111822605133,0.744713544845581,0.36209192872047424,-0.28572753071784973,0.7457779049873352,0.4701482057571411,-0.2621036171913147,0.7127577066421509,0.5098256468772888,-0.2259923815727234,Z
0.8817687630653381,0.6644942164421082,-2.294597294394407e-07,0.7647136449813843,0.660372257232666,-0.07194744795560837,0.6484977602958679,0.5884926319122314,-0.09244129061698914,0.6208819150924683,0.45683273673057556,-0.10398177802562714,0.6264917850494385,0.35043230652809143,-0.10859451442956924,0.5273329019546509,0.5065699815750122,-0.012562301009893417,0.4354284405708313,0.4218593239784241,-0.052433863282203674,0.38045260310173035,0.3547721803188324,-0.07668422907590866,0.3300214409828186,0.2904938757419586,-0.09610629081726074,0.5995821952819824,0.4542343020439148,0.00025882796035148203,0.5576075315475464,0.3636339008808136,-0.05923246219754219,0.6318306922912598,0.4455268383026123,-0.06598304212093353,0.660980224609375,0.4875534474849701,-0.04991080239415169,0.6833162903785706,0.4250933527946472,0.000864122761413455,0.6636772751808167,0.3567245602607727,-0.07768242806196213,0.7235666513442993,0.4578001797199249,-0.05663398653268814,0.7345901727676392,0.48919880390167236,-0.018567632883787155,0.7721697092056274,0.4172690510749817,-0.0036778789944946766,0.7476130723953247,0.3563147485256195,-0.0640641525387764,0.7842108011245728,0.44190269708633423,-0.04810396954417229,0.793537437915802,0.4762164354324341,-0.02113640122115612,Z
0.7404530644416809,0.6616839170455933,-1.8279708058344113e-07,0.6312463283538818,0.6597318053245544,-0.06653664261102676,0.5221313834190369,0.5982474088668823,-0.08524936437606812,0.4929335415363312,0.4777851998806,-0.09640113264322281,0.5016669034957886,0.3768237829208374,-0.10285777598619461,0.4072321057319641,0.5343154668807983,-0.015035293065011501,0.3117731213569641,0.45742738246917725,-0.04884466156363487,0.2565075159072876,0.39747291803359985,-0.06865636259317398,0.2030477523803711,0.34002208709716797,-0.08535616099834442,0.47032514214515686,0.4810121953487396,-0.004900973290205002,0.42022114992141724,0.3902551531791687,-0.05947958678007126,0.48939335346221924,0.4601803719997406,-0.06806231290102005,0.5164522528648376,0.5015856027603149,-0.05542583018541336,0.5469655990600586,0.44874438643455505,-0.004899505525827408,0.5252241492271423,0.3860166370868683,-0.07957816123962402,0.5850160717964172,0.48062393069267273,-0.06204449385404587,0.5962892174720764,0.5166351199150085,-0.027419498190283775,0.6281247138977051,0.4386501610279083,-0.009298720397055149,0.6000838279724121,0.3828184902667999,-0.06749648600816727,0.6394745707511902,0.46050798892974854,-0.05241001024842262,0.6505191326141357,0.49747082591056824,-0.026691585779190063,Z
0.7975084781646729,0.7058335542678833,1.9948507201661414e-07,0.7072538137435913,0.6857825517654419,-0.20429426431655884,0.6252196431159973,0.6131560802459717,-0.3142848014831543,0.6190382838249207,0.4820447266101837,-0.387523889541626,0.6491992473602295,0.33743947744369507,-0.44685983657836914,0.4437597393989563,0.4311097264289856,-0.28172755241394043,0.30678460001945496,0.3098636269569397,-0.4482141435146332,0.2156522274017334,0.22108805179595947,-0.5508862733840942,0.13341718912124634,0.13458484411239624,-0.6137346625328064,0.551654040813446,0.3743494153022766,-0.23024263978004456,0.5653324127197266,0.25819647312164307,-0.38928985595703125,0.6459937691688538,0.40239518880844116,-0.4170388877391815,0.671334981918335,0.48100951313972473,-0.4113451838493347,0.6772013902664185,0.3454814851284027,-0.19756457209587097,0.7285707592964172,0.298645943403244,-0.35462304949760437,0.7633829116821289,0.4570654034614563,-0.322701632976532,0.7478038668632507,0.5155822038650513,-0.2691618800163269,0.782559335231781,0.3324146270751953,-0.18066750466823578,0.8141109347343445,0.31312671303749084,-0.28212007880210876,0.8295037746429443,0.4307226836681366,-0.2537928819656372,0.8130723834037781,0.4808017611503601,-0.21351386606693268,Z
0.7176832556724548,0.6851257085800171,3.150816496599873e-07,0.6280631422996521,0.666212797164917,-0.2062637209892273,0.5567491054534912,0.5881701707839966,-0.32655107975006104,0.550550103187561,0.4657769203186035,-0.413097083568573,0.5858525037765503,0.32756078243255615,-0.48713940382003784,0.4062807559967041,0.42184269428253174,-0.28541991114616394,0.27084559202194214,0.32955658435821533,-0.4553740322589874,0.2003982663154602,0.2781064212322235,-0.550110936164856,0.14108064770698547,0.21405474841594696,-0.6016832590103149,0.4967334270477295,0.384763240814209,-0.23433740437030792,0.49468374252319336,0.2723674178123474,-0.39258241653442383,0.5653986930847168,0.4032326638698578,-0.40961596369743347,0.5791060924530029,0.4553035795688629,-0.3944103419780731,0.6084528565406799,0.3619716763496399,-0.2042817622423172,0.6366013884544373,0.29562270641326904,-0.3605640232563019,0.6709825396537781,0.45360153913497925,-0.32423973083496094,0.6582856178283691,0.4958283305168152,-0.2675667107105255,0.7036663889884949,0.3423953652381897,-0.19064348936080933,0.7252053022384644,0.32643693685531616,-0.28964686393737793,0.7395443320274353,0.43492013216018677,-0.2659931778907776,0.7229634523391724,0.46921420097351074,-0.23045380413532257,Z
0.7932151556015015,0.7205436825752258,-4.862488935941656e-07,0.675108790397644,0.7035096883773804,-0.054954469203948975,0.5780739784240723,0.636124312877655,-0.07731842994689941,0.5303550362586975,0.5391448736190796,-0.09205511957406998,0.49125605821609497,0.4545637369155884,-0.09922315925359726,0.4762713313102722,0.49966391921043396,-0.06225718557834625,0.36100849509239197,0.41489800810813904,-0.13823795318603516,0.29443949460983276,0.360560804605484,-0.19275037944316864,0.23480015993118286,0.3046839237213135,-0.2310691624879837,0.562742292881012,0.455181747674942,-0.06211880221962929,0.5112673044204712,0.3701315224170685,-0.13732680678367615,0.5839682221412659,0.47344672679901123,-0.1537686586380005,0.6196462512016296,0.5199699401855469,-0.15176503360271454,0.6554731726646423,0.43802252411842346,-0.06970434635877609,0.6322146058082581,0.3935428261756897,-0.14057765901088715,0.6740952134132385,0.5104228258132935,-0.11194564402103424,0.6833671927452087,0.5438568592071533,-0.07841776311397552,0.7437788248062134,0.4456179440021515,-0.08312216401100159,0.7305099368095398,0.43198326230049133,-0.12702368199825287,0.7397257089614868,0.5122854113578796,-0.0998898297548294,0.7347098588943481,0.5372239351272583,-0.07103179395198822,Z
0.5887598395347595,0.6458223462104797,-1.7937631469067128e-07,0.4730994403362274,0.6247609257698059,-0.06671714782714844,0.3641268312931061,0.5720083713531494,-0.08619188517332077,0.33245566487312317,0.45895299315452576,-0.09977227449417114,0.33710968494415283,0.36577674746513367,-0.10640041530132294,0.25927823781967163,0.5144603848457336,-0.000668244669213891,0.15812863409519196,0.43669450283050537,-0.04088777303695679,0.1053617000579834,0.3806772828102112,-0.06871555000543594,0.05267536640167236,0.3225480914115906,-0.08929470926523209,0.3257750868797302,0.4695097804069519,0.009673397056758404,0.27481305599212646,0.38449883460998535,-0.05832705274224281,0.33840227127075195,0.45040231943130493,-0.08066389709711075,0.3648696541786194,0.49011796712875366,-0.07436250895261765,0.39957496523857117,0.43948063254356384,0.008766836486756802,0.3700522780418396,0.37278157472610474,-0.07295797765254974,0.4251037538051605,0.4604218304157257,-0.06518019735813141,0.4374406635761261,0.4967021942138672,-0.033318497240543365,0.4729277491569519,0.42788514494895935,0.0030193286947906017,0.44341427087783813,0.3744797110557556,-0.05417412146925926,0.4771009087562561,0.4440341591835022,-0.04335413873195648,0.4871212840080261,0.4790734648704529,-0.018803520128130913,Z
0.6330331563949585,0.705884575843811,-4.7157510607576114e-07,0.5339050889015198,0.735008955001831,-0.0537649467587471,0.39895308017730713,0.6761454343795776,-0.07364984601736069,0.3686782419681549,0.5435612797737122,-0.09006677567958832,0.3985344171524048,0.4420500695705414,-0.10063953697681427,0.30191570520401,0.5684790015220642,-0.00937341433018446,0.21720239520072937,0.5035739541053772,-0.041529715061187744,0.1657441407442093,0.44142788648605347,-0.061301153153181076,0.11736345291137695,0.3887563645839691,-0.0829128846526146,0.36709439754486084,0.5115736126899719,-0.0037176506593823433,0.33012276887893677,0.4610332250595093,-0.05376525595784187,0.411893367767334,0.5528399348258972,-0.052396077662706375,0.4403393566608429,0.589142382144928,-0.03854689002037048,0.43903496861457825,0.4841723144054413,-0.0074813044629991055,0.4196547567844391,0.4483678936958313,-0.07053592056035995,0.47994720935821533,0.5464937686920166,-0.03604407608509064,0.5008893013000488,0.5830053091049194,0.0018498195568099618,0.5210418701171875,0.47415903210639954,-0.016307419165968895,0.49455276131629944,0.4449354112148285,-0.06780030578374863,0.5310194492340088,0.5199431777000427,-0.050765931606292725,0.5472705960273743,0.5468307137489319,-0.028122732415795326,Z
0.6726362705230713,0.789997935295105,-5.871339112673013e-07,0.5689862966537476,0.7733054161071777,-0.023518206551671028,0.46731996536254883,0.7055213451385498,-0.03484749794006348,0.4492569863796234,0.6025545597076416,-0.0464855395257473,0.4772529602050781,0.5211598873138428,-0.0553063303232193,0.4108848571777344,0.5990088582038879,-0.007536367978900671,0.32215797901153564,0.5225690007209778,-0.0594547875225544,0.26331567764282227,0.46359261870384216,-0.09511356800794601,0.21447697281837463,0.4062100350856781,-0.12164774537086487,0.4821237027645111,0.566372275352478,-0.014405760914087296,0.42602255940437317,0.4976246953010559,-0.07059066742658615,0.4703792929649353,0.5924316644668579,-0.07329819351434708,0.5101829767227173,0.6260503530502319,-0.06130146235227585,0.5556484460830688,0.5539171099662781,-0.028778254985809326,0.5129494667053223,0.49955302476882935,-0.09442133456468582,0.5434496402740479,0.6066555380821228,-0.06687083095312119,0.5771191716194153,0.6325420141220093,-0.03204184025526047,0.6317604780197144,0.5577219128608704,-0.04486576467752457,0.5871816873550415,0.5344793796539307,-0.09331988543272018,0.5979699492454529,0.6158487796783447,-0.07536350190639496,0.6233344674110413,0.6337300539016724,-0.051848575472831726,Z
0.615487813949585,0.7497063279151917,-7.995478767952591e-07,0.515906572341919,0.7368718385696411,-0.023769237101078033,0.4177474081516266,0.6627693772315979,-0.019527914002537727,0.39833879470825195,0.5623297691345215,-0.010540329851210117,0.4156835377216339,0.4881080985069275,0.0032208736520260572,0.35379189252853394,0.5619580149650574,-0.013893931172788143,0.27410268783569336,0.47754383087158203,-0.06425017863512039,0.22722870111465454,0.42154985666275024,-0.09768897294998169,0.18305039405822754,0.36208999156951904,-0.12142516672611237,0.42330917716026306,0.5365647673606873,-0.016408700495958328,0.3844362795352936,0.4588932693004608,-0.06680582463741302,0.43153631687164307,0.5553159117698669,-0.06586110591888428,0.457750141620636,0.5892813205718994,-0.05257448926568031,0.49599936604499817,0.5266017913818359,-0.026352936401963234,0.47394776344299316,0.46930909156799316,-0.0906878188252449,0.5033250451087952,0.5754092931747437,-0.06355271488428116,0.5196309685707092,0.59881192445755,-0.02904418855905533,0.5696404576301575,0.5314284563064575,-0.03768644854426384,0.5463428497314453,0.4991198480129242,-0.09015632420778275,0.5564703941345215,0.5792423486709595,-0.07472946494817734,0.5652661323547363,0.6014071106910706,-0.052593398839235306,Z
0.700569748878479,0.6777646541595459,-3.6949879245185e-07,0.6028211712837219,0.6614035367965698,-0.033705566078424454,0.5064194202423096,0.5959758162498474,-0.04354614019393921,0.4755386412143707,0.5012743473052979,-0.04990914463996887,0.4789670705795288,0.4250372648239136,-0.05186018347740173,0.4324090778827667,0.5091646909713745,-0.016052979975938797,0.344472199678421,0.4366414248943329,-0.06474804878234863,0.2952018976211548,0.3815840184688568,-0.09422250837087631,0.25108736753463745,0.3282267451286316,-0.11242692172527313,0.4969337284564972,0.4829515516757965,-0.01677548885345459,0.47878298163414,0.3943847119808197,-0.07162578403949738,0.5278920531272888,0.4865034818649292,-0.0731864720582962,0.537919819355011,0.5241490602493286,-0.05689598247408867,0.5703844428062439,0.46950432658195496,-0.02454945258796215,0.5661978721618652,0.4020063281059265,-0.09046421200037003,0.5967099070549011,0.5044494867324829,-0.06256967037916183,0.5968161225318909,0.537848711013794,-0.02410254068672657,0.6416938304901123,0.469705194234848,-0.03435978665947914,0.6375075578689575,0.43234723806381226,-0.08048106729984283,0.6492154598236084,0.5107262134552002,-0.057477910071611404,0.646318793296814,0.5394064784049988,-0.028089510276913643,Z
0.7833983302116394,0.7248179316520691,-6.140074759741765e-08,0.6885688304901123,0.7118456959724426,-0.05625396594405174,0.5955106019973755,0.6442906260490417,-0.08011063188314438,0.571165144443512,0.5408581495285034,-0.09722184389829636,0.5787904262542725,0.4575694501399994,-0.10952763259410858,0.521703839302063,0.5460389256477356,-0.033071115612983704,0.43373191356658936,0.47003185749053955,-0.08604824542999268,0.3797631561756134,0.41389960050582886,-0.11710239946842194,0.333844929933548,0.3570397198200226,-0.13644000887870789,0.5888005495071411,0.5193023085594177,-0.02685861475765705,0.5716687440872192,0.42816808819770813,-0.08651022613048553,0.610576331615448,0.5154967904090881,-0.09098044782876968,0.6185558438301086,0.5457059741020203,-0.07581664621829987,0.6630998849868774,0.5111019611358643,-0.029397042468190193,0.6648402810096741,0.4459821879863739,-0.09983232617378235,0.6878314018249512,0.5499777793884277,-0.07311995327472687,0.6860800385475159,0.577775239944458,-0.03407714515924454,0.7346599698066711,0.5175222158432007,-0.03597334399819374,0.7336165904998779,0.4828376770019531,-0.08407697826623917,0.7401766777038574,0.5597571730613708,-0.06099361926317215,0.7351990938186646,0.5830309391021729,-0.03029518388211727,Z
